Date;RVN;RFN Gov;RFN Corp;RVE DM;RVE EM;RFE Glb IG;RFE EM USD;RFE Glb HY;AA PE;AA Otros;AFP_A
02-01-03;-0.19%;0.24%;0.14%;0.87%;0.91%;0.87%;0.87%;0.87%;0.87%;0.87%;0.39%
03-01-03;0.24%;-0.02%;-0.01%;2.41%;0.71%;-0.47%;0.00%;0.20%;0.02%;0.02%;0.04%
04-01-03;0.00%;0.00%;0.00%;0.32%;1.99%;-0.01%;0.25%;0.36%;0.00%;0.00%;0.00%
05-01-03;0.00%;0.00%;0.00%;0.00%;0.00%;0.00%;0.00%;0.00%;0.00%;0.00%;0.00%
06-01-03;0.39%;-0.26%;-0.06%;-0.41%;-0.41%;-0.41%;-0.41%;-0.41%;-0.41%;-0.41%;0.58%
07-01-03;-0.19%;0.03%;0.19%;1.11%;0.36%;-0.74%;-0.22%;-0.08%;-0.78%;-0.78%;0.43%
08-01-03;-0.47%;0.34%;0.23%;-0.44%;-0.20%;0.61%;0.69%;0.57%;0.45%;0.45%;0.78%
09-01-03;0.65%;-0.11%;-0.27%;-2.11%;-0.35%;-0.40%;-0.28%;-0.66%;-0.59%;-0.59%;-0.51%
10-01-03;0.51%;0.33%;0.31%;1.92%;0.13%;0.08%;0.64%;0.09%;0.36%;0.36%;-0.29%
11-01-03;0.00%;0.00%;0.00%;0.27%;0.48%;0.05%;0.32%;0.33%;0.00%;0.00%;0.00%
12-01-03;0.00%;0.00%;0.00%;0.00%;0.00%;0.00%;0.00%;0.00%;0.00%;0.00%;0.00%
13-01-03;0.08%;0.09%;0.13%;0.19%;0.19%;0.19%;0.19%;0.19%;0.19%;0.19%;0.62%
14-01-03;-0.09%;0.00%;0.09%;-0.30%;1.08%;-0.28%;0.08%;0.16%;-0.33%;-0.33%;0.35%
15-01-03;-0.14%;0.08%;-0.05%;0.99%;0.43%;0.38%;0.94%;0.36%;0.26%;0.26%;0.35%
16-01-03;-0.34%;0.21%;0.27%;-0.53%;0.74%;0.69%;0.75%;0.26%;0.61%;0.61%;0.28%
17-01-03;-0.12%;0.20%;-0.15%;0.23%;-0.14%;0.52%;0.57%;0.63%;0.51%;0.51%;0.00%
18-01-03;0.00%;0.00%;0.00%;-1.24%;-1.33%;0.23%;0.04%;-0.22%;0.00%;0.00%;0.00%
19-01-03;0.00%;0.00%;0.00%;0.00%;0.00%;0.00%;0.00%;0.00%;0.00%;0.00%;0.00%
20-01-03;0.06%;0.26%;0.21%;0.83%;0.83%;0.83%;0.83%;0.83%;0.83%;0.83%;-0.05%
21-01-03;-0.61%;-0.06%;-0.10%;-0.65%;-0.51%;-0.09%;-0.14%;-0.15%;-0.15%;-0.15%;-0.65%
22-01-03;-0.16%;0.07%;0.00%;-0.98%;-0.70%;0.22%;-0.01%;-0.41%;0.14%;0.14%;-0.13%
23-01-03;0.03%;0.04%;-0.21%;-0.30%;0.05%;0.94%;0.82%;0.72%;0.82%;0.82%;-0.24%
24-01-03;-0.32%;-0.35%;0.35%;0.26%;0.08%;-0.50%;-0.25%;-0.08%;-0.49%;-0.49%;-0.72%
25-01-03;0.00%;0.00%;0.00%;-1.89%;-1.30%;0.18%;-0.07%;-0.55%;0.00%;0.00%;0.00%
26-01-03;0.00%;0.00%;0.00%;0.00%;0.00%;0.00%;0.00%;0.00%;0.00%;0.00%;0.00%
27-01-03;-0.73%;0.42%;-0.26%;0.74%;0.74%;0.74%;0.74%;0.74%;0.74%;0.74%;0.42%
28-01-03;0.10%;0.02%;-0.25%;-1.71%;-1.28%;0.44%;0.48%;0.67%;0.47%;0.47%;-0.63%
29-01-03;-0.27%;0.09%;-0.13%;0.58%;0.38%;-0.15%;-0.03%;0.13%;-0.10%;-0.10%;-1.07%
30-01-03;0.27%;0.01%;0.15%;0.72%;-0.15%;0.19%;0.40%;0.58%;0.24%;0.24%;-0.01%
31-01-03;0.58%;-0.17%;-0.29%;-1.59%;-0.31%;-0.61%;-0.68%;-0.59%;-0.61%;-0.61%;-0.25%
01-02-03;0.00%;0.00%;0.00%;0.66%;0.20%;0.05%;-0.02%;0.32%;0.00%;0.00%;0.00%
02-02-03;0.00%;0.00%;0.00%;0.00%;0.00%;0.00%;0.00%;0.00%;0.00%;0.00%;0.00%
03-02-03;0.12%;-0.11%;0.07%;0.25%;0.25%;0.25%;0.25%;0.25%;0.25%;0.25%;0.31%
04-02-03;0.07%;0.06%;-0.05%;0.50%;0.09%;-0.42%;-0.26%;-0.16%;-0.42%;-0.42%;0.26%
05-02-03;0.37%;0.50%;0.14%;-0.52%;0.68%;0.95%;0.90%;0.58%;0.78%;0.78%;0.84%
06-02-03;0.16%;0.06%;-0.05%;0.89%;0.75%;0.66%;0.76%;0.88%;0.78%;0.78%;0.04%
07-02-03;0.30%;-0.20%;-0.04%;-1.28%;-1.47%;-0.10%;-0.14%;-0.17%;-0.21%;-0.21%;0.01%
08-02-03;0.00%;0.00%;0.00%;-0.92%;-1.12%;0.13%;-0.03%;0.13%;0.00%;0.00%;0.00%
09-02-03;0.00%;0.00%;0.00%;0.00%;0.00%;0.00%;0.00%;0.00%;0.00%;0.00%;0.00%
10-02-03;0.03%;-0.05%;0.03%;-0.22%;-0.22%;-0.22%;-0.22%;-0.22%;-0.22%;-0.22%;-0.62%
11-02-03;0.27%;0.08%;-0.07%;0.31%;-0.61%;0.18%;0.22%;0.50%;0.23%;0.23%;-0.10%
12-02-03;0.06%;0.07%;-0.04%;-0.01%;0.34%;0.02%;-0.03%;0.01%;-0.02%;-0.02%;-0.08%
13-02-03;-0.27%;-0.10%;-0.35%;-0.51%;0.94%;0.69%;0.48%;0.57%;0.54%;0.54%;0.31%
14-02-03;-0.06%;-0.15%;-0.01%;0.20%;-1.31%;0.38%;0.23%;0.17%;0.24%;0.24%;-0.18%
15-02-03;0.00%;0.00%;0.00%;1.58%;-0.04%;-0.17%;-0.41%;0.06%;0.00%;0.00%;0.00%
16-02-03;0.00%;0.00%;0.00%;0.00%;0.00%;0.00%;0.00%;0.00%;0.00%;0.00%;0.00%
17-02-03;-0.15%;-0.12%;0.28%;-0.13%;-0.13%;-0.13%;-0.13%;-0.13%;-0.13%;-0.13%;-0.30%
18-02-03;0.00%;0.09%;0.21%;-0.26%;1.74%;-0.80%;-0.83%;-0.77%;-0.77%;-0.77%;-0.26%
19-02-03;-0.23%;0.26%;0.30%;1.05%;-0.07%;-0.24%;-0.06%;0.23%;-0.26%;-0.26%;0.23%
20-02-03;0.03%;0.12%;-0.01%;-0.39%;0.00%;0.72%;0.67%;0.62%;0.49%;0.49%;0.90%
21-02-03;0.13%;-0.02%;-0.02%;-0.15%;0.61%;0.50%;0.65%;0.56%;0.38%;0.38%;-0.11%
22-02-03;0.00%;0.00%;0.00%;0.85%;0.27%;-0.10%;0.14%;0.33%;0.00%;0.00%;0.00%
23-02-03;0.00%;0.00%;0.00%;0.00%;0.00%;0.00%;0.00%;0.00%;0.00%;0.00%;0.00%
24-02-03;-0.25%;0.10%;-0.11%;0.35%;0.35%;0.36%;0.35%;0.35%;0.35%;0.35%;-0.07%
25-02-03;-0.16%;0.19%;0.02%;-1.00%;0.78%;0.54%;0.62%;0.84%;0.36%;0.36%;0.29%
26-02-03;-0.01%;0.21%;0.31%;-0.30%;-1.52%;0.52%;0.53%;0.51%;0.42%;0.42%;-0.29%
27-02-03;0.22%;0.05%;0.01%;-1.01%;-0.47%;-0.20%;-0.06%;-0.03%;-0.22%;-0.22%;-0.56%
28-02-03;0.63%;0.16%;0.25%;0.72%;0.02%;-0.07%;0.09%;0.04%;0.00%;0.00%;-0.21%
01-03-03;0.00%;0.00%;0.00%;0.81%;-0.11%;0.21%;0.69%;0.53%;0.00%;0.00%;0.00%
02-03-03;0.00%;0.00%;0.00%;0.00%;0.00%;0.00%;0.00%;0.00%;0.00%;0.00%;0.00%
03-03-03;0.24%;-0.13%;0.02%;-0.43%;-0.43%;-0.43%;-0.43%;-0.43%;-0.43%;-0.43%;0.21%
04-03-03;0.17%;0.09%;0.21%;-0.31%;0.93%;-0.17%;-0.13%;-0.20%;-0.29%;-0.29%;0.45%
05-03-03;0.08%;0.42%;0.12%;-0.74%;-0.48%;0.68%;0.76%;0.65%;0.62%;0.62%;0.49%
06-03-03;0.46%;0.30%;0.27%;0.83%;-0.82%;0.44%;0.64%;0.82%;0.36%;0.36%;-0.14%
07-03-03;0.60%;0.07%;0.10%;-1.04%;-0.88%;-0.16%;0.09%;0.58%;-0.14%;-0.14%;-0.36%
08-03-03;0.00%;0.00%;0.00%;-0.14%;-0.64%;0.13%;0.13%;0.01%;0.00%;0.00%;0.00%
09-03-03;0.00%;0.00%;0.00%;0.00%;0.00%;0.00%;0.00%;0.00%;0.00%;0.00%;0.00%
10-03-03;-0.92%;0.12%;0.03%;0.31%;0.31%;0.31%;0.31%;0.31%;0.31%;0.31%;0.14%
11-03-03;-0.44%;-0.25%;-0.22%;-2.10%;-0.69%;0.32%;0.25%;0.01%;0.19%;0.19%;-0.12%
12-03-03;0.25%;-0.29%;-0.02%;-1.16%;-1.17%;-0.47%;-0.42%;-0.30%;-0.45%;-0.45%;-1.16%
13-03-03;0.04%;0.25%;0.05%;-0.86%;-0.15%;-0.23%;-0.12%;0.09%;-0.16%;-0.16%;-0.35%
14-03-03;-0.26%;0.00%;0.35%;2.25%;0.22%;-1.24%;-0.93%;-0.76%;-0.73%;-0.73%;-0.61%
15-03-03;0.00%;0.00%;0.00%;1.09%;1.09%;-0.05%;0.16%;-0.08%;0.00%;0.00%;0.00%
16-03-03;0.00%;0.00%;0.00%;0.00%;0.00%;0.00%;0.00%;0.00%;0.00%;0.00%;0.00%
17-03-03;-0.21%;-0.22%;0.63%;-1.05%;-1.05%;-1.04%;-1.05%;-1.05%;-1.05%;-1.05%;0.45%
18-03-03;0.00%;-0.04%;-0.14%;2.83%;-1.79%;-0.17%;-0.06%;-0.12%;0.18%;0.18%;0.47%
19-03-03;0.21%;-0.27%;-0.42%;-0.33%;1.88%;-0.75%;-0.60%;-0.61%;-0.69%;-0.69%;0.11%
20-03-03;0.25%;0.16%;0.02%;0.92%;0.10%;-0.11%;-0.29%;-0.48%;0.11%;0.11%;0.90%
21-03-03;0.17%;-0.06%;-0.33%;0.91%;2.22%;0.59%;0.69%;0.60%;0.65%;0.65%;0.55%
22-03-03;0.00%;0.00%;0.00%;1.94%;0.40%;-0.23%;0.09%;0.20%;0.00%;0.00%;0.00%
23-03-03;0.00%;0.00%;0.00%;0.00%;0.00%;0.00%;0.00%;0.00%;0.00%;0.00%;0.00%
24-03-03;-0.63%;-0.33%;0.17%;-1.07%;-1.07%;-1.07%;-1.07%;-1.07%;-1.07%;-1.07%;-0.25%
25-03-03;0.08%;0.08%;0.30%;-2.91%;-1.21%;0.15%;-0.14%;-0.46%;-0.19%;-0.19%;0.66%
26-03-03;-0.34%;0.01%;0.22%;0.29%;-1.08%;-0.55%;-0.24%;-0.02%;-0.62%;-0.62%;-1.14%
27-03-03;-0.20%;0.00%;-0.30%;-0.51%;-0.07%;-0.27%;-0.21%;-0.33%;-0.34%;-0.34%;0.11%
28-03-03;0.48%;0.24%;0.21%;0.11%;0.10%;0.67%;0.62%;0.46%;0.56%;0.56%;0.22%
29-03-03;0.00%;0.00%;0.00%;-0.46%;0.01%;0.10%;0.23%;0.35%;0.00%;0.00%;0.00%
30-03-03;0.00%;0.00%;0.00%;0.00%;0.00%;0.00%;0.00%;0.00%;0.00%;0.00%;0.00%
31-03-03;0.18%;-0.06%;-0.08%;-0.34%;-0.34%;-0.34%;-0.34%;-0.34%;-0.34%;-0.34%;-0.37%
01-04-03;-0.01%;0.29%;0.11%;-1.32%;-1.25%;0.94%;1.51%;1.00%;3.96%;3.96%;0.15%
02-04-03;0.17%;0.05%;0.15%;0.82%;0.33%;-0.25%;0.11%;0.39%;-0.24%;-0.24%;-0.74%
03-04-03;0.31%;-0.33%;0.08%;1.07%;-0.21%;-1.40%;-1.10%;-0.84%;-1.13%;-1.13%;-0.32%
04-04-03;0.25%;0.14%;0.15%;-0.15%;0.65%;0.03%;0.46%;0.65%;0.06%;0.06%;0.96%
05-04-03;0.00%;0.00%;0.00%;0.43%;1.18%;-0.01%;0.06%;0.06%;0.00%;0.00%;0.00%
06-04-03;0.00%;0.00%;0.00%;0.00%;0.00%;0.00%;0.00%;0.00%;0.00%;0.00%;0.00%
07-04-03;0.49%;-0.17%;-0.38%;-0.07%;-0.07%;-0.06%;-0.07%;-0.07%;-0.07%;-0.07%;0.30%
08-04-03;0.15%;-0.18%;0.05%;0.65%;1.87%;-0.59%;-0.11%;-0.02%;-0.38%;-0.38%;0.23%
09-04-03;0.39%;0.25%;0.14%;-0.34%;-0.35%;0.37%;0.21%;-0.09%;0.16%;0.16%;0.79%
10-04-03;0.67%;0.14%;-0.02%;-0.63%;-0.54%;0.38%;0.22%;0.01%;0.25%;0.25%;-0.01%
11-04-03;0.30%;0.02%;-0.01%;0.61%;0.53%;0.52%;0.61%;0.44%;0.45%;0.45%;0.29%
12-04-03;0.00%;0.00%;0.00%;-0.33%;0.37%;-0.17%;0.05%;0.28%;0.00%;0.00%;0.00%
13-04-03;0.00%;0.00%;0.00%;0.00%;0.00%;0.00%;0.00%;0.00%;0.00%;0.00%;0.00%
14-04-03;0.61%;0.09%;0.29%;-0.28%;-0.28%;-0.28%;-0.28%;-0.28%;-0.28%;-0.28%;-0.05%
15-04-03;0.60%;-0.09%;-0.08%;1.06%;0.29%;-0.41%;0.21%;0.22%;-0.35%;-0.35%;0.29%
16-04-03;0.65%;-0.25%;-0.10%;0.76%;1.29%;-0.11%;0.27%;0.06%;-0.25%;-0.25%;0.71%
17-04-03;0.76%;-0.08%;0.13%;-1.30%;0.72%;-0.38%;-0.34%;-0.36%;-0.50%;-0.50%;0.56%
18-04-03;0.00%;0.01%;0.03%;1.28%;0.10%;0.05%;0.28%;0.35%;0.00%;0.00%;0.00%
19-04-03;0.00%;0.00%;0.00%;0.01%;0.95%;0.02%;0.00%;0.00%;0.00%;0.00%;0.00%
20-04-03;0.00%;0.00%;0.00%;0.00%;0.00%;0.00%;0.00%;0.00%;0.00%;0.00%;0.00%
21-04-03;0.38%;0.12%;0.07%;-0.19%;-0.19%;-0.19%;-0.19%;-0.19%;-0.19%;-0.19%;-0.06%
22-04-03;-0.13%;-0.18%;0.10%;-0.18%;0.13%;0.10%;0.27%;0.22%;0.09%;0.09%;0.47%
23-04-03;1.60%;0.13%;0.10%;1.96%;-0.89%;0.38%;0.53%;0.54%;0.29%;0.29%;0.40%
24-04-03;0.53%;-0.12%;-0.02%;0.31%;-0.47%;-0.59%;-0.40%;-0.34%;-0.55%;-0.55%;0.28%
25-04-03;-0.27%;-0.11%;0.05%;-1.11%;-1.81%;-0.19%;-0.15%;-0.41%;-0.45%;-0.45%;0.65%
26-04-03;0.00%;0.00%;0.00%;-1.35%;-1.48%;0.10%;0.28%;0.09%;0.00%;0.00%;0.00%
27-04-03;0.00%;0.00%;0.00%;0.00%;0.00%;0.00%;0.00%;0.00%;0.00%;0.00%;0.00%
28-04-03;0.74%;0.29%;0.42%;0.39%;0.39%;0.39%;0.39%;0.39%;0.39%;0.39%;0.09%
29-04-03;1.55%;-0.07%;-0.25%;1.28%;0.42%;-0.27%;0.01%;0.11%;-0.27%;-0.27%;-0.48%
30-04-03;1.86%;-0.30%;-0.16%;-0.50%;1.54%;-0.74%;-0.42%;-0.36%;-0.68%;-0.68%;0.75%
01-05-03;0.00%;0.01%;0.03%;0.65%;0.40%;0.28%;1.67%;1.22%;0.00%;0.00%;0.00%
02-05-03;0.79%;0.01%;0.12%;0.08%;-0.09%;-0.09%;0.09%;0.16%;-0.13%;-0.13%;0.83%
03-05-03;0.00%;0.00%;0.00%;0.94%;0.50%;-0.07%;0.20%;0.52%;0.00%;0.00%;0.00%
04-05-03;0.00%;0.00%;0.00%;0.00%;0.00%;0.00%;0.00%;0.00%;0.00%;0.00%;0.00%
05-05-03;0.01%;-0.04%;0.19%;-0.53%;-0.53%;-0.52%;-0.53%;-0.53%;-0.53%;-0.53%;0.38%
06-05-03;-0.40%;-0.03%;0.00%;0.07%;0.81%;-0.07%;-0.07%;-0.16%;-0.13%;-0.13%;0.70%
07-05-03;0.05%;-0.06%;0.17%;1.49%;0.18%;0.39%;0.42%;0.16%;0.20%;0.20%;0.66%
08-05-03;0.06%;-0.06%;0.02%;-1.18%;0.28%;-0.36%;-0.09%;0.00%;-0.70%;-0.70%;-0.26%
09-05-03;1.35%;-0.18%;-0.35%;-1.28%;-0.84%;-0.12%;-0.03%;0.24%;-0.19%;-0.19%;0.02%
10-05-03;0.00%;0.00%;0.00%;1.21%;0.75%;0.04%;0.19%;0.35%;0.00%;0.00%;0.00%
11-05-03;0.00%;0.00%;0.00%;0.00%;0.00%;0.00%;0.00%;0.00%;0.00%;0.00%;0.00%
12-05-03;0.41%;-0.17%;-0.13%;0.01%;0.01%;0.01%;0.01%;0.01%;0.01%;0.01%;-0.08%
13-05-03;1.25%;0.00%;0.06%;1.24%;1.34%;0.33%;0.48%;0.71%;0.21%;0.21%;0.83%
14-05-03;-0.06%;0.08%;0.18%;-0.49%;-0.35%;-0.28%;-0.23%;0.10%;-0.33%;-0.33%;0.55%
15-05-03;0.18%;0.33%;-0.74%;0.63%;0.45%;0.83%;0.50%;0.28%;0.67%;0.67%;0.40%
16-05-03;-0.77%;0.42%;0.43%;1.76%;1.23%;1.20%;1.04%;0.39%;1.16%;1.16%;0.44%
17-05-03;0.00%;0.00%;0.00%;0.17%;-0.72%;0.24%;0.27%;0.31%;0.00%;0.00%;0.00%
18-05-03;0.00%;0.00%;0.00%;0.00%;0.00%;0.00%;0.00%;0.00%;0.00%;0.00%;0.00%
19-05-03;-1.55%;0.20%;0.18%;0.24%;0.24%;0.24%;0.24%;0.24%;0.24%;0.24%;0.21%
20-05-03;-0.88%;0.04%;0.08%;-1.98%;-0.67%;0.27%;0.31%;0.03%;0.16%;0.16%;-0.46%
21-05-03;0.00%;0.00%;0.01%;-0.01%;-0.22%;0.17%;-0.15%;-0.25%;0.00%;0.00%;0.00%
22-05-03;1.71%;0.20%;0.15%;0.56%;0.69%;0.57%;0.78%;1.10%;0.54%;0.54%;-0.97%
23-05-03;0.06%;0.01%;0.12%;0.28%;-0.06%;-0.61%;-0.49%;0.00%;-0.69%;-0.69%;-0.32%
24-05-03;0.00%;0.00%;0.00%;0.33%;1.65%;0.13%;0.23%;0.42%;0.00%;0.00%;0.00%
25-05-03;0.00%;0.00%;0.00%;0.00%;0.00%;0.00%;0.00%;0.00%;0.00%;0.00%;0.00%
26-05-03;0.23%;-0.10%;-0.12%;-0.50%;-0.50%;-0.50%;-0.50%;-0.50%;-0.50%;-0.50%;0.82%
27-05-03;0.08%;-0.05%;-0.03%;0.03%;1.14%;-0.05%;-0.07%;-0.07%;-0.07%;-0.07%;0.44%
28-05-03;0.97%;0.08%;-0.07%;1.76%;0.04%;0.50%;0.64%;0.47%;0.58%;0.58%;0.02%
29-05-03;0.53%;-0.14%;-0.20%;0.83%;1.70%;0.26%;0.30%;0.31%;0.47%;0.47%;0.93%
30-05-03;0.09%;-0.13%;0.11%;-0.07%;0.34%;-0.03%;0.03%;0.35%;-0.30%;-0.30%;0.50%
31-05-03;0.00%;0.00%;0.00%;0.60%;0.19%;-0.01%;0.01%;0.02%;0.00%;0.00%;0.00%
01-06-03;0.00%;0.00%;0.00%;0.00%;0.00%;0.00%;0.00%;0.00%;0.00%;0.00%;0.00%
02-06-03;0.84%;0.15%;0.13%;0.56%;0.56%;0.56%;0.56%;0.56%;0.56%;0.56%;0.44%
03-06-03;-0.06%;-0.13%;0.11%;0.38%;0.73%;-0.69%;-0.58%;-0.62%;-0.54%;-0.54%;0.21%
04-06-03;0.25%;0.14%;0.04%;0.42%;-0.02%;0.74%;0.55%;0.74%;0.38%;0.38%;0.62%
05-06-03;0.65%;0.12%;0.20%;1.21%;0.58%;0.04%;0.30%;0.62%;0.03%;0.03%;-0.14%
06-06-03;0.65%;0.16%;-0.08%;1.18%;1.41%;0.59%;1.00%;1.17%;0.52%;0.52%;0.94%
07-06-03;0.00%;0.00%;0.00%;0.19%;0.55%;-0.09%;0.08%;0.23%;0.00%;0.00%;0.00%
08-06-03;0.00%;0.00%;0.00%;0.00%;0.00%;0.00%;0.00%;0.00%;0.00%;0.00%;0.00%
09-06-03;0.33%;-0.07%;0.02%;-0.65%;-0.65%;-0.64%;-0.65%;-0.65%;-0.65%;-0.65%;0.01%
10-06-03;0.50%;0.12%;0.07%;-0.26%;1.00%;0.93%;0.81%;0.79%;0.60%;0.60%;0.87%
11-06-03;0.01%;0.04%;0.23%;0.57%;-0.09%;0.32%;0.14%;0.25%;0.12%;0.12%;-0.22%
12-06-03;0.60%;-0.08%;-0.17%;1.42%;0.05%;0.06%;0.30%;-0.03%;-0.04%;-0.04%;0.04%
13-06-03;0.33%;-0.24%;0.01%;-1.00%;-0.11%;-1.17%;-0.95%;-0.94%;-1.23%;-1.23%;0.00%
14-06-03;0.00%;0.00%;0.00%;-0.77%;0.36%;0.21%;0.92%;0.62%;0.00%;0.00%;0.00%
15-06-03;0.00%;0.00%;0.00%;0.00%;0.00%;0.00%;0.00%;0.00%;0.00%;0.00%;0.00%
16-06-03;0.00%;0.00%;0.00%;0.00%;0.00%;0.00%;0.00%;0.00%;0.00%;0.00%;0.00%
17-06-03;0.15%;-0.04%;-0.17%;1.71%;0.40%;-0.19%;0.22%;0.27%;-0.06%;-0.06%;0.53%
18-06-03;-0.95%;-0.04%;0.05%;0.06%;1.40%;-0.66%;-0.27%;-0.27%;-0.38%;-0.38%;0.28%
19-06-03;-0.71%;0.02%;-0.03%;-0.10%;-0.48%;-0.29%;-0.24%;-0.81%;0.10%;0.10%;0.10%
20-06-03;-0.34%;-0.01%;-0.03%;-1.17%;0.69%;0.08%;0.12%;-0.19%;0.18%;0.18%;-0.24%
21-06-03;0.00%;0.00%;0.00%;0.11%;-0.29%;0.00%;-0.27%;-0.85%;0.00%;0.00%;0.00%
22-06-03;0.00%;0.00%;0.00%;0.00%;0.00%;0.00%;0.00%;0.00%;0.00%;0.00%;0.00%
23-06-03;-0.85%;0.05%;-0.08%;-0.20%;-0.20%;-0.20%;-0.20%;-0.20%;-0.20%;-0.20%;-0.82%
24-06-03;-0.85%;0.04%;0.15%;-1.51%;-1.43%;0.10%;-0.14%;0.09%;-0.04%;-0.04%;-0.27%
25-06-03;0.20%;0.06%;-0.09%;-0.68%;-0.92%;-0.27%;-0.21%;0.09%;-0.33%;-0.33%;-1.15%
26-06-03;-0.66%;0.01%;-0.10%;-0.04%;1.02%;0.01%;0.10%;-0.14%;0.11%;0.11%;-0.18%
27-06-03;0.63%;-0.02%;0.05%;0.05%;-0.15%;-0.60%;-0.67%;-1.35%;-0.13%;-0.13%;-0.15%
28-06-03;0.00%;0.00%;0.00%;-0.41%;0.32%;-0.19%;-0.18%;-0.43%;0.00%;0.00%;0.00%
29-06-03;0.00%;0.00%;0.00%;0.00%;0.00%;0.00%;0.00%;0.00%;0.00%;0.00%;0.00%
30-06-03;0.12%;-0.32%;0.15%;-0.82%;-0.82%;-0.82%;-0.82%;-0.82%;-0.82%;-0.82%;-0.30%
01-07-03;0.97%;0.01%;-0.07%;-0.08%;0.04%;0.39%;0.50%;0.71%;7.02%;7.02%;0.45%
02-07-03;0.40%;0.08%;0.14%;0.31%;1.15%;-0.10%;0.10%;-0.02%;-0.08%;-0.08%;0.00%
03-07-03;0.16%;-0.02%;0.06%;0.97%;0.97%;-0.49%;-0.52%;-0.50%;-0.39%;-0.39%;0.51%
04-07-03;0.03%;-0.08%;0.05%;0.13%;0.76%;-0.20%;0.09%;-0.42%;0.19%;0.19%;0.67%
05-07-03;0.00%;0.00%;0.00%;-0.24%;0.47%;0.12%;-0.03%;0.00%;0.00%;0.00%;0.00%
06-07-03;0.00%;0.00%;0.00%;0.00%;0.00%;0.00%;0.00%;0.00%;0.00%;0.00%;0.00%
07-07-03;0.19%;0.12%;0.01%;0.11%;0.11%;0.12%;0.11%;0.11%;0.11%;0.11%;0.09%
08-07-03;0.02%;-0.01%;-0.06%;1.55%;1.37%;-0.23%;-0.42%;-1.14%;-0.06%;-0.06%;0.16%
09-07-03;-0.66%;0.22%;0.15%;1.08%;1.50%;0.91%;1.01%;1.15%;0.99%;0.99%;1.16%
10-07-03;-0.49%;0.12%;0.40%;-0.56%;-0.66%;-0.02%;-0.04%;0.04%;-0.14%;-0.14%;-0.01%
11-07-03;0.99%;0.09%;0.13%;-0.88%;-0.61%;0.41%;0.35%;0.49%;0.22%;0.22%;-0.17%
12-07-03;0.00%;0.00%;0.00%;0.51%;-0.11%;0.13%;-0.06%;-0.21%;0.00%;0.00%;0.00%
13-07-03;0.00%;0.00%;0.00%;0.00%;0.00%;0.00%;0.00%;0.00%;0.00%;0.00%;0.00%
14-07-03;0.02%;0.05%;0.01%;-0.06%;-0.06%;-0.06%;-0.06%;-0.06%;-0.06%;-0.06%;-0.57%
15-07-03;-0.27%;-0.06%;-0.04%;0.59%;1.72%;-0.37%;-0.09%;-0.01%;-0.30%;-0.30%;0.37%
16-07-03;-0.15%;-0.11%;0.33%;-0.97%;-0.81%;-0.93%;-0.59%;-1.19%;-0.41%;-0.41%;0.06%
17-07-03;-0.35%;-0.12%;-0.06%;-0.83%;-0.61%;-0.26%;-0.21%;-0.18%;-0.15%;-0.15%;-0.14%
18-07-03;0.28%;-0.04%;0.10%;-1.35%;-1.22%;-0.05%;0.07%;0.45%;-0.03%;-0.03%;-0.53%
19-07-03;0.00%;0.00%;0.00%;0.78%;-0.48%;0.06%;0.09%;0.28%;0.00%;0.00%;0.00%
20-07-03;0.00%;0.00%;0.00%;0.00%;0.00%;0.00%;0.00%;0.00%;0.00%;0.00%;0.00%
21-07-03;-0.21%;0.31%;0.11%;0.43%;0.43%;0.44%;0.43%;0.43%;0.43%;0.43%;-0.22%
22-07-03;0.73%;-0.04%;0.05%;-0.73%;-0.17%;-0.31%;0.25%;0.05%;0.07%;0.07%;0.17%
23-07-03;0.75%;0.16%;0.20%;0.78%;0.51%;0.17%;0.20%;0.32%;0.12%;0.12%;-0.07%
24-07-03;0.34%;0.21%;0.15%;0.72%;0.10%;0.47%;0.40%;0.28%;0.30%;0.30%;0.90%
25-07-03;1.10%;0.07%;-0.04%;0.05%;0.85%;-0.37%;-0.27%;-0.47%;-0.17%;-0.17%;0.06%
26-07-03;0.00%;0.00%;0.00%;0.98%;0.81%;0.14%;0.04%;0.06%;0.00%;0.00%;0.00%
27-07-03;0.00%;0.00%;0.00%;0.00%;0.00%;0.00%;0.00%;0.00%;0.00%;0.00%;0.00%
28-07-03;0.12%;0.06%;0.00%;-0.29%;-0.29%;-0.29%;-0.29%;-0.29%;-0.29%;-0.29%;0.38%
29-07-03;0.51%;-0.14%;-0.01%;-0.03%;0.92%;-0.55%;-0.31%;-0.50%;-0.23%;-0.23%;0.37%
30-07-03;0.33%;0.16%;-0.01%;-0.20%;0.02%;0.12%;-0.06%;-0.34%;0.32%;0.32%;0.45%
31-07-03;0.78%;-0.03%;0.05%;-0.05%;-0.11%;0.54%;0.06%;0.34%;0.49%;0.49%;-0.09%
01-08-03;1.02%;0.03%;0.19%;0.20%;0.47%;-0.41%;-0.89%;-0.77%;0.08%;0.08%;-0.19%
02-08-03;0.00%;0.00%;0.00%;-0.79%;0.18%;-0.13%;-0.51%;-0.99%;0.00%;0.00%;0.00%
03-08-03;0.00%;0.00%;0.00%;0.00%;0.00%;0.00%;0.00%;0.00%;0.00%;0.00%;0.00%
04-08-03;-0.45%;0.09%;0.12%;0.30%;0.30%;0.30%;0.30%;0.30%;0.30%;0.30%;0.57%
05-08-03;-0.50%;0.16%;-0.08%;0.70%;0.34%;0.96%;0.68%;0.17%;0.69%;0.69%;0.39%
06-08-03;0.79%;-0.06%;-0.11%;-0.91%;-0.52%;-0.15%;-0.03%;0.37%;-0.01%;-0.01%;-0.60%
07-08-03;0.28%;-0.13%;0.00%;-0.65%;-1.21%;0.05%;-0.63%;-0.70%;-0.32%;-0.32%;-0.70%
08-08-03;0.68%;-0.10%;0.16%;0.13%;0.26%;-0.29%;-0.37%;0.40%;-0.51%;-0.51%;-0.04%
09-08-03;0.00%;0.00%;0.00%;0.33%;-0.02%;0.21%;0.22%;1.03%;0.00%;0.00%;0.00%
10-08-03;0.00%;0.00%;0.00%;0.00%;0.00%;0.00%;0.00%;0.00%;0.00%;0.00%;0.00%
11-08-03;0.95%;-0.12%;0.00%;-0.72%;-0.72%;-0.72%;-0.72%;-0.72%;-0.72%;-0.72%;0.14%
12-08-03;1.01%;0.09%;0.04%;0.50%;0.77%;-0.28%;-0.02%;-0.12%;-0.01%;-0.01%;0.72%
13-08-03;0.88%;-0.06%;-0.14%;0.93%;0.33%;0.24%;0.20%;0.29%;0.20%;0.20%;0.59%
14-08-03;1.42%;0.04%;0.00%;0.00%;1.45%;-0.48%;-0.17%;-0.48%;0.11%;0.11%;0.67%
15-08-03;0.00%;0.00%;0.01%;0.79%;0.95%;-0.18%;-0.28%;0.15%;0.00%;0.00%;0.00%
16-08-03;0.00%;0.00%;0.00%;0.06%;0.36%;0.15%;-0.09%;0.02%;0.00%;0.00%;0.00%
17-08-03;0.00%;0.00%;0.00%;0.00%;0.00%;0.00%;0.00%;0.00%;0.00%;0.00%;0.00%
18-08-03;0.49%;-0.09%;-0.05%;-0.12%;-0.12%;-0.12%;-0.12%;-0.12%;-0.12%;-0.12%;0.34%
19-08-03;0.22%;0.15%;0.26%;0.61%;0.66%;-0.02%;0.08%;0.33%;-0.06%;-0.06%;0.69%
20-08-03;0.28%;0.06%;-0.10%;0.33%;0.55%;0.30%;0.64%;0.88%;0.18%;0.18%;0.68%
21-08-03;-0.08%;-0.05%;0.06%;-0.13%;-0.07%;-0.40%;0.21%;-0.05%;-0.22%;-0.22%;0.07%
22-08-03;-0.99%;-0.04%;-0.05%;-0.35%;0.85%;-0.59%;-0.34%;-0.46%;-0.50%;-0.50%;-0.16%
23-08-03;0.00%;0.00%;0.00%;-0.76%;0.38%;0.08%;0.11%;0.31%;0.00%;0.00%;0.00%
24-08-03;0.00%;0.00%;0.00%;0.00%;0.00%;0.00%;0.00%;0.00%;0.00%;0.00%;0.00%
25-08-03;-0.69%;-0.06%;0.02%;-0.27%;-0.27%;-0.27%;-0.27%;-0.27%;-0.27%;-0.27%;0.12%
26-08-03;-0.68%;-0.10%;-0.06%;-0.16%;-0.42%;-0.13%;0.05%;-0.09%;-0.03%;-0.03%;-0.34%
27-08-03;1.02%;0.05%;0.00%;0.03%;-0.37%;0.22%;0.38%;0.50%;0.18%;0.18%;-0.53%
28-08-03;0.47%;0.04%;0.04%;0.42%;0.68%;0.11%;0.38%;0.30%;0.20%;0.20%;0.13%
29-08-03;0.31%;-0.17%;-0.05%;0.42%;0.08%;0.18%;0.19%;0.06%;-0.05%;-0.05%;0.41%
30-08-03;0.00%;0.00%;0.00%;0.46%;1.08%;-0.03%;0.33%;0.07%;0.00%;0.00%;0.00%
31-08-03;0.00%;0.00%;0.00%;0.00%;0.00%;0.00%;0.00%;0.00%;0.00%;0.00%;0.00%
01-09-03;-0.06%;0.11%;0.13%;-0.21%;-0.21%;-0.21%;-0.21%;-0.21%;-0.21%;-0.21%;0.41%
02-09-03;-0.13%;-0.14%;-0.11%;0.54%;0.86%;-0.17%;-0.05%;-0.05%;-0.05%;-0.05%;0.48%
03-09-03;-0.03%;-0.11%;0.00%;0.46%;-0.25%;-0.77%;-0.02%;-0.34%;-0.20%;-0.20%;-0.17%
04-09-03;-0.61%;-0.14%;0.00%;0.14%;0.21%;-0.58%;-0.46%;-0.52%;-0.57%;-0.57%;0.27%
05-09-03;0.19%;-0.26%;0.06%;-0.83%;-0.68%;-0.66%;-0.75%;-0.72%;-0.99%;-0.99%;-0.20%
06-09-03;0.00%;0.00%;0.00%;-0.17%;0.51%;0.51%;0.48%;0.98%;0.00%;0.00%;0.00%
07-09-03;0.00%;0.00%;0.00%;0.00%;0.00%;0.00%;0.00%;0.00%;0.00%;0.00%;0.00%
08-09-03;0.59%;-0.04%;-0.01%;-0.42%;-0.42%;-0.42%;-0.42%;-0.42%;-0.42%;-0.42%;-0.08%
09-09-03;0.25%;-0.04%;-0.02%;0.90%;0.33%;0.03%;0.23%;0.11%;-0.04%;-0.04%;0.14%
10-09-03;0.36%;-0.03%;0.01%;-0.22%;-0.12%;0.08%;0.37%;0.08%;0.19%;0.19%;0.51%
11-09-03;0.70%;-0.17%;-0.19%;-1.45%;-0.74%;-0.09%;-0.09%;0.25%;-0.40%;-0.40%;-0.59%
12-09-03;-0.71%;-0.43%;-0.26%;-0.84%;-0.85%;-1.08%;-1.04%;-1.10%;-1.00%;-1.00%;-0.80%
13-09-03;0.00%;0.00%;0.00%;0.40%;-0.01%;0.30%;0.22%;0.26%;0.00%;0.00%;0.00%
14-09-03;0.00%;0.00%;0.00%;0.00%;0.00%;0.00%;0.00%;0.00%;0.00%;0.00%;0.00%
15-09-03;-0.21%;-0.14%;0.17%;-0.43%;-0.43%;-0.43%;-0.43%;-0.43%;-0.43%;-0.43%;0.24%
16-09-03;0.39%;0.05%;-0.18%;-0.16%;-0.90%;0.03%;0.17%;0.33%;-0.01%;-0.01%;-0.07%
17-09-03;0.22%;-0.04%;0.03%;0.61%;0.34%;-0.53%;-0.50%;-0.55%;-0.49%;-0.49%;-0.23%
18-09-03;0.00%;0.01%;0.01%;0.17%;0.30%;0.24%;0.33%;0.30%;0.00%;0.00%;0.00%
19-09-03;0.00%;0.01%;0.01%;1.15%;-0.12%;0.04%;0.22%;0.15%;0.00%;0.00%;0.00%
20-09-03;0.00%;0.00%;0.00%;-0.17%;-0.35%;0.08%;0.24%;0.21%;0.00%;0.00%;0.00%
21-09-03;0.00%;0.00%;0.00%;0.00%;0.00%;0.00%;0.00%;0.00%;0.00%;0.00%;0.00%
22-09-03;-0.31%;-0.11%;-0.02%;-0.20%;-0.20%;-0.20%;-0.20%;-0.20%;-0.20%;-0.20%;0.67%
23-09-03;0.86%;-0.24%;0.09%;-2.08%;-2.08%;-0.94%;-1.08%;-1.59%;-1.04%;-1.04%;-0.33%
24-09-03;0.32%;-0.13%;-0.06%;-0.23%;-0.12%;-0.44%;-0.67%;-0.71%;-0.54%;-0.54%;-0.38%
25-09-03;0.51%;0.18%;0.01%;-0.89%;0.93%;0.27%;0.38%;0.69%;0.18%;0.18%;0.84%
26-09-03;0.87%;0.01%;-0.23%;-0.47%;-0.74%;0.26%;0.29%;0.32%;0.22%;0.22%;-0.16%
27-09-03;0.00%;0.00%;0.00%;-0.72%;-0.79%;0.20%;-0.01%;0.05%;0.00%;0.00%;0.00%
28-09-03;0.00%;0.00%;0.00%;0.00%;0.00%;0.00%;0.00%;0.00%;0.00%;0.00%;0.00%
29-09-03;0.59%;0.03%;-0.05%;0.83%;0.83%;0.83%;0.83%;0.83%;0.83%;0.83%;0.30%
30-09-03;0.06%;-0.03%;-0.44%;0.68%;0.25%;0.05%;0.29%;0.13%;0.16%;0.16%;-0.01%
01-10-03;1.12%;-0.05%;0.11%;-1.42%;-0.46%;-0.25%;-0.45%;-0.47%;3.56%;3.56%;-0.18%
02-10-03;0.26%;0.09%;0.10%;1.56%;0.58%;-0.49%;-0.17%;-0.45%;-0.48%;-0.48%;0.15%
03-10-03;1.00%;0.13%;0.06%;1.12%;1.99%;0.28%;0.59%;0.52%;0.58%;0.58%;1.42%
04-10-03;0.00%;0.00%;0.00%;1.16%;0.86%;-0.51%;-0.09%;0.00%;0.00%;0.00%;0.00%
05-10-03;0.00%;0.00%;0.00%;0.00%;0.00%;0.00%;0.00%;0.00%;0.00%;0.00%;0.00%
06-10-03;0.09%;-0.02%;0.02%;-0.27%;-0.27%;-0.27%;-0.27%;-0.27%;-0.27%;-0.27%;0.08%
07-10-03;-0.85%;-0.08%;-0.12%;0.28%;0.92%;0.18%;0.24%;0.33%;0.00%;0.00%;1.01%
08-10-03;1.13%;-0.21%;0.09%;-0.25%;-0.21%;-0.93%;-0.53%;-0.77%;-0.75%;-0.75%;-0.21%
09-10-03;1.00%;-0.11%;0.23%;-1.72%;-0.63%;-1.21%;-0.93%;-0.53%;-1.29%;-1.29%;-0.13%
10-10-03;1.09%;0.01%;0.21%;0.43%;1.03%;-0.39%;-0.28%;-0.36%;-0.24%;-0.24%;0.68%
11-10-03;0.00%;0.00%;0.00%;0.26%;1.03%;0.14%;0.23%;0.24%;0.00%;0.00%;0.00%
12-10-03;0.00%;0.00%;0.00%;0.00%;0.00%;0.00%;0.00%;0.00%;0.00%;0.00%;0.00%
13-10-03;0.86%;0.18%;0.22%;0.23%;0.23%;0.23%;0.23%;0.23%;0.23%;0.23%;0.57%
14-10-03;1.70%;0.10%;0.26%;0.26%;0.36%;-0.42%;-0.41%;-0.29%;-0.29%;-0.29%;0.31%
15-10-03;-0.20%;0.17%;0.74%;-0.15%;-0.86%;-0.67%;-0.20%;-0.20%;-0.44%;-0.44%;0.45%
16-10-03;0.50%;0.24%;0.05%;0.77%;0.64%;0.73%;0.84%;0.78%;0.86%;0.86%;0.86%
17-10-03;0.00%;-0.10%;0.00%;0.11%;0.65%;-0.34%;0.05%;-0.43%;-0.28%;-0.28%;-0.43%
18-10-03;0.00%;0.00%;0.00%;-0.79%;-0.47%;0.08%;-0.15%;-0.37%;0.00%;0.00%;0.00%
19-10-03;0.00%;0.00%;0.00%;0.00%;0.00%;0.00%;0.00%;0.00%;0.00%;0.00%;0.00%
20-10-03;0.65%;0.08%;0.23%;0.48%;0.48%;0.48%;0.48%;0.48%;0.48%;0.48%;0.69%
21-10-03;0.66%;0.01%;0.21%;0.07%;0.06%;-0.31%;-0.23%;-0.38%;-0.31%;-0.31%;-0.48%
22-10-03;0.33%;-0.03%;0.14%;-0.01%;-0.47%;-0.09%;-0.06%;0.07%;-0.21%;-0.21%;0.53%
23-10-03;-0.87%;0.16%;0.37%;-1.65%;-0.72%;-0.27%;-0.48%;-0.73%;-0.46%;-0.46%;-0.03%
24-10-03;-0.64%;-0.31%;-0.32%;-1.77%;-3.12%;-1.11%;-1.30%;-1.44%;-1.09%;-1.09%;-1.30%
25-10-03;0.00%;0.00%;0.00%;-0.10%;0.00%;0.18%;0.10%;0.16%;0.00%;0.00%;0.00%
26-10-03;0.00%;0.00%;0.00%;0.00%;0.00%;0.00%;0.00%;0.00%;0.00%;0.00%;0.00%
27-10-03;0.42%;0.05%;0.18%;0.01%;0.01%;0.01%;0.01%;0.01%;0.01%;0.01%;-0.30%
28-10-03;-0.43%;0.16%;0.18%;0.52%;0.20%;0.00%;0.05%;-0.10%;0.11%;0.11%;0.01%
29-10-03;-0.22%;-0.14%;-0.10%;1.08%;1.49%;0.11%;0.02%;0.15%;-0.02%;-0.02%;0.02%
30-10-03;-0.53%;-0.06%;-0.21%;0.20%;0.27%;-0.30%;-0.06%;-0.03%;-0.16%;-0.16%;0.51%
31-10-03;-0.71%;-0.26%;0.02%;-0.98%;-0.81%;-1.28%;-1.14%;-1.24%;-1.07%;-1.07%;-0.57%
01-11-03;0.00%;0.00%;0.00%;-0.19%;-0.19%;0.18%;-0.02%;0.35%;0.00%;0.00%;0.00%
02-11-03;0.00%;0.00%;0.00%;0.00%;0.00%;0.00%;0.00%;0.00%;0.00%;0.00%;0.00%
03-11-03;-0.58%;0.14%;0.12%;-0.19%;-0.19%;-0.19%;-0.19%;-0.19%;-0.19%;-0.19%;0.04%
04-11-03;-1.85%;0.06%;0.08%;0.39%;1.50%;-0.29%;0.06%;0.19%;-0.05%;-0.05%;-0.36%
05-11-03;-1.54%;0.00%;-0.16%;-0.14%;0.30%;-0.03%;0.06%;0.26%;-0.18%;-0.18%;0.19%
06-11-03;-0.42%;-0.03%;-0.17%;-0.24%;0.10%;-0.04%;-0.02%;-0.17%;0.08%;0.08%;-0.26%
07-11-03;-0.31%;0.18%;0.33%;0.50%;-0.42%;0.19%;0.32%;0.28%;0.45%;0.45%;-0.44%
08-11-03;0.00%;0.00%;0.00%;0.31%;0.65%;-0.14%;0.02%;-0.11%;0.00%;0.00%;0.00%
09-11-03;0.00%;0.00%;0.00%;0.00%;0.00%;0.00%;0.00%;0.00%;0.00%;0.00%;0.00%
10-11-03;-1.87%;-0.26%;-0.01%;-1.61%;-1.61%;-1.61%;-1.61%;-1.61%;-1.61%;-1.61%;-0.88%
11-11-03;1.07%;-0.13%;-0.13%;-0.87%;-0.97%;-0.35%;-0.25%;-0.19%;-0.40%;-0.40%;-0.11%
12-11-03;1.35%;0.21%;-0.18%;0.70%;0.09%;1.29%;1.20%;1.17%;1.17%;1.17%;0.15%
13-11-03;1.20%;0.02%;-0.03%;1.62%;1.26%;0.72%;0.75%;0.82%;0.56%;0.56%;0.07%
14-11-03;0.74%;-0.08%;0.07%;0.38%;1.14%;0.30%;0.11%;0.09%;-0.09%;-0.09%;0.56%
15-11-03;0.00%;0.00%;0.00%;-0.27%;0.02%;0.25%;0.20%;0.18%;0.00%;0.00%;0.00%
16-11-03;0.00%;0.00%;0.00%;0.00%;0.00%;0.00%;0.00%;0.00%;0.00%;0.00%;0.00%
17-11-03;-1.07%;-0.12%;-0.24%;-0.31%;-0.31%;-0.31%;-0.31%;-0.31%;-0.31%;-0.31%;0.28%
18-11-03;-0.61%;-0.15%;0.00%;-1.74%;-2.27%;-0.27%;-0.33%;-0.44%;-0.49%;-0.49%;-0.45%
19-11-03;-0.26%;0.33%;-0.03%;1.04%;1.31%;1.19%;1.37%;1.27%;1.19%;1.19%;-0.04%
20-11-03;-0.59%;0.00%;0.12%;0.61%;-1.08%;0.32%;0.54%;0.38%;0.51%;0.51%;-0.63%
21-11-03;0.07%;0.00%;-0.03%;-0.53%;-0.96%;-0.07%;-0.08%;-0.02%;-0.19%;-0.19%;-0.68%
22-11-03;0.00%;0.00%;0.00%;0.20%;0.64%;0.10%;0.10%;0.14%;0.00%;0.00%;0.00%
23-11-03;0.00%;0.00%;0.00%;0.00%;0.00%;0.00%;0.00%;0.00%;0.00%;0.00%;0.00%
24-11-03;0.34%;-0.12%;0.11%;-0.34%;-0.34%;-0.34%;-0.34%;-0.34%;-0.34%;-0.34%;-0.39%
25-11-03;0.19%;-0.21%;-0.14%;0.44%;-1.22%;-0.82%;-0.65%;-0.50%;-0.55%;-0.55%;-0.07%
26-11-03;0.02%;-0.03%;0.35%;-0.28%;0.55%;-0.50%;-0.41%;-0.45%;-0.56%;-0.56%;0.45%
27-11-03;0.55%;-0.10%;-0.41%;1.00%;1.22%;0.24%;0.48%;0.34%;0.30%;0.30%;0.84%
28-11-03;0.78%;-0.09%;-0.27%;0.22%;0.05%;0.04%;0.09%;0.12%;0.12%;0.12%;0.16%
29-11-03;0.00%;0.00%;0.00%;0.04%;1.16%;-0.09%;0.07%;-0.19%;0.00%;0.00%;0.00%
30-11-03;0.00%;0.00%;0.00%;0.00%;0.00%;0.00%;0.00%;0.00%;0.00%;0.00%;0.00%
01-12-03;1.12%;-0.09%;-0.04%;-0.52%;-0.52%;-0.52%;-0.52%;-0.52%;-0.52%;-0.52%;0.06%
02-12-03;-0.37%;-0.05%;0.09%;0.70%;1.36%;-0.78%;-0.43%;-0.39%;-0.55%;-0.55%;0.35%
03-12-03;-0.46%;-0.20%;0.15%;-0.58%;-0.35%;-0.68%;-0.37%;-0.56%;-0.69%;-0.69%;0.86%
04-12-03;0.03%;-0.28%;-0.09%;-1.10%;-1.01%;-1.20%;-0.98%;-1.01%;-1.23%;-1.23%;-0.39%
05-12-03;0.14%;0.24%;0.12%;0.31%;-0.44%;0.23%;0.33%;0.37%;0.13%;0.13%;0.36%
06-12-03;0.00%;0.00%;0.00%;-0.45%;-0.36%;0.55%;0.35%;0.41%;0.00%;0.00%;0.00%
07-12-03;0.00%;0.00%;0.00%;0.00%;0.00%;0.00%;0.00%;0.00%;0.00%;0.00%;0.00%
08-12-03;0.00%;0.01%;0.01%;0.00%;0.00%;0.00%;0.00%;0.00%;0.00%;0.00%;0.00%
09-12-03;-0.71%;0.05%;-0.01%;0.53%;0.03%;0.17%;0.60%;0.72%;0.24%;0.24%;0.38%
10-12-03;-0.42%;-0.20%;0.08%;-0.95%;0.43%;-0.77%;-0.53%;-0.45%;-0.62%;-0.62%;-0.62%
11-12-03;0.16%;0.06%;-0.13%;0.04%;0.16%;0.64%;0.53%;0.21%;0.48%;0.48%;0.10%
12-12-03;0.30%;0.32%;0.30%;0.33%;0.10%;-0.22%;-0.49%;-0.53%;-0.31%;-0.31%;-0.79%
13-12-03;0.00%;0.00%;0.00%;0.58%;0.68%;0.17%;0.27%;0.19%;0.00%;0.00%;0.00%
14-12-03;0.00%;0.00%;0.00%;0.00%;0.00%;0.00%;0.00%;0.00%;0.00%;0.00%;0.00%
15-12-03;0.04%;0.00%;0.19%;-0.77%;-0.77%;-0.77%;-0.77%;-0.77%;-0.77%;-0.77%;0.60%
16-12-03;-0.53%;-0.09%;0.09%;-0.74%;-0.05%;-0.88%;-0.67%;-0.54%;-0.81%;-0.81%;0.14%
17-12-03;0.02%;-0.09%;-0.38%;0.46%;-0.57%;0.52%;0.46%;0.56%;0.34%;0.34%;0.30%
18-12-03;0.37%;-0.11%;-0.19%;0.28%;-0.68%;0.35%;0.49%;0.61%;0.18%;0.18%;-0.44%
19-12-03;-0.14%;-0.08%;0.15%;1.04%;1.02%;0.20%;0.22%;0.27%;0.12%;0.12%;-0.12%
20-12-03;0.00%;0.00%;0.00%;0.14%;0.47%;-0.02%;0.08%;0.09%;0.00%;0.00%;0.00%
21-12-03;0.00%;0.00%;0.00%;0.00%;0.00%;0.00%;0.00%;0.00%;0.00%;0.00%;0.00%
22-12-03;0.19%;-0.05%;-0.07%;-0.89%;-0.89%;-0.90%;-0.89%;-0.89%;-0.89%;-0.89%;0.04%
23-12-03;0.83%;0.00%;0.01%;0.26%;0.53%;-0.10%;0.00%;-0.05%;-0.13%;-0.13%;0.34%
24-12-03;0.17%;0.06%;0.04%;0.75%;0.43%;0.25%;0.42%;0.31%;0.41%;0.41%;0.57%
25-12-03;0.00%;0.00%;0.00%;0.08%;0.40%;0.14%;0.05%;0.00%;0.00%;0.00%;0.00%
26-12-03;-0.03%;0.01%;0.10%;-0.18%;-0.18%;-0.17%;-0.19%;-0.19%;-0.19%;-0.19%;0.09%
27-12-03;0.00%;0.00%;0.00%;0.15%;0.22%;0.06%;0.05%;0.04%;0.00%;0.00%;0.00%
28-12-03;0.00%;0.00%;0.00%;0.00%;0.00%;0.00%;0.00%;0.00%;0.00%;0.00%;0.00%
29-12-03;0.30%;0.05%;-0.03%;-0.34%;-0.34%;-0.34%;-0.34%;-0.34%;-0.34%;-0.34%;-0.06%
30-12-03;0.27%;0.26%;0.18%;2.04%;1.74%;0.94%;1.15%;1.19%;1.06%;1.06%;0.90%
31-12-03;0.00%;-0.15%;-0.48%;0.40%;1.22%;-0.11%;0.09%;-0.08%;0.00%;0.00%;0.23%
01-01-04;0.00%;0.00%;0.00%;0.39%;0.26%;0.05%;0.05%;0.10%;9.56%;9.56%;0.00%
02-01-04;-0.25%;-0.10%;-0.11%;-0.94%;-0.86%;-0.95%;-0.94%;-0.94%;-0.94%;-0.94%;-0.10%
03-01-04;0.00%;0.00%;0.00%;0.18%;1.72%;-0.24%;0.04%;0.02%;0.00%;0.00%;0.00%
04-01-04;0.00%;0.00%;0.00%;0.00%;0.00%;0.00%;0.00%;0.00%;0.00%;0.00%;0.00%
05-01-04;-0.01%;0.00%;0.13%;-1.03%;-1.03%;-1.04%;-1.03%;-1.03%;-1.03%;-1.03%;-0.07%
06-01-04;-0.89%;-0.09%;0.27%;-0.09%;1.15%;-1.44%;-0.83%;-0.73%;-1.42%;-1.42%;0.22%
07-01-04;-0.58%;-0.42%;-0.02%;-2.26%;-2.78%;-2.16%;-1.90%;-1.90%;-2.49%;-2.49%;-0.05%
08-01-04;-0.07%;0.28%;0.11%;0.27%;0.23%;0.57%;0.76%;0.79%;0.47%;0.47%;0.72%
09-01-04;0.56%;0.19%;0.23%;0.83%;0.57%;0.15%;0.45%;0.49%;0.14%;0.14%;0.02%
10-01-04;0.00%;0.00%;0.00%;-0.25%;1.34%;0.49%;0.49%;0.70%;0.00%;0.00%;0.00%
11-01-04;0.00%;0.00%;0.00%;0.00%;0.00%;0.00%;0.00%;0.00%;0.00%;0.00%;0.00%
12-01-04;0.07%;-0.09%;0.06%;-1.43%;-1.43%;-1.44%;-1.43%;-1.43%;-1.43%;-1.43%;-0.14%
13-01-04;-0.21%;0.02%;0.16%;-0.11%;-0.38%;-0.17%;-0.11%;-0.03%;-0.23%;-0.23%;0.44%
14-01-04;0.54%;0.04%;-0.02%;0.47%;0.90%;0.89%;0.73%;0.40%;0.79%;0.79%;0.46%
15-01-04;-0.22%;0.18%;0.40%;1.97%;0.73%;1.51%;1.39%;1.30%;1.48%;1.48%;0.33%
16-01-04;-0.50%;-0.08%;0.03%;-0.72%;-1.61%;-0.39%;-0.41%;-0.23%;-0.44%;-0.44%;-0.67%
17-01-04;0.00%;0.00%;0.00%;0.28%;0.11%;-0.09%;-0.14%;-0.13%;0.00%;0.00%;0.00%
18-01-04;0.00%;0.00%;0.00%;0.00%;0.00%;0.00%;0.00%;0.00%;0.00%;0.00%;0.00%
19-01-04;-0.20%;0.36%;0.15%;1.37%;1.37%;1.37%;1.37%;1.37%;1.37%;1.37%;0.43%
20-01-04;-0.38%;-0.06%;0.03%;-0.71%;-0.03%;-0.84%;-0.85%;-0.82%;-0.82%;-0.82%;-0.77%
21-01-04;-0.37%;-0.09%;0.03%;-0.58%;0.03%;-0.99%;-0.72%;-1.09%;-0.98%;-0.98%;0.13%
22-01-04;0.33%;0.04%;0.14%;0.30%;-0.75%;-0.40%;-0.22%;-0.36%;-0.41%;-0.41%;0.25%
23-01-04;-0.10%;0.18%;0.00%;0.28%;0.20%;0.34%;0.46%;0.52%;0.16%;0.16%;0.48%
24-01-04;0.00%;0.00%;0.00%;-0.18%;0.48%;-0.08%;-0.04%;-0.22%;0.00%;0.00%;0.00%
25-01-04;0.00%;0.00%;0.00%;0.00%;0.00%;0.00%;0.00%;0.00%;0.00%;0.00%;0.00%
26-01-04;-0.44%;0.35%;0.06%;1.30%;1.30%;1.30%;1.30%;1.30%;1.30%;1.30%;0.57%
27-01-04;0.03%;0.19%;0.15%;1.14%;1.34%;0.69%;0.69%;0.79%;0.94%;0.94%;-0.01%
28-01-04;-0.35%;-0.13%;-0.12%;-0.59%;0.16%;-0.03%;-0.22%;-0.18%;-0.19%;-0.19%;-0.22%
29-01-04;-0.39%;0.35%;-0.01%;0.53%;0.74%;1.07%;0.86%;0.55%;1.30%;1.30%;0.60%
30-01-04;-0.14%;0.35%;0.31%;1.29%;-0.08%;1.76%;1.18%;1.05%;1.99%;1.99%;-0.23%
31-01-04;0.00%;0.00%;0.00%;-0.15%;-0.44%;0.19%;-0.05%;-0.16%;0.00%;0.00%;0.00%
01-02-04;0.00%;0.00%;0.00%;0.00%;0.00%;0.00%;0.00%;0.00%;0.00%;0.00%;0.00%
02-02-04;-0.07%;-0.21%;0.04%;-0.90%;-0.90%;-0.90%;-0.90%;-0.90%;-0.90%;-0.90%;-1.57%
03-02-04;0.18%;-0.36%;-0.03%;-2.10%;-2.51%;-2.42%;-2.64%;-2.77%;-2.42%;-2.42%;-1.18%
04-02-04;-0.09%;0.30%;0.12%;0.88%;0.79%;0.81%;0.78%;1.12%;0.68%;0.68%;1.26%
05-02-04;0.64%;0.29%;0.17%;0.16%;0.70%;1.09%;0.85%;0.94%;1.05%;1.05%;0.31%
06-02-04;0.28%;0.25%;-0.01%;1.64%;0.92%;1.31%;1.04%;0.86%;1.36%;1.36%;-0.02%
07-02-04;0.00%;0.00%;0.00%;1.22%;1.40%;0.22%;0.20%;0.33%;0.00%;0.00%;0.00%
08-02-04;0.00%;0.00%;0.00%;0.00%;0.00%;0.00%;0.00%;0.00%;0.00%;0.00%;0.00%
09-02-04;0.13%;0.11%;0.10%;0.55%;0.55%;0.54%;0.55%;0.55%;0.55%;0.55%;0.21%
10-02-04;0.03%;-0.39%;-0.07%;-1.79%;-0.25%;-1.87%;-1.59%;-1.52%;-1.96%;-1.96%;-0.62%
11-02-04;0.03%;-0.15%;-0.01%;-0.28%;-0.42%;-0.70%;-0.71%;-0.91%;-0.64%;-0.64%;0.75%
12-02-04;-0.06%;0.10%;0.03%;0.49%;0.53%;0.07%;0.15%;0.57%;-0.13%;-0.13%;0.46%
13-02-04;0.46%;-0.14%;0.05%;-0.77%;0.14%;-0.96%;-0.54%;-0.76%;-0.94%;-0.94%;-0.06%
14-02-04;0.00%;0.00%;0.00%;-0.34%;0.60%;0.08%;0.02%;0.06%;0.00%;0.00%;0.00%
15-02-04;0.00%;0.00%;0.00%;0.00%;0.00%;0.00%;0.00%;0.00%;0.00%;0.00%;0.00%
16-02-04;0.66%;0.05%;0.17%;-0.11%;-0.11%;-0.11%;-0.11%;-0.11%;-0.11%;-0.11%;0.34%
17-02-04;1.39%;0.11%;0.01%;0.69%;0.51%;0.60%;0.60%;0.59%;0.59%;0.59%;0.56%
18-02-04;1.25%;-0.24%;0.08%;-0.29%;-0.40%;-1.22%;-1.18%;-1.45%;-1.26%;-1.26%;-0.42%
19-02-04;0.06%;-0.02%;0.05%;-0.51%;-0.31%;-0.20%;-0.37%;-0.63%;-0.21%;-0.21%;1.03%
20-02-04;0.37%;0.44%;0.10%;1.43%;0.75%;1.63%;1.44%;1.41%;1.72%;1.72%;1.16%
21-02-04;0.00%;0.00%;0.00%;-0.79%;-0.63%;-0.07%;-0.21%;0.01%;0.00%;0.00%;0.00%
22-02-04;0.00%;0.00%;0.00%;0.00%;0.00%;0.00%;0.00%;0.00%;0.00%;0.00%;0.00%
23-02-04;1.42%;0.16%;0.09%;0.69%;0.69%;0.69%;0.69%;0.69%;0.69%;0.69%;-0.68%
24-02-04;-0.15%;0.19%;0.11%;0.21%;-0.21%;0.29%;0.18%;0.40%;0.23%;0.23%;-0.13%
25-02-04;0.22%;0.07%;-0.02%;0.27%;-0.08%;0.69%;0.66%;0.81%;0.53%;0.53%;0.40%
26-02-04;0.22%;-0.03%;0.01%;-0.29%;-0.18%;-0.25%;-0.38%;-0.46%;-0.29%;-0.29%;-0.94%
27-02-04;0.52%;0.30%;0.42%;0.94%;1.42%;1.02%;0.95%;1.13%;1.07%;1.07%;0.80%
28-02-04;0.00%;0.00%;0.00%;0.25%;1.09%;0.18%;0.12%;0.01%;0.00%;0.00%;0.00%
29-02-04;0.00%;0.00%;0.00%;0.00%;0.00%;0.00%;0.00%;0.00%;0.00%;0.00%;0.00%
01-03-04;0.49%;0.06%;0.18%;-0.24%;-0.24%;-0.24%;-0.24%;-0.24%;-0.24%;-0.24%;-0.07%
02-03-04;1.05%;-0.01%;0.07%;0.34%;0.75%;-0.87%;-0.61%;-0.55%;-0.82%;-0.82%;0.09%
03-03-04;0.29%;0.01%;-0.06%;-0.20%;1.03%;0.21%;0.21%;0.26%;0.38%;0.38%;0.84%
04-03-04;-0.45%;0.28%;0.14%;0.96%;0.24%;1.26%;1.33%;1.69%;1.44%;1.44%;0.97%
05-03-04;-0.52%;0.11%;0.04%;0.87%;1.05%;0.56%;0.54%;0.48%;0.42%;0.42%;-0.34%
06-03-04;0.00%;0.00%;0.00%;0.74%;0.60%;0.53%;0.68%;0.77%;0.00%;0.00%;0.00%
07-03-04;0.00%;0.00%;0.00%;0.00%;0.00%;0.00%;0.00%;0.00%;0.00%;0.00%;0.00%
08-03-04;-1.50%;-0.17%;0.02%;-1.37%;-1.37%;-1.37%;-1.37%;-1.37%;-1.37%;-1.37%;-0.65%
09-03-04;1.06%;0.04%;0.12%;-0.57%;-0.30%;0.32%;0.33%;0.68%;0.04%;0.04%;0.10%
10-03-04;0.40%;0.08%;0.03%;-0.32%;-0.13%;0.20%;0.23%;0.29%;0.08%;0.08%;-0.15%
11-03-04;-0.45%;0.33%;0.20%;-0.30%;-0.66%;1.15%;0.80%;0.65%;1.19%;1.19%;0.35%
12-03-04;-0.70%;0.08%;0.20%;-1.75%;-1.53%;0.01%;-0.22%;-0.55%;-0.05%;-0.05%;-1.04%
13-03-04;0.00%;0.00%;0.00%;0.47%;-0.53%;-0.01%;0.10%;0.56%;0.00%;0.00%;0.00%
14-03-04;0.00%;0.00%;0.00%;0.00%;0.00%;0.00%;0.00%;0.00%;0.00%;0.00%;0.00%
15-03-04;-1.29%;0.04%;0.42%;0.10%;0.10%;0.10%;0.10%;0.10%;0.10%;0.10%;-1.06%
16-03-04;0.86%;0.13%;0.04%;-0.61%;-0.01%;0.53%;0.56%;0.68%;0.52%;0.52%;0.33%
17-03-04;0.23%;0.07%;0.07%;1.12%;0.27%;0.24%;0.25%;0.37%;0.19%;0.19%;-0.53%
18-03-04;-0.69%;0.08%;0.07%;1.34%;1.55%;0.43%;0.32%;0.55%;0.36%;0.36%;0.34%
19-03-04;-0.14%;-0.21%;0.03%;-0.63%;0.23%;-0.85%;-0.54%;-0.63%;-0.75%;-0.75%;0.16%
20-03-04;0.00%;0.00%;0.00%;-0.66%;0.47%;-0.09%;0.02%;0.16%;0.00%;0.00%;0.00%
21-03-04;0.00%;0.00%;0.00%;0.00%;0.00%;0.00%;0.00%;0.00%;0.00%;0.00%;0.00%
22-03-04;-1.45%;0.05%;0.07%;0.60%;0.60%;0.60%;0.60%;0.60%;0.60%;0.60%;0.49%
23-03-04;0.09%;0.11%;-0.08%;-1.21%;-1.63%;0.27%;0.13%;0.08%;0.11%;0.11%;-0.53%
24-03-04;-0.61%;-0.06%;-0.13%;0.36%;-0.15%;0.52%;0.39%;0.50%;0.50%;0.50%;-0.55%
25-03-04;0.42%;0.03%;0.02%;0.37%;0.78%;0.73%;0.48%;0.57%;0.64%;0.64%;-0.21%
26-03-04;-0.30%;0.11%;0.14%;1.34%;-0.58%;-0.03%;-0.03%;0.03%;-0.02%;-0.02%;-0.29%
27-03-04;0.00%;0.00%;0.00%;0.06%;0.71%;-0.29%;-0.05%;-0.14%;0.00%;0.00%;0.00%
28-03-04;0.00%;0.00%;0.00%;0.00%;0.00%;0.00%;0.00%;0.00%;0.00%;0.00%;0.00%
29-03-04;0.58%;0.13%;0.03%;0.43%;0.43%;0.43%;0.43%;0.43%;0.43%;0.43%;0.84%
30-03-04;0.15%;-0.14%;-0.15%;1.41%;1.55%;-0.10%;0.33%;0.19%;0.18%;0.18%;0.47%
31-03-04;0.42%;0.09%;-0.23%;1.11%;1.58%;0.83%;0.83%;0.69%;0.79%;0.79%;0.89%
01-04-04;0.95%;-0.15%;0.06%;-0.77%;0.09%;-0.93%;-0.84%;-0.75%;0.25%;0.25%;-0.20%
02-04-04;0.48%;-0.30%;-0.35%;-0.08%;-0.27%;-1.10%;-0.78%;-0.74%;-0.96%;-0.96%;0.23%
03-04-04;0.00%;0.00%;0.00%;0.46%;0.40%;-0.65%;-0.71%;-1.01%;0.00%;0.00%;0.00%
04-04-04;0.00%;0.00%;0.00%;0.00%;0.00%;0.00%;0.00%;0.00%;0.00%;0.00%;0.00%
05-04-04;0.62%;-0.14%;-0.06%;-0.20%;-0.20%;-0.19%;-0.20%;-0.20%;-0.20%;-0.20%;0.58%
06-04-04;-0.23%;0.16%;0.05%;-0.26%;0.10%;-0.82%;-0.82%;-0.80%;-0.60%;-0.60%;0.33%
07-04-04;-0.24%;0.00%;0.14%;-0.42%;0.24%;-0.19%;-0.04%;0.10%;-0.30%;-0.30%;0.51%
08-04-04;-0.60%;0.10%;0.11%;0.41%;0.84%;0.60%;0.67%;0.47%;0.48%;0.48%;0.30%
09-04-04;0.00%;0.00%;0.01%;-0.12%;0.21%;-0.05%;-0.05%;-0.05%;0.00%;0.00%;0.00%
10-04-04;0.00%;0.00%;0.00%;-0.15%;-0.40%;0.01%;0.00%;0.00%;0.00%;0.00%;0.00%
11-04-04;0.00%;0.00%;0.00%;0.00%;0.00%;0.00%;0.00%;0.00%;0.00%;0.00%;0.00%
12-04-04;-0.17%;-0.11%;0.07%;-0.91%;-0.91%;-0.90%;-0.91%;-0.91%;-0.91%;-0.91%;-0.87%
13-04-04;-0.31%;-0.22%;-0.23%;0.07%;0.38%;-0.37%;-0.22%;-0.30%;-0.30%;-0.30%;0.06%
14-04-04;-0.34%;-0.24%;-0.02%;-1.52%;-1.06%;-0.79%;-0.91%;-0.94%;-0.49%;-0.49%;-0.23%
15-04-04;-0.60%;0.21%;-0.12%;0.42%;-0.22%;1.01%;0.90%;0.74%;1.19%;1.19%;0.20%
16-04-04;-0.10%;-0.10%;-0.08%;0.16%;-0.44%;0.36%;0.05%;-0.71%;0.32%;0.32%;-0.91%
17-04-04;0.00%;0.00%;0.00%;0.77%;-0.23%;0.21%;0.26%;0.41%;0.00%;0.00%;0.00%
18-04-04;0.00%;0.00%;0.00%;0.00%;0.00%;0.00%;0.00%;0.00%;0.00%;0.00%;0.00%
19-04-04;-0.80%;0.13%;0.02%;-0.64%;-0.64%;-0.64%;-0.64%;-0.64%;-0.64%;-0.64%;-0.74%
20-04-04;-0.19%;-0.07%;0.14%;-0.38%;-0.55%;-0.44%;-0.32%;-0.29%;-0.41%;-0.41%;0.05%
21-04-04;-0.68%;-0.01%;-0.11%;-0.54%;0.35%;0.06%;-0.08%;-0.40%;0.23%;0.23%;0.16%
22-04-04;0.53%;0.22%;0.03%;1.13%;0.31%;1.27%;1.06%;0.90%;1.37%;1.37%;-0.18%
23-04-04;0.70%;0.01%;-0.14%;1.74%;-0.02%;1.00%;1.05%;1.27%;0.83%;0.83%;0.22%
24-04-04;0.00%;0.00%;0.00%;0.19%;1.14%;-0.16%;-0.05%;-0.01%;0.00%;0.00%;0.00%
25-04-04;0.00%;0.00%;0.00%;0.00%;0.00%;0.00%;0.00%;0.00%;0.00%;0.00%;0.00%
26-04-04;0.17%;0.08%;0.05%;-0.17%;-0.17%;-0.17%;-0.17%;-0.17%;-0.17%;-0.17%;0.10%
27-04-04;0.10%;-0.02%;0.05%;-0.40%;-1.21%;-0.40%;-0.31%;-0.43%;-0.41%;-0.41%;0.17%
28-04-04;-0.48%;0.15%;0.14%;0.97%;0.29%;0.98%;0.86%;0.29%;0.92%;0.92%;0.49%
29-04-04;-0.43%;0.27%;0.23%;-0.52%;-0.80%;0.81%;0.46%;-0.34%;0.95%;0.95%;-0.09%
30-04-04;-0.19%;0.09%;-0.07%;-0.06%;-2.48%;0.30%;0.14%;-0.26%;0.43%;0.43%;-0.83%
01-05-04;0.00%;0.00%;0.00%;-0.68%;-1.88%;0.09%;0.04%;0.19%;0.00%;0.00%;0.00%
02-05-04;0.00%;0.00%;0.00%;0.00%;0.00%;0.00%;0.00%;0.00%;0.00%;0.00%;0.00%
03-05-04;-0.75%;0.12%;0.22%;0.02%;0.02%;0.02%;0.02%;0.02%;0.02%;0.02%;-1.10%
04-05-04;0.43%;0.00%;0.12%;0.49%;-0.23%;-0.11%;-0.31%;-0.57%;-0.11%;-0.11%;-0.62%
05-05-04;0.27%;0.05%;0.03%;0.39%;1.20%;-0.36%;-0.47%;-0.63%;-0.33%;-0.33%;0.13%
06-05-04;-0.35%;0.07%;0.03%;0.52%;-0.24%;-0.03%;0.09%;0.14%;0.06%;0.06%;0.91%
07-05-04;-0.36%;0.11%;0.03%;0.12%;-0.37%;1.11%;0.54%;-0.23%;1.28%;1.28%;0.47%
08-05-04;0.00%;0.00%;0.00%;-1.59%;-1.17%;-0.49%;-1.13%;-1.81%;0.00%;0.00%;0.00%
09-05-04;0.00%;0.00%;0.00%;0.00%;0.00%;0.00%;0.00%;0.00%;0.00%;0.00%;0.00%
10-05-04;-1.58%;0.27%;0.17%;1.27%;1.27%;1.27%;1.27%;1.27%;1.27%;1.27%;-0.86%
11-05-04;0.99%;0.25%;0.02%;-1.41%;-3.95%;0.90%;-0.06%;-0.40%;0.90%;0.90%;-1.16%
12-05-04;-0.36%;0.01%;0.12%;0.17%;0.20%;-0.48%;-0.25%;1.22%;-0.54%;-0.54%;-2.26%
13-05-04;-0.52%;0.09%;0.16%;0.50%;1.56%;0.06%;-0.05%;-0.02%;0.13%;0.13%;0.95%
14-05-04;0.09%;-0.04%;0.10%;-0.13%;-1.03%;0.00%;-0.37%;-0.16%;0.13%;0.13%;-0.11%
15-05-04;0.00%;0.00%;0.00%;-0.22%;-1.88%;0.21%;0.19%;0.85%;0.00%;0.00%;0.00%
16-05-04;0.00%;0.00%;0.00%;0.00%;0.00%;0.00%;0.00%;0.00%;0.00%;0.00%;0.00%
17-05-04;-0.86%;-0.06%;0.27%;-0.69%;-0.69%;-0.69%;-0.69%;-0.69%;-0.69%;-0.69%;-0.67%
18-05-04;0.23%;0.31%;0.11%;-0.44%;-2.74%;0.87%;0.83%;1.28%;0.54%;0.54%;0.14%
19-05-04;0.54%;-0.08%;-0.08%;0.33%;1.36%;-0.51%;-0.15%;-0.10%;-0.36%;-0.36%;-1.37%
20-05-04;-0.16%;-0.06%;0.12%;0.42%;3.48%;-0.81%;-0.33%;-0.76%;-0.62%;-0.62%;0.97%
21-05-04;0.00%;0.01%;0.01%;-0.54%;-1.25%;0.19%;-0.27%;-0.57%;0.00%;0.00%;0.00%
22-05-04;0.00%;0.00%;0.00%;0.76%;1.26%;-0.04%;0.29%;0.24%;0.00%;0.00%;0.00%
23-05-04;0.00%;0.00%;0.00%;0.00%;0.00%;0.00%;0.00%;0.00%;0.00%;0.00%;0.00%
24-05-04;-0.61%;0.19%;0.10%;1.23%;1.23%;1.23%;1.23%;1.23%;1.23%;1.23%;1.44%
25-05-04;0.06%;0.06%;0.25%;-0.23%;0.51%;-0.39%;-0.17%;0.01%;-0.39%;-0.39%;-0.55%
26-05-04;0.70%;-0.10%;0.03%;0.49%;-0.68%;-0.43%;-0.10%;0.07%;-0.52%;-0.52%;0.44%
27-05-04;0.95%;0.05%;0.05%;0.68%;1.06%;0.37%;0.33%;0.14%;0.18%;0.18%;0.59%
28-05-04;-0.49%;-0.07%;0.09%;0.46%;1.04%;-0.34%;-0.21%;-0.26%;-0.59%;-0.59%;0.50%
29-05-04;0.00%;0.00%;0.00%;-0.19%;0.24%;-0.21%;0.05%;0.07%;0.00%;0.00%;0.00%
30-05-04;0.00%;0.00%;0.00%;0.00%;0.00%;0.00%;0.00%;0.00%;0.00%;0.00%;0.00%
31-05-04;-0.03%;-0.04%;0.10%;-0.39%;-0.39%;-0.39%;-0.39%;-0.39%;-0.39%;-0.39%;0.38%
01-06-04;-0.57%;0.22%;0.01%;0.66%;-0.07%;0.58%;0.58%;0.58%;0.58%;0.58%;0.65%
02-06-04;0.25%;0.20%;0.14%;0.90%;1.09%;0.81%;0.91%;0.61%;1.00%;1.00%;0.26%
03-06-04;-0.54%;0.11%;0.01%;0.27%;-0.45%;-0.17%;0.01%;0.00%;-0.08%;-0.08%;-0.75%
04-06-04;-0.03%;-0.03%;-0.05%;-0.49%;-2.12%;0.23%;0.13%;0.15%;0.18%;0.18%;0.04%
05-06-04;0.00%;0.00%;0.00%;0.54%;0.51%;-0.14%;0.16%;0.37%;0.00%;0.00%;0.00%
06-06-04;0.00%;0.00%;0.00%;0.00%;0.00%;0.00%;0.00%;0.00%;0.00%;0.00%;0.00%
07-06-04;0.00%;0.02%;0.04%;0.00%;0.00%;0.00%;0.00%;0.00%;0.00%;0.00%;0.00%
08-06-04;0.49%;-0.01%;-0.07%;1.97%;3.14%;0.26%;0.62%;0.90%;0.24%;0.24%;-0.29%
09-06-04;0.50%;-0.25%;-0.11%;-0.47%;-0.60%;-0.54%;-0.53%;-0.73%;-0.57%;-0.57%;0.87%
10-06-04;0.76%;0.01%;-0.06%;-0.43%;-0.37%;0.40%;0.35%;0.31%;0.60%;0.60%;0.50%
11-06-04;0.53%;-0.08%;-0.08%;1.10%;-0.11%;0.70%;0.64%;0.41%;0.71%;0.71%;0.05%
12-06-04;0.00%;0.00%;0.00%;-0.34%;-1.75%;-0.05%;-0.09%;0.00%;0.00%;0.00%;0.00%
13-06-04;0.00%;0.00%;0.00%;0.00%;0.00%;0.00%;0.00%;0.00%;0.00%;0.00%;0.00%
14-06-04;-0.64%;-0.01%;0.07%;0.00%;0.00%;0.00%;0.00%;0.00%;0.00%;0.00%;-0.37%
15-06-04;0.61%;0.06%;-0.19%;-1.14%;-1.90%;-0.47%;-0.34%;-0.78%;-0.22%;-0.22%;-0.27%
16-06-04;0.93%;0.05%;0.12%;0.64%;0.77%;0.63%;0.42%;0.92%;0.06%;0.06%;-0.36%
17-06-04;0.12%;0.04%;0.02%;0.54%;0.13%;-0.02%;0.24%;0.19%;0.15%;0.15%;0.21%
18-06-04;0.43%;-0.02%;0.08%;-0.12%;0.73%;-0.15%;0.09%;0.17%;-0.19%;-0.19%;0.40%
19-06-04;0.00%;0.00%;0.00%;0.33%;-0.38%;0.11%;0.24%;0.26%;0.00%;0.00%;0.00%
20-06-04;0.00%;0.00%;0.00%;0.00%;0.00%;0.00%;0.00%;0.00%;0.00%;0.00%;0.00%
21-06-04;-0.11%;0.01%;0.15%;-0.24%;-0.24%;-0.24%;-0.24%;-0.24%;-0.24%;-0.24%;0.35%
22-06-04;-0.32%;-0.08%;-0.05%;-0.18%;0.50%;0.06%;0.11%;0.11%;-0.02%;-0.02%;0.18%
23-06-04;0.73%;-0.10%;0.06%;-0.63%;-0.88%;-0.53%;-0.39%;-0.45%;-0.47%;-0.47%;-0.43%
24-06-04;0.73%;-0.08%;0.11%;0.32%;0.37%;-0.25%;-0.15%;0.01%;-0.28%;-0.28%;-0.04%
25-06-04;0.08%;-0.13%;-0.01%;-0.64%;0.65%;-0.91%;-0.94%;-1.01%;-1.14%;-1.14%;0.33%
26-06-04;0.00%;0.00%;0.00%;-0.47%;0.79%;0.03%;-0.12%;-0.40%;0.00%;0.00%;0.00%
27-06-04;0.00%;0.00%;0.00%;0.00%;0.00%;0.00%;0.00%;0.00%;0.00%;0.00%;0.00%
28-06-04;0.00%;0.02%;0.04%;0.00%;0.00%;0.00%;0.00%;0.00%;0.00%;0.00%;0.00%
29-06-04;-0.13%;0.02%;0.07%;0.36%;-0.56%;-0.28%;-0.05%;-0.39%;-0.02%;-0.02%;0.70%
30-06-04;0.40%;0.06%;-0.40%;0.13%;0.24%;0.47%;0.36%;0.61%;0.37%;0.37%;0.14%
01-07-04;0.02%;0.06%;0.06%;0.10%;0.90%;0.29%;0.17%;0.43%;7.71%;7.71%;0.01%
02-07-04;0.26%;0.00%;0.19%;-1.17%;-0.37%;-0.55%;-0.41%;-0.46%;-0.61%;-0.61%;0.07%
03-07-04;0.00%;0.00%;0.00%;-0.16%;-0.72%;0.39%;0.51%;0.92%;0.00%;0.00%;0.00%
04-07-04;0.00%;0.00%;0.00%;0.00%;0.00%;0.00%;0.00%;0.00%;0.00%;0.00%;0.00%
05-07-04;-0.06%;0.08%;0.14%;-0.32%;-0.32%;-0.32%;-0.32%;-0.32%;-0.32%;-0.32%;0.03%
06-07-04;0.39%;0.08%;0.10%;-0.21%;-0.02%;0.08%;0.07%;0.08%;0.08%;0.08%;-0.19%
07-07-04;0.38%;0.05%;-0.02%;-0.45%;0.14%;0.18%;0.39%;0.32%;0.18%;0.18%;0.05%
08-07-04;-0.11%;0.10%;0.11%;0.37%;0.66%;0.08%;0.14%;-0.17%;0.04%;0.04%;-0.06%
09-07-04;0.36%;0.01%;0.17%;-0.41%;-1.18%;0.00%;-0.03%;-0.38%;-0.05%;-0.05%;0.08%
10-07-04;0.00%;0.00%;0.00%;0.30%;0.52%;-0.03%;0.17%;0.27%;0.00%;0.00%;0.00%
11-07-04;0.00%;0.00%;0.00%;0.00%;0.00%;0.00%;0.00%;0.00%;0.00%;0.00%;0.00%
12-07-04;0.28%;0.15%;0.19%;0.69%;0.69%;0.69%;0.69%;0.69%;0.69%;0.69%;0.22%
13-07-04;0.33%;0.03%;0.00%;-0.26%;-0.17%;-0.25%;-0.13%;-0.02%;-0.36%;-0.36%;-0.10%
14-07-04;0.22%;-0.04%;0.02%;-0.07%;0.19%;-0.06%;0.14%;0.35%;0.10%;0.10%;0.23%
15-07-04;0.16%;0.00%;0.18%;-0.67%;-1.37%;-0.46%;-0.26%;-0.26%;-0.45%;-0.45%;-0.28%
16-07-04;0.82%;-0.02%;0.09%;-0.98%;-0.72%;-0.37%;-0.24%;-0.13%;-0.35%;-0.35%;-0.31%
17-07-04;0.00%;0.00%;0.00%;0.11%;0.90%;0.39%;0.49%;0.92%;0.00%;0.00%;0.00%
18-07-04;0.00%;0.00%;0.00%;0.00%;0.00%;0.00%;0.00%;0.00%;0.00%;0.00%;0.00%
19-07-04;-0.51%;-0.16%;0.18%;-1.17%;-1.17%;-1.17%;-1.17%;-1.17%;-1.17%;-1.17%;-0.27%
20-07-04;0.68%;0.08%;0.15%;-0.15%;0.45%;0.00%;0.18%;0.17%;0.00%;0.00%;0.20%
21-07-04;0.16%;0.04%;0.27%;0.37%;-0.69%;0.02%;0.07%;-0.12%;0.18%;0.18%;-0.20%
22-07-04;-0.25%;0.25%;0.16%;-0.22%;1.07%;0.45%;0.27%;-0.03%;0.67%;0.67%;0.29%
23-07-04;0.16%;0.10%;0.12%;-0.27%;-1.03%;0.11%;0.00%;0.15%;-0.02%;-0.02%;-0.52%
24-07-04;0.00%;0.00%;0.00%;-1.07%;-0.57%;0.02%;-0.17%;0.03%;0.00%;0.00%;0.00%
25-07-04;0.00%;0.00%;0.00%;0.00%;0.00%;0.00%;0.00%;0.00%;0.00%;0.00%;0.00%
26-07-04;-0.08%;0.13%;0.11%;0.69%;0.69%;0.69%;0.69%;0.69%;0.69%;0.69%;-0.25%
27-07-04;0.42%;0.29%;0.19%;0.75%;0.45%;1.05%;0.97%;0.72%;1.13%;1.13%;0.23%
28-07-04;0.44%;0.21%;0.29%;1.18%;1.15%;0.55%;0.51%;0.63%;0.83%;0.83%;-0.26%
29-07-04;0.54%;0.09%;0.25%;-0.10%;-0.21%;-0.24%;-0.26%;-0.08%;-0.24%;-0.24%;-0.15%
30-07-04;0.10%;0.03%;0.28%;-0.05%;-0.88%;-0.57%;-0.52%;-0.32%;-0.69%;-0.69%;-0.18%
31-07-04;0.00%;0.00%;0.00%;0.27%;0.99%;0.31%;0.17%;0.51%;0.00%;0.00%;0.00%
01-08-04;0.00%;0.00%;0.00%;0.00%;0.00%;0.00%;0.00%;0.00%;0.00%;0.00%;0.00%
02-08-04;-0.14%;0.10%;0.17%;0.47%;0.47%;0.47%;0.47%;0.47%;0.47%;0.47%;0.72%
03-08-04;-0.17%;0.02%;0.05%;0.62%;-0.15%;0.41%;0.52%;0.43%;0.37%;0.37%;0.33%
04-08-04;-0.08%;-0.02%;-0.01%;-0.51%;-0.11%;-0.24%;-0.25%;-0.22%;-0.34%;-0.34%;-0.27%
05-08-04;0.43%;0.03%;0.15%;-0.14%;0.08%;0.43%;0.35%;0.46%;0.34%;0.34%;0.46%
06-08-04;0.04%;-0.01%;0.05%;-1.20%;0.47%;-0.13%;-0.22%;-0.26%;-0.30%;-0.30%;-0.27%
07-08-04;0.00%;0.00%;0.00%;-0.94%;-0.60%;0.55%;0.70%;1.05%;0.00%;0.00%;0.00%
08-08-04;0.00%;0.00%;0.00%;0.00%;0.00%;0.00%;0.00%;0.00%;0.00%;0.00%;0.00%
09-08-04;0.29%;0.16%;0.23%;-0.37%;-0.37%;-0.36%;-0.37%;-0.37%;-0.37%;-0.37%;-0.06%
10-08-04;-0.05%;0.10%;0.16%;-0.42%;0.17%;-0.12%;-0.07%;-0.11%;-0.12%;-0.12%;-0.47%
11-08-04;0.53%;0.00%;0.07%;0.80%;-0.06%;-0.28%;-0.19%;-0.16%;-0.22%;-0.22%;-0.03%
12-08-04;0.30%;0.03%;0.03%;-0.15%;-0.54%;0.31%;0.22%;0.27%;0.37%;0.37%;0.59%
13-08-04;-0.17%;0.05%;0.23%;-0.56%;0.50%;0.31%;0.25%;0.36%;0.17%;0.17%;0.01%
14-08-04;0.00%;0.00%;0.00%;0.16%;0.29%;0.19%;0.31%;0.51%;0.00%;0.00%;0.00%
15-08-04;0.00%;0.00%;0.00%;0.00%;0.00%;0.00%;0.00%;0.00%;0.00%;0.00%;0.00%
16-08-04;0.38%;0.04%;0.47%;-0.10%;-0.10%;-0.09%;-0.10%;-0.10%;-0.10%;-0.10%;-0.14%
17-08-04;0.78%;0.12%;0.14%;0.68%;-0.10%;-0.33%;-0.17%;-0.13%;-0.23%;-0.23%;-0.29%
18-08-04;0.60%;0.05%;0.33%;-0.32%;-0.13%;-0.46%;-0.41%;-0.25%;-0.57%;-0.57%;0.35%
19-08-04;0.00%;0.15%;0.21%;0.74%;0.45%;0.00%;0.09%;0.08%;0.02%;0.02%;0.83%
20-08-04;0.56%;0.04%;0.33%;-0.33%;0.88%;-0.52%;-0.41%;-0.56%;-0.57%;-0.57%;0.18%
21-08-04;0.00%;0.00%;0.00%;0.28%;0.03%;0.02%;0.13%;0.35%;0.00%;0.00%;0.00%
22-08-04;0.00%;0.00%;0.00%;0.00%;0.00%;0.00%;0.00%;0.00%;0.00%;0.00%;0.00%
23-08-04;-0.43%;0.28%;0.34%;0.25%;0.25%;0.26%;0.25%;0.25%;0.25%;0.25%;0.44%
24-08-04;-0.08%;0.08%;0.22%;-0.49%;-0.58%;-0.66%;-0.50%;-0.43%;-0.46%;-0.46%;-0.14%
25-08-04;0.19%;-0.14%;-0.02%;-0.87%;-0.57%;-0.64%;-0.57%;-0.32%;-0.67%;-0.67%;-0.31%
26-08-04;0.17%;-0.20%;-0.26%;0.69%;0.61%;0.23%;0.22%;0.02%;0.14%;0.14%;0.66%
27-08-04;1.10%;-0.18%;-0.27%;0.53%;1.11%;0.35%;0.33%;0.29%;0.25%;0.25%;0.41%
28-08-04;0.00%;0.00%;0.00%;0.33%;0.12%;0.04%;0.04%;0.19%;0.00%;0.00%;0.00%
29-08-04;0.00%;0.00%;0.00%;0.00%;0.00%;0.00%;0.00%;0.00%;0.00%;0.00%;0.00%
30-08-04;0.24%;-0.03%;0.01%;-0.33%;-0.33%;-0.33%;-0.33%;-0.33%;-0.33%;-0.33%;-0.16%
31-08-04;-0.07%;-0.04%;-0.20%;-0.16%;0.55%;0.47%;0.55%;0.64%;0.38%;0.38%;0.74%
01-09-04;0.06%;-0.29%;-0.15%;-0.36%;-0.40%;-0.37%;-0.36%;-0.33%;-0.61%;-0.61%;-0.40%
02-09-04;-0.01%;0.07%;0.16%;0.74%;1.10%;0.27%;0.35%;0.18%;0.27%;0.27%;0.51%
03-09-04;0.14%;0.11%;0.31%;0.50%;0.29%;-0.34%;-0.26%;-0.42%;-0.19%;-0.19%;0.13%
04-09-04;0.00%;0.00%;0.00%;-0.50%;-0.68%;-0.35%;-0.14%;-0.11%;0.00%;0.00%;0.00%
05-09-04;0.00%;0.00%;0.00%;0.00%;0.00%;0.00%;0.00%;0.00%;0.00%;0.00%;0.00%
06-09-04;-0.12%;-0.12%;-0.22%;-0.30%;-0.30%;-0.30%;-0.30%;-0.30%;-0.30%;-0.30%;0.05%
07-09-04;-0.49%;-0.37%;-0.35%;0.08%;0.23%;-0.27%;-0.24%;-0.28%;-0.28%;-0.28%;-0.10%
08-09-04;-0.66%;-0.06%;0.03%;0.59%;0.19%;0.16%;0.35%;0.67%;0.10%;0.10%;0.18%
09-09-04;-0.50%;-0.01%;0.07%;-0.50%;-0.21%;-0.17%;-0.09%;-0.17%;-0.36%;-0.36%;-0.13%
10-09-04;0.44%;0.08%;0.25%;-0.55%;-0.22%;-0.32%;-0.29%;-0.42%;-0.43%;-0.43%;-0.32%
11-09-04;0.00%;0.00%;0.00%;0.69%;0.94%;0.14%;0.21%;0.02%;0.00%;0.00%;0.00%
12-09-04;0.00%;0.00%;0.00%;0.00%;0.00%;0.00%;0.00%;0.00%;0.00%;0.00%;0.00%
13-09-04;0.26%;-0.02%;-0.03%;0.11%;0.11%;0.11%;0.11%;0.11%;0.11%;0.11%;0.23%
14-09-04;0.83%;-0.28%;-0.08%;-0.11%;0.42%;-0.41%;-0.30%;-0.39%;-0.42%;-0.42%;0.04%
15-09-04;0.70%;-0.01%;-0.56%;0.18%;0.71%;0.05%;0.16%;0.23%;-0.04%;-0.04%;0.59%
16-09-04;0.29%;0.02%;0.06%;-1.04%;-0.40%;-0.09%;-0.16%;0.15%;-0.05%;-0.05%;0.27%
17-09-04;0.00%;0.01%;0.01%;0.31%;0.92%;0.16%;0.19%;0.53%;0.00%;0.00%;0.00%
18-09-04;0.00%;0.00%;0.00%;0.36%;0.13%;-0.03%;0.09%;0.07%;0.00%;0.00%;0.00%
19-09-04;0.00%;0.00%;0.00%;0.00%;0.00%;0.00%;0.00%;0.00%;0.00%;0.00%;0.00%
20-09-04;0.31%;-0.15%;-0.12%;-0.67%;-0.67%;-0.66%;-0.67%;-0.67%;-0.67%;-0.67%;-0.30%
21-09-04;0.83%;-0.18%;-0.08%;-0.58%;0.41%;-0.02%;-0.05%;0.14%;-0.20%;-0.20%;0.39%
22-09-04;-0.26%;0.18%;0.12%;1.26%;1.12%;0.51%;0.67%;0.59%;0.46%;0.46%;0.65%
23-09-04;0.55%;-0.01%;-0.04%;-0.92%;-0.74%;0.24%;0.18%;0.17%;0.09%;0.09%;0.07%
24-09-04;0.51%;-0.08%;-0.15%;-0.18%;-0.02%;0.09%;0.19%;-0.01%;0.11%;0.11%;-0.41%
25-09-04;0.00%;0.00%;0.00%;-0.06%;-0.17%;-0.02%;-0.14%;-0.39%;0.00%;0.00%;0.00%
26-09-04;0.00%;0.00%;0.00%;0.00%;0.00%;0.00%;0.00%;0.00%;0.00%;0.00%;0.00%
27-09-04;0.22%;0.01%;0.08%;-0.06%;-0.06%;-0.05%;-0.06%;-0.06%;-0.06%;-0.06%;-0.05%
28-09-04;-0.38%;0.16%;0.23%;-0.81%;-0.74%;-0.12%;-0.22%;-0.34%;-0.27%;-0.27%;-0.04%
29-09-04;1.08%;-0.14%;0.02%;-0.40%;-0.57%;-0.91%;-0.88%;-0.82%;-0.89%;-0.89%;-0.70%
30-09-04;0.08%;-0.03%;-0.14%;0.50%;0.35%;-0.14%;0.02%;0.05%;0.08%;0.08%;0.64%
01-10-04;1.54%;0.19%;0.24%;0.61%;0.84%;0.29%;0.44%;0.37%;3.34%;3.34%;0.69%
02-10-04;0.00%;0.00%;0.00%;1.42%;1.45%;-0.17%;-0.01%;-0.04%;0.00%;0.00%;0.00%
03-10-04;0.00%;0.00%;0.00%;0.00%;0.00%;0.00%;0.00%;0.00%;0.00%;0.00%;0.00%
04-10-04;0.81%;0.04%;0.09%;-0.13%;-0.13%;-0.13%;-0.13%;-0.13%;-0.13%;-0.13%;0.10%
05-10-04;-0.45%;-0.23%;-0.08%;-0.45%;1.33%;-0.79%;-0.64%;-0.21%;-0.76%;-0.76%;0.82%
06-10-04;-0.33%;-0.18%;0.01%;-0.38%;-0.55%;-0.45%;-0.38%;-0.39%;-0.53%;-0.53%;0.53%
07-10-04;-0.57%;0.08%;0.13%;0.51%;0.12%;0.03%;0.12%;0.03%;0.09%;0.09%;0.03%
08-10-04;-0.49%;0.07%;0.17%;-0.31%;0.57%;0.27%;0.36%;0.20%;0.35%;0.35%;0.24%
09-10-04;0.00%;0.00%;0.00%;-0.07%;0.04%;0.37%;0.49%;0.77%;0.00%;0.00%;0.00%
10-10-04;0.00%;0.00%;0.00%;0.00%;0.00%;0.00%;0.00%;0.00%;0.00%;0.00%;0.00%
11-10-04;0.00%;0.02%;0.03%;0.00%;0.00%;0.00%;0.00%;0.00%;0.00%;0.00%;0.00%
12-10-04;-0.76%;-0.12%;0.09%;-1.00%;-1.39%;-1.06%;-1.07%;-1.05%;-1.05%;-1.05%;-0.75%
13-10-04;-0.46%;0.07%;0.06%;-0.49%;-1.45%;0.48%;0.37%;0.64%;0.24%;0.24%;-0.14%
14-10-04;-0.05%;0.21%;0.17%;0.36%;-0.06%;0.89%;0.78%;0.61%;0.85%;0.85%;0.06%
15-10-04;0.90%;0.38%;0.38%;0.50%;0.33%;1.14%;1.02%;0.64%;0.95%;0.95%;-0.13%
16-10-04;0.00%;0.00%;0.00%;0.40%;0.40%;-0.06%;0.07%;0.08%;0.00%;0.00%;0.00%
17-10-04;0.00%;0.00%;0.00%;0.00%;0.00%;0.00%;0.00%;0.00%;0.00%;0.00%;0.00%
18-10-04;0.71%;0.12%;0.09%;0.35%;0.35%;0.35%;0.35%;0.35%;0.35%;0.35%;-0.36%
19-10-04;0.92%;-0.16%;-0.16%;-0.23%;-0.24%;-0.41%;-0.38%;-0.31%;-0.44%;-0.44%;-0.11%
20-10-04;-0.30%;0.01%;-0.08%;-0.02%;0.54%;0.04%;-0.04%;-0.23%;0.08%;0.08%;0.59%
21-10-04;0.68%;0.20%;0.03%;1.04%;-0.15%;1.37%;1.21%;1.19%;1.15%;1.15%;0.54%
22-10-04;0.52%;0.03%;0.15%;-0.24%;-0.03%;-0.58%;-0.40%;-0.30%;-0.59%;-0.59%;-0.97%
23-10-04;0.00%;0.00%;0.00%;-0.46%;0.47%;0.00%;0.12%;0.03%;0.00%;0.00%;0.00%
24-10-04;0.00%;0.00%;0.00%;0.00%;0.00%;0.00%;0.00%;0.00%;0.00%;0.00%;0.00%
25-10-04;-1.01%;-0.09%;0.02%;-0.78%;-0.78%;-0.78%;-0.78%;-0.78%;-0.78%;-0.78%;0.35%
26-10-04;0.14%;0.13%;0.04%;0.47%;-0.07%;0.89%;0.87%;0.38%;0.73%;0.73%;0.82%
27-10-04;0.54%;0.00%;0.06%;1.02%;0.47%;0.11%;0.33%;0.42%;0.12%;0.12%;-0.71%
28-10-04;0.43%;-0.01%;0.01%;0.77%;0.46%;-0.52%;-0.27%;-0.24%;-0.34%;-0.34%;0.08%
29-10-04;0.03%;0.14%;-0.10%;1.17%;1.33%;0.65%;0.84%;0.75%;0.75%;0.75%;1.12%
30-10-04;0.00%;0.00%;0.00%;0.00%;0.39%;0.14%;0.18%;0.28%;0.00%;0.00%;0.00%
31-10-04;0.00%;0.00%;0.00%;0.00%;0.00%;0.00%;0.00%;0.00%;0.00%;0.00%;0.00%
01-11-04;0.00%;0.01%;0.02%;0.00%;0.00%;0.00%;0.00%;0.00%;0.00%;0.00%;0.00%
02-11-04;0.37%;-0.07%;-0.02%;0.06%;0.13%;-0.29%;-0.02%;-0.15%;-0.21%;-0.21%;0.28%
03-11-04;0.14%;-0.12%;-0.01%;-0.46%;-0.11%;-0.85%;-0.59%;-0.49%;-0.77%;-0.77%;-0.31%
04-11-04;-0.11%;-0.03%;0.17%;0.53%;0.86%;-0.48%;-0.24%;-0.45%;-0.54%;-0.54%;0.61%
05-11-04;-0.38%;-0.10%;-0.05%;0.40%;-0.48%;-0.52%;-0.31%;-0.26%;-0.67%;-0.67%;0.23%
06-11-04;0.00%;0.00%;0.00%;0.59%;0.76%;-0.30%;-0.08%;-0.40%;0.00%;0.00%;0.00%
07-11-04;0.00%;0.00%;0.00%;0.00%;0.00%;0.00%;0.00%;0.00%;0.00%;0.00%;0.00%
08-11-04;-0.43%;0.11%;0.30%;-0.09%;-0.09%;-0.09%;-0.09%;-0.09%;-0.09%;-0.09%;0.54%
09-11-04;0.37%;0.06%;0.11%;-0.26%;-0.70%;-0.20%;-0.19%;-0.35%;-0.18%;-0.18%;0.11%
10-11-04;-0.39%;0.00%;-0.10%;0.37%;0.84%;0.63%;0.53%;0.62%;0.54%;0.54%;0.11%
11-11-04;-0.28%;-0.18%;-0.12%;-0.38%;0.20%;-0.35%;-0.43%;-0.42%;-0.32%;-0.32%;-0.41%
12-11-04;0.01%;-0.01%;0.12%;0.73%;0.19%;0.17%;0.03%;0.04%;0.04%;0.04%;0.20%
13-11-04;0.00%;0.00%;0.00%;0.96%;1.06%;0.17%;0.29%;0.51%;0.00%;0.00%;0.00%
14-11-04;0.00%;0.00%;0.00%;0.00%;0.00%;0.00%;0.00%;0.00%;0.00%;0.00%;0.00%
15-11-04;-0.60%;-0.06%;-0.26%;-0.65%;-0.65%;-0.65%;-0.65%;-0.65%;-0.65%;-0.65%;-0.07%
16-11-04;0.21%;-0.17%;-0.06%;-0.77%;-0.17%;-0.91%;-0.79%;-0.72%;-0.94%;-0.94%;0.06%
17-11-04;0.44%;0.05%;0.07%;-0.25%;-0.04%;0.25%;0.34%;0.25%;0.22%;0.22%;0.52%
18-11-04;0.48%;-0.05%;0.11%;0.05%;0.79%;-0.66%;-0.46%;-0.28%;-0.74%;-0.74%;-0.25%
19-11-04;0.00%;0.03%;0.01%;0.08%;0.30%;0.19%;0.33%;0.43%;0.18%;0.18%;0.00%
20-11-04;0.00%;0.00%;0.00%;-0.52%;-0.56%;-0.07%;-0.03%;-0.35%;0.00%;0.00%;0.00%
21-11-04;0.00%;0.00%;0.00%;0.00%;0.00%;0.00%;0.00%;0.00%;0.00%;0.00%;0.00%
22-11-04;0.07%;0.04%;0.18%;0.00%;0.00%;0.00%;0.00%;0.00%;0.00%;0.00%;0.49%
23-11-04;0.55%;0.10%;-0.04%;0.77%;-0.05%;0.99%;0.85%;0.92%;0.83%;0.83%;0.33%
24-11-04;0.71%;-0.10%;-0.08%;-0.53%;-0.04%;-0.64%;-0.55%;-0.60%;-0.66%;-0.66%;-0.71%
25-11-04;0.16%;-0.08%;0.01%;0.02%;0.32%;-0.46%;-0.31%;-0.29%;-0.47%;-0.47%;0.42%
26-11-04;0.03%;-0.01%;0.02%;0.47%;0.39%;0.02%;0.04%;-0.05%;-0.05%;-0.05%;0.51%
27-11-04;0.00%;0.00%;0.00%;0.00%;0.18%;-0.06%;-0.02%;-0.20%;0.00%;0.00%;0.00%
28-11-04;0.00%;0.00%;0.00%;0.00%;0.00%;0.00%;0.00%;0.00%;0.00%;0.00%;0.00%
29-11-04;0.20%;-0.02%;0.10%;-0.17%;-0.17%;-0.17%;-0.17%;-0.17%;-0.17%;-0.17%;0.02%
30-11-04;0.60%;0.02%;-0.07%;0.15%;0.82%;-0.02%;-0.01%;-0.36%;0.17%;0.17%;0.33%
01-12-04;0.62%;0.03%;0.11%;-0.38%;0.65%;0.11%;0.00%;-0.05%;0.08%;0.08%;0.10%
02-12-04;-0.07%;-0.26%;-0.15%;0.65%;-0.32%;-0.44%;-0.31%;-0.22%;-0.44%;-0.44%;-0.05%
03-12-04;-0.09%;-0.18%;0.07%;-0.30%;0.14%;-0.56%;-0.52%;-0.61%;-0.44%;-0.44%;0.22%
04-12-04;0.00%;0.00%;0.00%;0.29%;-0.13%;0.37%;0.39%;0.48%;0.00%;0.00%;0.00%
05-12-04;0.00%;0.00%;0.00%;0.00%;0.00%;0.00%;0.00%;0.00%;0.00%;0.00%;0.00%
06-12-04;-0.24%;0.08%;0.06%;-0.20%;-0.20%;-0.19%;-0.20%;-0.20%;-0.20%;-0.20%;0.49%
07-12-04;-0.59%;-0.03%;-0.03%;-0.31%;0.00%;0.02%;0.07%;0.19%;-0.18%;-0.18%;-0.21%
08-12-04;0.00%;0.00%;0.01%;-0.65%;-0.62%;0.08%;0.13%;0.12%;0.00%;0.00%;0.00%
09-12-04;-0.59%;0.12%;0.20%;-0.35%;-1.37%;0.25%;0.04%;0.23%;0.05%;0.05%;0.01%
10-12-04;0.43%;0.35%;0.03%;1.73%;1.06%;1.86%;1.88%;1.76%;1.83%;1.83%;-0.08%
11-12-04;0.00%;0.00%;0.00%;-0.13%;-0.63%;0.04%;-0.02%;-0.06%;0.00%;0.00%;0.00%
12-12-04;0.00%;0.00%;0.00%;0.00%;0.00%;0.00%;0.00%;0.00%;0.00%;0.00%;0.00%
13-12-04;-0.01%;0.27%;0.18%;0.82%;0.82%;0.82%;0.82%;0.82%;0.82%;0.82%;-0.67%
14-12-04;-0.01%;-0.18%;0.12%;-0.20%;-0.50%;-1.14%;-1.02%;-0.99%;-1.22%;-1.22%;-0.66%
15-12-04;-0.09%;-0.23%;-0.13%;-1.58%;-0.86%;-1.84%;-1.80%;-1.71%;-1.87%;-1.87%;-0.30%
16-12-04;-0.10%;0.04%;-0.04%;0.55%;1.16%;0.08%;0.22%;0.36%;-0.11%;-0.11%;1.18%
17-12-04;-0.04%;0.03%;0.16%;-0.54%;0.29%;-0.39%;-0.30%;-0.32%;-0.16%;-0.16%;-0.12%
18-12-04;0.00%;0.00%;0.00%;-0.59%;-0.10%;-0.13%;-0.04%;0.04%;0.00%;0.00%;0.00%
19-12-04;0.00%;0.00%;0.00%;0.00%;0.00%;0.00%;0.00%;0.00%;0.00%;0.00%;0.00%
20-12-04;0.22%;-0.01%;0.23%;-0.08%;-0.08%;-0.08%;-0.08%;-0.08%;-0.08%;-0.08%;0.26%
21-12-04;0.46%;-0.28%;-0.06%;-1.45%;-1.29%;-1.95%;-1.78%;-1.82%;-2.06%;-2.06%;-0.98%
22-12-04;0.32%;-0.07%;0.01%;0.48%;0.63%;0.13%;0.16%;0.23%;0.14%;0.14%;0.89%
23-12-04;-0.34%;0.03%;-0.17%;0.64%;0.24%;0.13%;0.23%;0.24%;0.16%;0.16%;0.40%
24-12-04;-0.14%;-0.08%;0.10%;-0.13%;-0.07%;-0.44%;-0.39%;-0.53%;-0.50%;-0.50%;0.06%
25-12-04;0.00%;0.00%;0.00%;0.29%;0.28%;0.00%;0.04%;0.00%;0.00%;0.00%;0.00%
26-12-04;0.00%;0.00%;0.00%;0.00%;0.00%;0.00%;0.00%;0.00%;0.00%;0.00%;0.00%
27-12-04;-0.33%;-0.05%;0.01%;-0.55%;-0.55%;-0.55%;-0.55%;-0.55%;-0.55%;-0.55%;-0.09%
28-12-04;-0.06%;-0.03%;-0.04%;0.00%;0.26%;-0.10%;0.04%;0.03%;0.01%;0.01%;0.28%
29-12-04;0.00%;0.00%;0.18%;0.15%;0.05%;-0.28%;-0.27%;-0.34%;-0.26%;-0.26%;-0.20%
30-12-04;0.25%;0.09%;0.19%;-0.12%;0.40%;-0.23%;0.09%;0.06%;0.03%;0.03%;0.38%
31-12-04;0.00%;-0.04%;-0.15%;0.36%;0.47%;0.14%;0.10%;0.08%;0.00%;0.00%;0.05%
01-01-05;0.00%;0.00%;0.00%;-0.05%;0.62%;0.10%;0.01%;0.08%;9.80%;9.80%;0.00%
02-01-05;0.00%;0.00%;0.00%;0.00%;0.00%;0.00%;0.00%;0.00%;0.00%;0.00%;0.00%
03-01-05;-0.36%;0.00%;0.09%;-0.44%;-0.44%;-0.43%;-0.44%;-0.44%;-0.44%;-0.44%;0.08%
04-01-05;-0.60%;0.05%;0.05%;-0.15%;0.56%;0.53%;0.64%;0.62%;0.52%;0.52%;0.42%
05-01-05;-0.58%;0.36%;0.14%;0.44%;-0.20%;1.52%;1.18%;1.06%;1.53%;1.53%;-0.04%
06-01-05;-0.70%;0.01%;-0.22%;-0.15%;-1.04%;0.42%;0.15%;-0.06%;0.42%;0.42%;-0.82%
07-01-05;0.45%;0.04%;0.26%;-0.35%;-1.67%;-0.24%;-0.53%;-0.41%;-0.34%;-0.34%;-1.27%
08-01-05;0.00%;0.00%;0.00%;-0.19%;0.14%;0.03%;-0.09%;0.15%;0.00%;0.00%;0.00%
09-01-05;0.00%;0.00%;0.00%;0.00%;0.00%;0.00%;0.00%;0.00%;0.00%;0.00%;0.00%
10-01-05;-0.18%;-0.04%;0.00%;-0.25%;-0.25%;-0.25%;-0.25%;-0.25%;-0.25%;-0.25%;-0.31%
11-01-05;-1.66%;-0.06%;0.03%;0.22%;0.04%;-0.09%;-0.19%;-0.29%;-0.15%;-0.15%;0.32%
12-01-05;-0.27%;-0.01%;-0.04%;-0.19%;0.45%;0.15%;0.03%;0.21%;0.08%;0.08%;0.13%
13-01-05;0.76%;0.00%;-0.08%;0.63%;0.30%;0.26%;0.43%;0.55%;0.21%;0.21%;0.02%
14-01-05;0.46%;-0.02%;-0.04%;-0.91%;0.23%;-0.13%;-0.28%;-0.02%;-0.29%;-0.29%;-0.35%
15-01-05;0.00%;0.00%;0.00%;0.20%;0.60%;-0.06%;-0.23%;-0.29%;0.00%;0.00%;0.00%
16-01-05;0.00%;0.00%;0.00%;0.00%;0.00%;0.00%;0.00%;0.00%;0.00%;0.00%;0.00%
17-01-05;-0.22%;0.21%;0.03%;0.78%;0.78%;0.78%;0.78%;0.78%;0.78%;0.78%;0.69%
18-01-05;-1.00%;0.25%;0.24%;0.73%;1.22%;0.58%;0.53%;0.54%;0.54%;0.54%;0.44%
19-01-05;0.51%;0.33%;0.30%;1.29%;0.35%;1.07%;0.86%;0.81%;1.00%;1.00%;0.48%
20-01-05;0.54%;-0.08%;-0.13%;-0.48%;0.13%;0.01%;0.01%;0.04%;-0.05%;-0.05%;-0.43%
21-01-05;-0.10%;0.02%;-0.15%;-0.21%;-0.11%;0.66%;0.57%;0.95%;0.71%;0.71%;0.39%
22-01-05;0.00%;0.00%;0.00%;-0.24%;0.22%;0.07%;0.11%;0.24%;0.00%;0.00%;0.00%
23-01-05;0.00%;0.00%;0.00%;0.00%;0.00%;0.00%;0.00%;0.00%;0.00%;0.00%;0.00%
24-01-05;-0.21%;-0.04%;0.22%;-0.65%;-0.65%;-0.65%;-0.65%;-0.65%;-0.65%;-0.65%;-0.81%
25-01-05;0.17%;-0.01%;0.04%;-0.41%;-0.08%;-0.34%;-0.25%;-0.16%;-0.43%;-0.43%;-0.15%
26-01-05;0.63%;0.37%;0.28%;1.22%;1.30%;1.13%;1.21%;1.25%;1.20%;1.20%;0.72%
27-01-05;0.85%;0.05%;0.00%;0.78%;0.88%;-0.08%;0.12%;0.08%;-0.05%;-0.05%;0.08%
28-01-05;-0.08%;0.07%;0.10%;0.20%;0.42%;0.15%;0.24%;0.12%;0.20%;0.20%;0.58%
29-01-05;0.00%;0.00%;0.00%;-0.39%;0.35%;0.18%;0.10%;0.14%;0.00%;0.00%;0.00%
30-01-05;0.00%;0.00%;0.00%;0.00%;0.00%;0.00%;0.00%;0.00%;0.00%;0.00%;0.00%
31-01-05;0.47%;-0.07%;-0.10%;0.06%;0.06%;0.06%;0.06%;0.06%;0.06%;0.06%;0.18%
01-02-05;-0.23%;-0.07%;-0.07%;0.65%;1.12%;-0.08%;-0.03%;0.08%;-0.13%;-0.13%;-0.03%
02-02-05;0.02%;0.12%;0.03%;0.23%;-0.34%;-0.24%;-0.20%;-0.32%;-0.27%;-0.27%;0.35%
03-02-05;0.13%;0.01%;0.16%;0.19%;0.08%;-0.21%;-0.07%;-0.24%;-0.22%;-0.22%;0.09%
04-02-05;0.26%;-0.12%;0.01%;-1.38%;-0.39%;-0.97%;-0.85%;-0.74%;-0.90%;-0.90%;-0.27%
05-02-05;0.00%;0.00%;0.00%;0.96%;0.61%;0.29%;0.30%;0.59%;0.00%;0.00%;0.00%
06-02-05;0.00%;0.00%;0.00%;0.00%;0.00%;0.00%;0.00%;0.00%;0.00%;0.00%;0.00%
07-02-05;0.44%;-0.01%;0.05%;-0.28%;-0.28%;-0.28%;-0.28%;-0.28%;-0.28%;-0.28%;0.20%
08-02-05;0.40%;0.06%;0.05%;0.05%;0.53%;0.31%;0.35%;0.66%;0.20%;0.20%;0.57%
09-02-05;-0.35%;0.16%;0.10%;0.25%;0.10%;0.46%;0.46%;0.51%;0.43%;0.43%;0.59%
10-02-05;0.22%;0.09%;-0.04%;-0.24%;0.62%;0.28%;0.26%;0.22%;0.16%;0.16%;0.06%
11-02-05;-0.05%;-0.07%;0.12%;-0.25%;-0.94%;-1.00%;-0.84%;-0.98%;-0.85%;-0.85%;-0.60%
12-02-05;0.00%;0.00%;0.00%;0.63%;0.46%;-0.08%;0.02%;0.07%;0.00%;0.00%;0.00%
13-02-05;0.00%;0.00%;0.00%;0.00%;0.00%;0.00%;0.00%;0.00%;0.00%;0.00%;0.00%
14-02-05;0.00%;-0.01%;0.10%;-0.55%;-0.55%;-0.55%;-0.55%;-0.55%;-0.55%;-0.55%;-0.10%
15-02-05;-0.06%;0.05%;0.20%;0.00%;0.85%;-0.50%;-0.23%;-0.39%;-0.46%;-0.46%;0.35%
16-02-05;0.09%;0.05%;0.07%;0.02%;0.00%;-0.36%;-0.26%;-0.38%;-0.30%;-0.30%;0.37%
17-02-05;0.13%;0.05%;0.02%;0.06%;0.23%;0.17%;0.30%;0.18%;0.27%;0.27%;0.35%
18-02-05;0.19%;-0.20%;-0.17%;-0.68%;-0.23%;-0.55%;-0.36%;-0.31%;-0.50%;-0.50%;-0.30%
19-02-05;0.00%;0.00%;0.00%;0.14%;0.47%;-0.27%;-0.12%;-0.31%;0.00%;0.00%;0.00%
20-02-05;0.00%;0.00%;0.00%;0.00%;0.00%;0.00%;0.00%;0.00%;0.00%;0.00%;0.00%
21-02-05;0.26%;-0.05%;0.12%;-0.01%;-0.01%;-0.01%;-0.01%;-0.01%;-0.01%;-0.01%;0.19%
22-02-05;0.65%;-0.07%;-0.05%;-0.02%;0.18%;-0.14%;-0.03%;-0.04%;-0.04%;-0.04%;0.11%
23-02-05;0.54%;-0.02%;0.12%;-1.07%;0.18%;-0.53%;-0.43%;-0.76%;-0.52%;-0.52%;0.07%
24-02-05;0.22%;0.21%;0.19%;0.47%;0.55%;0.70%;0.69%;0.89%;0.64%;0.64%;0.35%
25-02-05;0.28%;0.11%;-0.02%;0.89%;1.56%;0.37%;0.55%;0.62%;0.47%;0.47%;0.09%
26-02-05;0.00%;0.00%;0.00%;1.00%;0.74%;0.04%;0.13%;0.09%;0.00%;0.00%;0.00%
27-02-05;0.00%;0.00%;0.00%;0.00%;0.00%;0.00%;0.00%;0.00%;0.00%;0.00%;0.00%
28-02-05;0.33%;0.17%;0.26%;1.40%;1.40%;1.40%;1.40%;1.40%;1.40%;1.40%;1.19%
01-03-05;0.35%;0.01%;0.12%;-0.72%;0.52%;-0.78%;-0.64%;-0.78%;-0.69%;-0.69%;-0.12%
02-03-05;0.39%;0.13%;0.04%;1.16%;0.57%;0.77%;0.75%;0.74%;0.88%;0.88%;0.93%
03-03-05;0.41%;0.30%;0.08%;1.31%;0.35%;1.36%;1.36%;1.54%;1.45%;1.45%;0.63%
04-03-05;0.00%;0.03%;0.06%;-0.02%;0.20%;-0.07%;-0.02%;0.08%;-0.10%;-0.10%;-0.54%
05-03-05;0.00%;0.00%;0.00%;1.16%;0.55%;0.27%;0.35%;0.41%;0.00%;0.00%;0.00%
06-03-05;0.00%;0.00%;0.00%;0.00%;0.00%;0.00%;0.00%;0.00%;0.00%;0.00%;0.00%
07-03-05;0.08%;0.01%;0.01%;0.21%;0.21%;0.21%;0.21%;0.21%;0.21%;0.21%;0.40%
08-03-05;0.52%;-0.09%;0.00%;-0.37%;0.04%;-0.25%;-0.23%;-0.02%;-0.37%;-0.37%;-0.01%
09-03-05;0.24%;-0.04%;-0.07%;0.08%;-0.07%;-0.15%;0.15%;-0.14%;0.02%;0.02%;0.67%
10-03-05;-0.09%;0.08%;-0.10%;0.08%;0.75%;0.37%;0.35%;0.05%;0.68%;0.68%;0.48%
11-03-05;-0.66%;-0.03%;-0.05%;-0.44%;-1.21%;-0.21%;-0.30%;-0.52%;-0.25%;-0.25%;-0.54%
12-03-05;0.00%;0.00%;0.00%;-0.14%;0.56%;-0.09%;-0.13%;-0.38%;0.00%;0.00%;0.00%
13-03-05;0.00%;0.00%;0.00%;0.00%;0.00%;0.00%;0.00%;0.00%;0.00%;0.00%;0.00%
14-03-05;-1.08%;-0.09%;0.12%;-0.67%;-0.67%;-0.67%;-0.67%;-0.67%;-0.67%;-0.67%;-0.70%
15-03-05;0.41%;0.09%;-0.36%;0.70%;-0.56%;0.78%;0.54%;0.40%;0.76%;0.76%;0.25%
16-03-05;0.50%;-0.12%;-0.04%;0.01%;-1.47%;0.35%;0.00%;-0.31%;0.24%;0.24%;-0.57%
17-03-05;0.48%;0.00%;0.10%;-0.19%;0.01%;0.33%;0.06%;-0.10%;0.26%;0.26%;-0.05%
18-03-05;0.44%;0.00%;0.05%;-0.25%;-0.45%;-0.06%;-0.27%;0.24%;-0.14%;-0.14%;-0.52%
19-03-05;0.00%;0.00%;0.00%;-0.14%;-0.01%;-0.09%;-0.19%;-0.19%;0.00%;0.00%;0.00%
20-03-05;0.00%;0.00%;0.00%;0.00%;0.00%;0.00%;0.00%;0.00%;0.00%;0.00%;0.00%
21-03-05;0.57%;-0.15%;0.05%;-0.99%;-0.99%;-0.99%;-0.99%;-0.99%;-0.99%;-0.99%;-0.43%
22-03-05;-0.34%;0.05%;-0.04%;-0.30%;-0.44%;0.23%;-0.20%;-0.02%;0.31%;0.31%;0.55%
23-03-05;-0.76%;0.01%;0.18%;-0.92%;-0.97%;-0.59%;-0.97%;-1.04%;-0.52%;-0.52%;-0.59%
24-03-05;0.40%;0.13%;0.10%;-0.18%;-1.12%;0.56%;-0.01%;-0.11%;0.67%;0.67%;0.01%
25-03-05;0.00%;0.00%;0.00%;-0.09%;-0.23%;0.11%;-0.07%;-0.38%;0.00%;0.00%;0.00%
26-03-05;0.00%;0.00%;0.00%;0.05%;0.42%;0.01%;0.00%;0.00%;0.00%;0.00%;0.00%
27-03-05;0.00%;0.00%;0.00%;0.00%;0.00%;0.00%;0.00%;0.00%;0.00%;0.00%;0.00%
28-03-05;0.98%;-0.02%;0.05%;-0.07%;-0.07%;-0.07%;-0.07%;-0.07%;-0.07%;-0.07%;-0.96%
29-03-05;-0.80%;0.16%;0.28%;0.33%;-0.15%;0.37%;0.29%;0.24%;0.40%;0.40%;0.33%
30-03-05;0.20%;-0.10%;-0.08%;-0.89%;-1.63%;-0.29%;-0.57%;-0.16%;-0.41%;-0.41%;-0.14%
31-03-05;0.28%;0.02%;0.05%;0.60%;0.15%;-0.02%;-0.12%;0.31%;-0.14%;-0.14%;-0.38%
01-04-05;-0.17%;-0.02%;-0.06%;0.16%;1.50%;0.15%;-0.05%;0.40%;0.36%;0.36%;0.25%
02-04-05;0.00%;0.00%;0.00%;-0.26%;1.35%;0.09%;0.01%;-0.18%;0.00%;0.00%;0.00%
03-04-05;0.00%;0.00%;0.00%;0.00%;0.00%;0.00%;0.00%;0.00%;0.00%;0.00%;0.00%
04-04-05;-0.31%;0.04%;0.03%;-0.15%;-0.15%;-0.15%;-0.15%;-0.15%;-0.15%;-0.15%;0.36%
05-04-05;-0.08%;0.34%;0.43%;0.17%;-0.29%;0.74%;0.44%;0.63%;0.67%;0.67%;0.28%
06-04-05;0.24%;-0.04%;-0.02%;0.32%;-0.16%;-0.35%;-0.07%;-0.07%;-0.27%;-0.27%;-0.38%
07-04-05;0.50%;-0.11%;-0.10%;-0.05%;0.10%;-0.29%;0.06%;0.28%;-0.37%;-0.37%;0.19%
08-04-05;0.09%;-0.15%;0.17%;-0.26%;-0.48%;-0.80%;-0.66%;-0.82%;-0.86%;-0.86%;-0.06%
09-04-05;0.00%;0.00%;0.00%;-0.50%;-0.03%;-0.09%;-0.08%;-0.09%;0.00%;0.00%;0.00%
10-04-05;0.00%;0.00%;0.00%;0.00%;0.00%;0.00%;0.00%;0.00%;0.00%;0.00%;0.00%
11-04-05;0.22%;0.02%;0.17%;-0.60%;-0.60%;-0.60%;-0.60%;-0.60%;-0.60%;-0.60%;0.55%
12-04-05;0.26%;0.01%;0.09%;-0.22%;-0.60%;-0.28%;-0.31%;-0.18%;-0.40%;-0.40%;-0.01%
13-04-05;-0.28%;0.17%;0.21%;0.15%;0.06%;0.47%;0.25%;0.67%;0.28%;0.28%;0.26%
14-04-05;-0.41%;0.02%;0.06%;-0.97%;-0.25%;-0.53%;-0.62%;-0.49%;-0.57%;-0.57%;-0.25%
15-04-05;-0.33%;0.19%;0.45%;-0.23%;-1.19%;0.83%;0.20%;0.03%;0.81%;0.81%;0.14%
16-04-05;0.00%;0.00%;0.00%;-1.19%;-1.34%;0.21%;-0.22%;-0.40%;0.00%;0.00%;0.00%
17-04-05;0.00%;0.00%;0.00%;0.00%;0.00%;0.00%;0.00%;0.00%;0.00%;0.00%;0.00%
18-04-05;-0.21%;0.17%;0.23%;0.44%;0.44%;0.45%;0.44%;0.44%;0.44%;0.44%;-0.83%
19-04-05;0.19%;0.13%;0.04%;0.19%;-0.97%;0.95%;0.76%;1.05%;0.79%;0.79%;-0.33%
20-04-05;-0.18%;-0.09%;0.12%;0.04%;0.45%;-0.67%;-0.51%;-0.19%;-0.81%;-0.81%;-1.05%
21-04-05;0.03%;-0.03%;0.10%;-1.02%;-0.14%;-0.31%;-0.16%;-0.41%;-0.33%;-0.33%;0.79%
22-04-05;-0.22%;0.18%;0.16%;1.36%;0.65%;0.21%;0.57%;0.86%;0.35%;0.35%;-0.01%
23-04-05;0.00%;0.00%;0.00%;0.02%;0.42%;0.07%;0.03%;-0.12%;0.00%;0.00%;0.00%
24-04-05;0.00%;0.00%;0.00%;0.00%;0.00%;0.00%;0.00%;0.00%;0.00%;0.00%;0.00%
25-04-05;-0.87%;0.06%;0.27%;-0.52%;-0.52%;-0.52%;-0.52%;-0.52%;-0.52%;-0.52%;-0.04%
26-04-05;0.25%;0.09%;0.12%;0.44%;0.57%;0.15%;-0.04%;0.14%;0.06%;0.06%;0.20%
27-04-05;-0.57%;0.26%;0.62%;-0.22%;0.80%;0.46%;0.28%;0.46%;0.45%;0.45%;0.45%
28-04-05;-0.28%;0.13%;0.33%;-0.20%;-0.82%;0.13%;-0.20%;0.10%;0.02%;0.02%;-0.37%
29-04-05;0.52%;0.05%;0.02%;-0.27%;-0.70%;0.62%;0.26%;0.36%;0.48%;0.48%;-0.32%
30-04-05;0.00%;0.00%;0.00%;0.79%;0.15%;-0.02%;-0.12%;0.03%;0.00%;0.00%;0.00%
01-05-05;0.00%;0.00%;0.00%;0.00%;0.00%;0.00%;0.00%;0.00%;0.00%;0.00%;0.00%
02-05-05;0.10%;-0.01%;0.03%;-0.02%;-0.02%;-0.02%;-0.02%;-0.02%;-0.02%;-0.02%;-0.68%
03-05-05;0.19%;-0.05%;-0.02%;-0.17%;-0.01%;-0.33%;-0.24%;-0.28%;-0.38%;-0.38%;0.11%
04-05-05;0.21%;-0.04%;-0.09%;-0.22%;-0.32%;-0.35%;-0.28%;0.01%;-0.39%;-0.39%;0.20%
05-05-05;0.02%;0.06%;0.15%;0.48%;1.05%;-0.68%;-0.33%;-0.32%;-0.64%;-0.64%;0.18%
06-05-05;-0.14%;0.11%;0.26%;-0.29%;0.63%;-0.22%;-0.21%;-0.11%;-0.32%;-0.32%;0.57%
07-05-05;0.00%;0.00%;0.00%;0.02%;0.57%;-0.26%;-0.29%;-0.08%;0.00%;0.00%;0.00%
08-05-05;0.00%;0.00%;0.00%;0.00%;0.00%;0.00%;0.00%;0.00%;0.00%;0.00%;0.00%
09-05-05;0.15%;0.10%;0.38%;-0.34%;-0.34%;-0.34%;-0.34%;-0.34%;-0.34%;-0.34%;0.00%
10-05-05;-0.34%;0.09%;0.10%;0.42%;0.20%;0.33%;0.34%;0.45%;0.30%;0.30%;0.79%
11-05-05;-0.16%;-0.05%;0.03%;-0.48%;-0.33%;0.40%;0.09%;-0.15%;0.20%;0.20%;0.03%
12-05-05;-0.21%;-0.07%;-0.11%;0.57%;-0.07%;0.75%;0.33%;0.64%;0.63%;0.63%;-0.31%
13-05-05;-0.47%;0.00%;-0.04%;-0.92%;-0.78%;-0.15%;-0.35%;-0.18%;-0.19%;-0.19%;-0.63%
14-05-05;0.00%;0.00%;0.00%;-0.55%;-0.46%;0.12%;-0.25%;0.13%;0.00%;0.00%;0.00%
15-05-05;0.00%;0.00%;0.00%;0.00%;0.00%;0.00%;0.00%;0.00%;0.00%;0.00%;0.00%
16-05-05;-1.10%;-0.03%;-0.04%;0.22%;0.22%;0.22%;0.22%;0.22%;0.22%;0.22%;-0.44%
17-05-05;0.43%;-0.05%;0.09%;0.48%;0.15%;0.26%;-0.08%;0.20%;0.27%;0.27%;-0.07%
18-05-05;0.54%;0.06%;0.01%;0.56%;0.05%;0.22%;-0.11%;0.00%;0.19%;0.19%;-0.22%
19-05-05;-0.07%;0.23%;0.27%;1.16%;1.07%;0.36%;0.55%;0.62%;0.22%;0.22%;0.47%
20-05-05;-0.01%;0.03%;0.10%;0.25%;0.70%;-0.39%;0.03%;-0.13%;-0.32%;-0.32%;0.28%
21-05-05;0.00%;0.00%;0.00%;-0.30%;-0.26%;-0.08%;0.10%;0.11%;0.00%;0.00%;0.00%
22-05-05;0.00%;0.00%;0.00%;0.00%;0.00%;0.00%;0.00%;0.00%;0.00%;0.00%;0.00%
23-05-05;0.00%;0.03%;0.06%;0.00%;0.00%;0.00%;0.00%;0.00%;0.00%;0.00%;0.00%
24-05-05;-0.18%;0.22%;0.10%;1.30%;0.44%;0.89%;1.12%;0.95%;0.70%;0.70%;0.84%
25-05-05;-0.30%;-0.19%;-0.19%;-0.46%;-0.13%;-0.35%;-0.28%;-0.36%;-0.51%;-0.51%;-0.41%
26-05-05;0.28%;-0.02%;-0.01%;-0.41%;-0.38%;-0.06%;0.27%;0.14%;-0.10%;-0.10%;0.21%
27-05-05;0.22%;0.08%;0.10%;0.76%;0.59%;0.35%;0.61%;0.55%;0.41%;0.41%;0.01%
28-05-05;0.00%;0.00%;0.00%;0.22%;1.19%;-0.03%;0.17%;0.07%;0.00%;0.00%;0.00%
29-05-05;0.00%;0.00%;0.00%;0.00%;0.00%;0.00%;0.00%;0.00%;0.00%;0.00%;0.00%
30-05-05;0.30%;0.12%;0.22%;-0.31%;-0.31%;-0.31%;-0.31%;-0.31%;-0.31%;-0.31%;0.17%
31-05-05;-0.16%;0.10%;-0.02%;0.04%;0.35%;-0.06%;-0.07%;-0.07%;-0.07%;-0.07%;0.31%
01-06-05;0.53%;0.19%;0.12%;-0.23%;-0.35%;0.76%;0.62%;0.89%;0.48%;0.48%;0.29%
02-06-05;0.64%;0.20%;0.08%;1.41%;0.37%;0.95%;0.98%;1.03%;0.66%;0.66%;0.14%
03-06-05;0.11%;0.03%;0.14%;0.08%;0.81%;-0.02%;0.53%;0.43%;-0.09%;-0.09%;0.33%
04-06-05;0.00%;0.00%;0.00%;-0.35%;0.80%;-0.13%;0.08%;-0.15%;0.00%;0.00%;0.00%
05-06-05;0.00%;0.00%;0.00%;0.00%;0.00%;0.00%;0.00%;0.00%;0.00%;0.00%;0.00%
06-06-05;-0.16%;0.13%;0.35%;0.14%;0.14%;0.14%;0.14%;0.14%;0.14%;0.14%;0.49%
07-06-05;0.03%;0.22%;0.08%;1.04%;0.86%;1.03%;0.78%;0.59%;0.95%;0.95%;0.79%
08-06-05;0.11%;0.05%;0.10%;0.05%;-0.47%;0.00%;-0.14%;-0.31%;-0.23%;-0.23%;-0.48%
09-06-05;-0.05%;-0.05%;0.02%;-0.24%;0.04%;-0.27%;-0.30%;-0.33%;-0.29%;-0.29%;-0.10%
10-06-05;0.28%;0.06%;0.01%;0.21%;-0.12%;0.39%;0.19%;0.32%;0.43%;0.43%;0.33%
11-06-05;0.00%;0.00%;0.00%;-0.09%;0.67%;-0.17%;0.01%;0.11%;0.00%;0.00%;0.00%
12-06-05;0.00%;0.00%;0.00%;0.00%;0.00%;0.00%;0.00%;0.00%;0.00%;0.00%;0.00%
13-06-05;-0.29%;0.06%;0.02%;0.02%;0.02%;0.02%;0.02%;0.02%;0.02%;0.02%;-0.12%
14-06-05;0.15%;0.02%;-0.01%;-0.14%;0.09%;-0.20%;-0.13%;-0.06%;-0.08%;-0.08%;0.17%
15-06-05;0.73%;-0.02%;0.29%;-0.19%;-0.16%;-0.52%;-0.29%;-0.34%;-0.42%;-0.42%;-0.18%
16-06-05;0.65%;0.07%;-0.05%;0.07%;0.57%;-0.36%;-0.02%;-0.17%;-0.22%;-0.22%;0.39%
17-06-05;0.23%;0.02%;0.15%;-0.14%;-0.10%;-0.57%;-0.54%;-0.33%;-0.55%;-0.55%;0.18%
18-06-05;0.00%;0.00%;0.00%;0.82%;0.87%;0.08%;0.24%;0.19%;0.00%;0.00%;0.00%
19-06-05;0.00%;0.00%;0.00%;0.00%;0.00%;0.00%;0.00%;0.00%;0.00%;0.00%;0.00%
20-06-05;-0.28%;-0.16%;0.07%;-0.73%;-0.73%;-0.73%;-0.73%;-0.73%;-0.73%;-0.73%;0.43%
21-06-05;0.93%;0.03%;0.05%;0.03%;0.21%;0.34%;0.21%;0.34%;0.33%;0.33%;0.38%
22-06-05;0.51%;0.02%;0.14%;-0.49%;-0.91%;-0.33%;-0.40%;-0.42%;-0.58%;-0.58%;-0.30%
23-06-05;-0.44%;0.01%;0.06%;-0.17%;0.64%;0.10%;-0.15%;-0.07%;-0.25%;-0.25%;0.27%
24-06-05;-0.01%;0.05%;-0.03%;-0.29%;0.05%;0.37%;0.18%;0.37%;0.37%;0.37%;0.25%
25-06-05;0.00%;0.00%;0.00%;-0.63%;-0.54%;0.13%;0.01%;0.11%;0.00%;0.00%;0.00%
26-06-05;0.00%;0.00%;0.00%;0.00%;0.00%;0.00%;0.00%;0.00%;0.00%;0.00%;0.00%
27-06-05;0.00%;0.02%;0.03%;0.00%;0.00%;0.00%;0.00%;0.00%;0.00%;0.00%;0.00%
28-06-05;0.17%;0.07%;0.18%;-0.22%;-0.17%;0.17%;0.09%;0.12%;0.02%;0.02%;-0.37%
29-06-05;-0.36%;-0.04%;0.00%;0.61%;0.18%;-0.18%;0.11%;0.06%;0.01%;0.01%;-0.50%
30-06-05;-0.01%;-0.10%;-0.01%;-0.20%;-0.44%;-0.22%;-0.08%;-0.14%;-0.20%;-0.20%;0.27%
01-07-05;-0.18%;-0.12%;-0.06%;-0.41%;-0.03%;0.18%;0.23%;0.32%;0.85%;0.85%;0.12%
02-07-05;0.00%;0.00%;0.00%;-0.08%;0.57%;-0.19%;-0.11%;-0.05%;0.00%;0.00%;0.00%
03-07-05;0.00%;0.00%;0.00%;0.00%;0.00%;0.00%;0.00%;0.00%;0.00%;0.00%;0.00%
04-07-05;-0.08%;-0.03%;-0.14%;-0.10%;-0.10%;-0.10%;-0.10%;-0.10%;-0.10%;-0.10%;-0.39%
05-07-05;-0.25%;0.04%;-0.04%;0.53%;0.18%;0.49%;0.50%;0.56%;0.56%;0.56%;0.46%
06-07-05;-0.09%;0.00%;-0.02%;0.47%;-0.39%;-0.12%;-0.01%;-0.29%;0.08%;0.08%;-0.08%
07-07-05;0.01%;0.14%;0.12%;0.17%;0.78%;0.36%;0.36%;0.39%;0.33%;0.33%;0.18%
08-07-05;0.06%;0.11%;0.15%;0.03%;-0.06%;0.62%;0.52%;0.56%;0.45%;0.45%;0.07%
09-07-05;0.00%;0.00%;0.00%;1.00%;0.27%;-0.08%;0.13%;0.10%;0.00%;0.00%;0.00%
10-07-05;0.00%;0.00%;0.00%;0.00%;0.00%;0.00%;0.00%;0.00%;0.00%;0.00%;0.00%
11-07-05;-0.13%;-0.02%;0.06%;-0.34%;-0.34%;-0.34%;-0.34%;-0.34%;-0.34%;-0.34%;-0.43%
12-07-05;0.17%;0.01%;0.20%;0.80%;1.59%;-0.27%;0.22%;-0.17%;-0.20%;-0.20%;0.58%
13-07-05;0.62%;-0.02%;0.03%;-0.12%;0.81%;-0.66%;-0.27%;-0.37%;-0.59%;-0.59%;0.46%
14-07-05;0.79%;0.00%;0.02%;-0.02%;0.39%;0.08%;0.07%;0.13%;0.16%;0.16%;0.31%
15-07-05;0.05%;-0.05%;0.27%;0.09%;0.48%;-0.30%;-0.07%;-0.21%;-0.25%;-0.25%;0.19%
16-07-05;0.00%;0.00%;0.00%;-0.15%;-0.79%;0.01%;-0.04%;-0.03%;0.00%;0.00%;0.00%
17-07-05;0.00%;0.00%;0.00%;0.00%;0.00%;0.00%;0.00%;0.00%;0.00%;0.00%;0.00%
18-07-05;0.30%;0.03%;0.14%;-0.27%;-0.27%;-0.27%;-0.27%;-0.27%;-0.27%;-0.27%;0.02%
19-07-05;0.68%;0.00%;0.08%;-1.01%;-0.54%;-0.72%;-0.70%;-0.83%;-0.75%;-0.75%;-0.35%
20-07-05;0.08%;-0.04%;-0.05%;-0.21%;-0.01%;-0.43%;-0.55%;-0.54%;-0.43%;-0.43%;0.07%
21-07-05;0.56%;0.05%;-0.01%;0.56%;0.78%;0.33%;0.40%;0.45%;0.31%;0.31%;0.88%
22-07-05;0.36%;-0.10%;-0.02%;-0.65%;-0.18%;-1.05%;-0.88%;-1.19%;-0.89%;-0.89%;-0.23%
23-07-05;0.00%;0.00%;0.00%;0.26%;0.50%;0.26%;0.06%;-0.01%;0.00%;0.00%;0.00%
24-07-05;0.00%;0.00%;0.00%;0.00%;0.00%;0.00%;0.00%;0.00%;0.00%;0.00%;0.00%
25-07-05;0.16%;-0.02%;0.01%;-0.25%;-0.25%;-0.25%;-0.25%;-0.25%;-0.25%;-0.25%;0.12%
26-07-05;0.18%;0.07%;0.06%;-0.22%;0.01%;0.09%;0.03%;-0.11%;0.06%;0.06%;0.43%
27-07-05;0.44%;0.03%;0.14%;-0.35%;-0.97%;-0.32%;-0.29%;-0.22%;-0.27%;-0.27%;-0.41%
28-07-05;0.39%;0.02%;0.06%;0.23%;0.24%;-0.26%;-0.10%;-0.14%;-0.24%;-0.24%;0.12%
29-07-05;0.52%;0.04%;0.18%;0.47%;0.98%;0.00%;0.16%;0.35%;-0.10%;-0.10%;0.55%
30-07-05;0.00%;0.00%;0.00%;-0.16%;0.37%;-0.12%;0.16%;0.03%;0.00%;0.00%;0.00%
31-07-05;0.00%;0.00%;0.00%;0.00%;0.00%;0.00%;0.00%;0.00%;0.00%;0.00%;0.00%
01-08-05;0.61%;0.04%;0.17%;-0.30%;-0.30%;-0.30%;-0.30%;-0.30%;-0.30%;-0.30%;0.33%
02-08-05;0.65%;-0.04%;-0.04%;0.15%;0.56%;-0.39%;-0.18%;-0.23%;-0.18%;-0.18%;0.29%
03-08-05;-0.59%;-0.02%;0.06%;0.63%;1.13%;-0.21%;-0.10%;0.01%;-0.12%;-0.12%;0.39%
04-08-05;-0.34%;0.05%;0.13%;0.22%;0.49%;-0.02%;0.07%;0.20%;-0.11%;-0.11%;0.56%
05-08-05;-0.78%;-0.03%;0.10%;-1.55%;-0.92%;-1.05%;-0.95%;-0.88%;-1.01%;-1.01%;-0.57%
06-08-05;0.00%;0.00%;0.00%;-0.87%;-0.48%;-0.24%;-0.23%;-0.12%;0.00%;0.00%;0.00%
07-08-05;0.00%;0.00%;0.00%;0.00%;0.00%;0.00%;0.00%;0.00%;0.00%;0.00%;0.00%
08-08-05;0.49%;-0.15%;0.01%;-1.42%;-1.42%;-1.42%;-1.42%;-1.42%;-1.42%;-1.42%;-0.90%
09-08-05;0.11%;-0.07%;0.03%;0.08%;-0.07%;-0.10%;-0.26%;-0.38%;-0.10%;-0.10%;0.14%
10-08-05;-0.66%;0.11%;0.08%;0.72%;0.38%;0.21%;0.23%;0.28%;0.18%;0.18%;0.39%
11-08-05;-0.30%;0.00%;0.10%;-0.06%;0.22%;-0.68%;-0.56%;-0.45%;-0.72%;-0.72%;-0.07%
12-08-05;-0.70%;0.04%;0.14%;0.19%;-0.34%;-0.43%;-0.45%;-0.66%;-0.51%;-0.51%;0.12%
13-08-05;0.00%;0.00%;0.00%;-0.31%;-0.35%;0.30%;0.07%;0.07%;0.00%;0.00%;0.00%
14-08-05;0.00%;0.00%;0.00%;0.00%;0.00%;0.00%;0.00%;0.00%;0.00%;0.00%;0.00%
15-08-05;0.00%;0.03%;0.04%;0.00%;0.00%;0.00%;0.00%;0.00%;0.00%;0.00%;0.00%
16-08-05;-0.19%;0.13%;0.17%;-0.41%;-0.41%;-0.35%;-0.35%;-0.14%;-0.36%;-0.36%;-0.14%
17-08-05;0.05%;0.03%;0.19%;-1.51%;-1.25%;-0.60%;-0.74%;-0.62%;-0.76%;-0.76%;-0.58%
18-08-05;0.00%;0.04%;-0.07%;-0.19%;-0.33%;-0.05%;-0.05%;-0.13%;-0.02%;-0.02%;-0.09%
19-08-05;-0.61%;0.16%;0.04%;0.48%;-0.10%;1.34%;1.10%;1.17%;1.15%;1.15%;0.46%
20-08-05;0.00%;0.00%;0.00%;0.26%;-0.65%;0.01%;-0.03%;-0.28%;0.00%;0.00%;0.00%
21-08-05;0.00%;0.00%;0.00%;0.00%;0.00%;0.00%;0.00%;0.00%;0.00%;0.00%;0.00%
22-08-05;-0.12%;0.25%;0.13%;1.15%;1.15%;1.15%;1.15%;1.15%;1.15%;1.15%;0.04%
23-08-05;0.89%;-0.07%;0.02%;-0.12%;0.61%;-0.77%;-0.53%;-0.54%;-0.76%;-0.76%;-0.74%
24-08-05;0.60%;0.07%;0.15%;0.00%;-0.01%;0.54%;0.49%;0.57%;0.45%;0.45%;0.79%
25-08-05;-0.20%;0.14%;0.11%;0.63%;0.10%;1.05%;1.04%;0.74%;0.98%;0.98%;0.42%
26-08-05;-0.06%;-0.04%;0.17%;-0.82%;-0.61%;-0.73%;-0.68%;-0.61%;-0.82%;-0.82%;-0.87%
27-08-05;0.00%;0.00%;0.00%;-0.36%;-0.11%;-0.04%;0.06%;0.03%;0.00%;0.00%;0.00%
28-08-05;0.00%;0.00%;0.00%;0.00%;0.00%;0.00%;0.00%;0.00%;0.00%;0.00%;0.00%
29-08-05;-0.41%;0.10%;0.24%;-0.15%;-0.15%;-0.15%;-0.15%;-0.15%;-0.15%;-0.15%;0.28%
30-08-05;-0.55%;0.14%;0.16%;0.63%;-0.26%;0.70%;0.64%;0.76%;0.61%;0.61%;0.06%
31-08-05;-0.11%;-0.03%;0.05%;-0.79%;-0.31%;-0.33%;-0.63%;-0.33%;-0.50%;-0.50%;-0.63%
01-09-05;-0.37%;0.03%;0.09%;0.50%;0.32%;-0.39%;-0.43%;0.01%;-0.64%;-0.64%;0.01%
02-09-05;-0.42%;0.08%;0.11%;0.69%;1.48%;-0.10%;-0.02%;-0.03%;-0.27%;-0.27%;0.75%
03-09-05;0.00%;0.00%;0.00%;0.09%;1.17%;0.02%;0.08%;0.20%;0.00%;0.00%;0.00%
04-09-05;0.00%;0.00%;0.00%;0.00%;0.00%;0.00%;0.00%;0.00%;0.00%;0.00%;0.00%
05-09-05;-0.67%;-0.10%;0.00%;-0.96%;-0.96%;-0.96%;-0.96%;-0.96%;-0.96%;-0.96%;0.08%
06-09-05;0.53%;-0.10%;-0.06%;0.22%;0.17%;0.04%;-0.01%;0.01%;0.01%;0.01%;0.40%
07-09-05;0.54%;-0.04%;-0.04%;0.87%;0.39%;0.00%;0.17%;0.13%;0.13%;0.13%;0.06%
08-09-05;0.08%;0.02%;-0.01%;0.70%;0.83%;0.39%;0.44%;0.49%;0.54%;0.54%;0.65%
09-09-05;0.26%;-0.14%;-0.08%;-1.22%;-0.58%;-0.76%;-0.75%;-0.55%;-0.81%;-0.81%;-0.58%
10-09-05;0.00%;0.00%;0.00%;0.82%;0.63%;0.06%;0.08%;0.18%;0.00%;0.00%;0.00%
11-09-05;0.00%;0.00%;0.00%;0.00%;0.00%;0.00%;0.00%;0.00%;0.00%;0.00%;0.00%
12-09-05;0.52%;0.04%;0.03%;0.23%;0.23%;0.23%;0.23%;0.23%;0.23%;0.23%;0.51%
13-09-05;0.26%;-0.04%;-0.04%;-0.05%;0.56%;-0.03%;0.06%;0.10%;0.18%;0.18%;0.48%
14-09-05;0.66%;-0.11%;-0.19%;-0.33%;-0.02%;0.45%;0.37%;0.39%;0.33%;0.33%;0.33%
15-09-05;-0.26%;-0.19%;-0.07%;-0.22%;0.02%;-0.33%;-0.23%;-0.09%;-0.31%;-0.31%;-0.48%
16-09-05;0.36%;0.00%;0.01%;-0.16%;0.31%;-0.14%;-0.24%;0.13%;-0.05%;-0.05%;0.06%
17-09-05;0.00%;0.00%;0.00%;0.55%;0.37%;-0.17%;-0.08%;-0.04%;0.00%;0.00%;0.00%
18-09-05;0.00%;0.00%;0.00%;0.00%;0.00%;0.00%;0.00%;0.00%;0.00%;0.00%;0.00%
19-09-05;0.00%;0.02%;0.03%;0.00%;0.00%;0.00%;0.00%;0.00%;0.00%;0.00%;0.00%
20-09-05;0.91%;0.01%;0.02%;-0.67%;0.07%;-0.19%;-0.50%;-0.20%;-0.34%;-0.34%;0.09%
21-09-05;0.74%;0.08%;0.09%;0.01%;0.82%;0.13%;0.00%;0.11%;0.12%;0.12%;0.66%
22-09-05;0.06%;0.06%;0.08%;-0.65%;0.47%;0.13%;0.00%;0.34%;-0.08%;-0.08%;0.31%
23-09-05;-0.09%;0.03%;-0.03%;0.16%;-0.38%;0.43%;0.16%;0.40%;0.40%;0.40%;0.27%
24-09-05;0.00%;0.00%;0.00%;-0.10%;-0.76%;-0.19%;-0.04%;-0.09%;0.00%;0.00%;0.00%
25-09-05;0.00%;0.00%;0.00%;0.00%;0.00%;0.00%;0.00%;0.00%;0.00%;0.00%;0.00%
26-09-05;0.30%;-0.09%;-0.18%;0.38%;0.38%;0.39%;0.38%;0.38%;0.38%;0.38%;-0.19%
27-09-05;-0.66%;-0.19%;-0.13%;0.50%;0.64%;-0.28%;0.00%;0.02%;-0.08%;-0.08%;0.10%
28-09-05;-0.14%;-0.01%;-0.05%;-0.19%;0.50%;0.07%;0.01%;0.11%;0.10%;0.10%;0.23%
29-09-05;0.22%;-0.02%;0.00%;0.40%;0.27%;-0.09%;-0.09%;0.08%;-0.12%;-0.12%;-0.04%
30-09-05;0.37%;-0.14%;-0.25%;-0.17%;-0.01%;-0.95%;-0.78%;-0.56%;-0.85%;-0.85%;-0.11%
01-10-05;0.00%;0.00%;0.00%;0.20%;0.85%;-0.06%;0.07%;-0.02%;5.92%;5.92%;0.00%
02-10-05;0.00%;0.00%;0.00%;0.00%;0.00%;0.00%;0.00%;0.00%;0.00%;0.00%;0.00%
03-10-05;0.92%;-0.13%;-0.09%;-0.84%;-0.84%;-0.84%;-0.84%;-0.84%;-0.84%;-0.84%;0.11%
04-10-05;0.13%;-0.07%;0.00%;-0.48%;-0.16%;-0.36%;-0.32%;-0.23%;-0.19%;-0.19%;0.31%
05-10-05;-0.65%;-0.37%;-0.41%;-0.65%;0.03%;-0.30%;-0.32%;-0.50%;-0.31%;-0.31%;0.38%
06-10-05;-0.42%;-0.32%;-0.41%;-1.10%;-1.48%;0.28%;0.04%;-0.26%;0.18%;0.18%;0.16%
07-10-05;0.09%;-0.09%;-0.10%;-0.29%;-2.10%;0.31%;0.19%;-0.53%;0.31%;0.31%;-0.72%
08-10-05;0.00%;0.00%;0.00%;0.03%;0.10%;-0.02%;-0.02%;0.38%;0.00%;0.00%;0.00%
09-10-05;0.00%;0.00%;0.00%;0.00%;0.00%;0.00%;0.00%;0.00%;0.00%;0.00%;0.00%
10-10-05;0.00%;0.03%;0.04%;0.00%;0.00%;0.00%;0.00%;0.00%;0.00%;0.00%;0.00%
11-10-05;-0.04%;-0.14%;-0.39%;-0.24%;1.00%;0.30%;0.13%;0.25%;0.25%;0.25%;-0.94%
12-10-05;-0.62%;-0.38%;-0.42%;-0.53%;0.01%;-0.68%;-0.93%;-0.70%;-0.58%;-0.58%;-0.30%
13-10-05;-0.34%;-0.09%;-0.19%;-0.08%;-1.06%;0.26%;-0.02%;-0.22%;0.43%;0.43%;0.53%
14-10-05;0.21%;0.12%;-0.19%;0.44%;-1.11%;0.98%;0.72%;0.63%;1.18%;1.18%;-0.24%
15-10-05;0.00%;0.00%;0.00%;0.85%;-0.65%;-0.04%;0.19%;-0.28%;0.00%;0.00%;0.00%
16-10-05;0.00%;0.00%;0.00%;0.00%;0.00%;0.00%;0.00%;0.00%;0.00%;0.00%;0.00%
17-10-05;0.38%;0.23%;0.03%;0.39%;0.39%;0.39%;0.39%;0.39%;0.39%;0.39%;-0.68%
18-10-05;-0.08%;-0.46%;-0.61%;-0.47%;0.10%;-0.44%;0.05%;0.07%;-0.45%;-0.45%;-0.77%
19-10-05;-0.31%;-0.25%;-0.14%;-0.99%;-0.79%;0.09%;0.20%;0.19%;0.02%;0.02%;0.12%
20-10-05;-0.73%;0.03%;-1.00%;0.76%;-1.62%;0.60%;0.45%;0.47%;0.45%;0.45%;-0.19%
21-10-05;-0.31%;-0.15%;-0.11%;-1.25%;-0.25%;-0.64%;-0.55%;-0.79%;-0.57%;-0.57%;-1.05%
22-10-05;0.00%;0.00%;0.00%;0.07%;0.36%;0.24%;0.26%;0.12%;0.00%;0.00%;0.00%
23-10-05;0.00%;0.00%;0.00%;0.00%;0.00%;0.00%;0.00%;0.00%;0.00%;0.00%;0.00%
24-10-05;0.34%;0.39%;0.37%;0.70%;0.70%;0.70%;0.70%;0.70%;0.70%;0.70%;0.18%
25-10-05;-0.62%;0.39%;0.18%;2.03%;1.77%;0.92%;1.03%;1.13%;0.95%;0.95%;0.35%
26-10-05;0.23%;-0.05%;-0.04%;0.20%;-0.14%;-0.40%;0.01%;0.05%;-0.14%;-0.14%;0.45%
27-10-05;-0.86%;-0.18%;-0.27%;0.48%;1.07%;0.33%;0.30%;0.28%;0.63%;0.63%;0.35%
28-10-05;-0.79%;-0.30%;-0.35%;-0.58%;-1.18%;0.08%;-0.05%;0.01%;0.05%;0.05%;-0.21%
29-10-05;0.00%;0.00%;0.00%;0.62%;-0.38%;0.01%;-0.06%;0.35%;0.00%;0.00%;0.00%
30-10-05;0.00%;0.00%;0.00%;0.00%;0.00%;0.00%;0.00%;0.00%;0.00%;0.00%;0.00%
31-10-05;0.57%;-0.09%;-0.59%;-0.59%;-0.59%;-0.59%;-0.59%;-0.59%;-0.59%;-0.59%;-1.29%
01-11-05;0.00%;0.01%;0.02%;0.94%;1.92%;0.05%;0.00%;0.34%;0.00%;0.00%;0.00%
02-11-05;0.48%;-0.30%;-0.46%;0.03%;1.44%;-0.15%;0.07%;0.06%;-0.04%;-0.04%;0.10%
03-11-05;-0.73%;-0.54%;-0.65%;1.19%;1.53%;0.13%;0.36%;0.18%;0.25%;0.25%;1.62%
04-11-05;-1.53%;-0.08%;0.07%;0.32%;0.47%;-0.38%;-0.31%;-0.48%;-0.27%;-0.27%;0.39%
05-11-05;0.00%;0.00%;0.00%;-0.47%;-0.31%;-0.12%;-0.28%;-0.09%;0.00%;0.00%;0.00%
06-11-05;0.00%;0.00%;0.00%;0.00%;0.00%;0.00%;0.00%;0.00%;0.00%;0.00%;0.00%
07-11-05;-1.60%;0.31%;0.46%;-0.64%;-0.64%;-0.64%;-0.64%;-0.64%;-0.64%;-0.64%;-0.28%
08-11-05;-0.78%;-0.01%;-0.03%;-0.63%;-0.89%;-0.78%;-0.77%;-0.60%;-0.83%;-0.83%;-0.56%
09-11-05;0.77%;0.22%;0.50%;-0.25%;-0.23%;0.18%;0.03%;0.30%;-0.06%;-0.06%;0.02%
10-11-05;-0.19%;0.03%;-0.08%;-0.79%;0.02%;-0.92%;-0.88%;-0.83%;-0.72%;-0.72%;-0.56%
11-11-05;0.42%;0.04%;0.20%;0.33%;0.12%;0.10%;0.01%;0.15%;-0.05%;-0.05%;0.52%
12-11-05;0.00%;0.00%;0.00%;0.49%;0.79%;0.03%;-0.05%;0.00%;0.00%;0.00%;0.00%
13-11-05;0.00%;0.00%;0.00%;0.00%;0.00%;0.00%;0.00%;0.00%;0.00%;0.00%;0.00%
14-11-05;-0.10%;0.10%;0.11%;-0.73%;-0.73%;-0.73%;-0.73%;-0.73%;-0.73%;-0.73%;-0.35%
15-11-05;-0.43%;0.19%;0.30%;-0.04%;0.38%;0.17%;-0.07%;0.11%;0.18%;0.18%;0.74%
16-11-05;0.91%;0.10%;0.01%;-0.97%;-0.89%;-0.33%;-0.53%;-0.26%;-0.53%;-0.53%;-0.46%
17-11-05;0.71%;-0.11%;-0.14%;-0.24%;0.27%;0.06%;-0.17%;0.19%;-0.24%;-0.24%;-0.12%
18-11-05;0.65%;-0.13%;0.01%;0.94%;0.78%;-0.10%;-0.12%;0.07%;-0.16%;-0.16%;0.46%
19-11-05;0.00%;0.00%;0.00%;0.48%;0.44%;-0.26%;0.13%;-0.13%;0.00%;0.00%;0.00%
20-11-05;0.00%;0.00%;0.00%;0.00%;0.00%;0.00%;0.00%;0.00%;0.00%;0.00%;0.00%
21-11-05;-0.69%;0.14%;-0.02%;0.66%;0.66%;0.66%;0.66%;0.66%;0.66%;0.66%;1.16%
22-11-05;-0.29%;0.10%;0.16%;0.36%;-0.04%;0.03%;0.01%;0.11%;-0.21%;-0.21%;-0.03%
23-11-05;0.15%;0.15%;0.15%;0.61%;-0.45%;0.50%;0.45%;0.48%;0.42%;0.42%;0.29%
24-11-05;-0.50%;0.05%;0.06%;0.21%;1.25%;-0.44%;-0.25%;-0.22%;-0.40%;-0.40%;-0.29%
25-11-05;-0.08%;0.10%;0.27%;-0.26%;0.19%;0.00%;-0.20%;-0.20%;-0.20%;-0.20%;0.59%
26-11-05;0.00%;0.00%;0.00%;0.03%;0.09%;0.06%;0.01%;0.13%;0.00%;0.00%;0.00%
27-11-05;0.00%;0.00%;0.00%;0.00%;0.00%;0.00%;0.00%;0.00%;0.00%;0.00%;0.00%
28-11-05;-0.93%;-0.03%;0.02%;-0.16%;-0.16%;-0.16%;-0.16%;-0.16%;-0.16%;-0.16%;-0.25%
29-11-05;-0.17%;-0.19%;-0.05%;-0.89%;-0.37%;-0.47%;-0.31%;-0.50%;-0.53%;-0.53%;0.15%
30-11-05;0.21%;-0.13%;-0.08%;-0.48%;-0.81%;-0.62%;-0.44%;-0.47%;-0.41%;-0.41%;-0.38%
01-12-05;0.56%;-0.04%;-0.07%;-0.57%;0.30%;-0.06%;-0.08%;-0.24%;-0.06%;-0.06%;-0.05%
02-12-05;0.27%;0.07%;0.12%;0.65%;0.25%;-0.38%;-0.35%;-0.06%;-0.41%;-0.41%;-0.37%
03-12-05;0.00%;0.00%;0.00%;0.42%;1.00%;0.00%;-0.01%;0.10%;0.00%;0.00%;0.00%
04-12-05;0.00%;0.00%;0.00%;0.00%;0.00%;0.00%;0.00%;0.00%;0.00%;0.00%;0.00%
05-12-05;-0.61%;0.10%;0.06%;-0.69%;-0.69%;-0.68%;-0.69%;-0.69%;-0.69%;-0.69%;0.51%
06-12-05;-0.05%;0.10%;0.01%;0.07%;0.59%;-0.07%;0.08%;0.00%;0.06%;0.06%;0.97%
07-12-05;-0.80%;-0.01%;0.00%;-0.22%;0.26%;-0.23%;-0.34%;-0.07%;-0.46%;-0.46%;-0.31%
08-12-05;0.00%;0.01%;0.01%;-0.35%;0.23%;-0.08%;-0.06%;-0.08%;0.00%;0.00%;0.00%
09-12-05;-0.02%;-0.02%;0.07%;-0.21%;-0.87%;-0.05%;-0.05%;-0.32%;-0.25%;-0.25%;-0.03%
10-12-05;0.00%;0.00%;0.00%;0.31%;-0.15%;-0.28%;0.12%;-0.01%;0.00%;0.00%;0.00%
11-12-05;0.00%;0.00%;0.00%;0.00%;0.00%;0.00%;0.00%;0.00%;0.00%;0.00%;0.00%
12-12-05;-0.93%;0.10%;0.06%;1.16%;1.16%;1.16%;1.16%;1.16%;1.16%;1.16%;0.46%
13-12-05;-0.59%;-0.02%;0.03%;-0.07%;0.00%;-0.66%;-0.49%;-0.71%;-0.70%;-0.70%;-0.65%
14-12-05;-0.74%;0.10%;0.06%;0.22%;0.29%;-0.05%;-0.09%;0.10%;-0.13%;-0.13%;0.17%
15-12-05;0.91%;0.28%;0.52%;1.13%;0.75%;0.88%;0.91%;1.06%;0.64%;0.64%;0.76%
16-12-05;0.65%;0.13%;-0.01%;-0.10%;0.11%;0.40%;0.22%;0.23%;0.40%;0.40%;-0.27%
17-12-05;0.00%;0.00%;0.00%;0.25%;-0.07%;0.09%;0.13%;-0.08%;0.00%;0.00%;0.00%
18-12-05;0.00%;0.00%;0.00%;0.00%;0.00%;0.00%;0.00%;0.00%;0.00%;0.00%;0.00%
19-12-05;-0.25%;0.00%;0.08%;0.21%;0.21%;0.21%;0.21%;0.21%;0.21%;0.21%;0.16%
20-12-05;-0.77%;-0.04%;0.01%;-0.23%;0.73%;0.19%;0.14%;0.18%;0.11%;0.11%;0.03%
21-12-05;-0.58%;-0.03%;0.09%;-0.65%;-0.60%;-0.57%;-0.69%;-0.51%;-0.54%;-0.54%;-0.69%
22-12-05;0.28%;-0.12%;-0.06%;-0.67%;-0.08%;-1.04%;-0.93%;-0.70%;-0.91%;-0.91%;-0.39%
23-12-05;0.40%;-0.11%;-0.09%;0.87%;0.63%;0.61%;0.65%;0.76%;0.48%;0.48%;1.00%
24-12-05;0.00%;0.00%;0.00%;0.08%;0.48%;0.14%;0.04%;0.08%;0.00%;0.00%;0.00%
25-12-05;0.00%;0.00%;0.00%;0.00%;0.00%;0.00%;0.00%;0.00%;0.00%;0.00%;0.00%
26-12-05;-0.79%;0.02%;-0.12%;0.23%;0.23%;0.23%;0.23%;0.23%;0.23%;0.23%;0.16%
27-12-05;0.04%;-0.01%;-0.04%;-0.05%;-0.14%;-0.09%;-0.11%;-0.11%;-0.11%;-0.11%;-0.02%
28-12-05;-0.42%;0.04%;0.04%;-0.44%;0.55%;0.30%;0.31%;0.38%;0.17%;0.17%;0.02%
29-12-05;0.73%;0.10%;0.23%;0.31%;-0.56%;0.06%;0.10%;0.15%;-0.02%;-0.02%;-0.12%
30-12-05;0.31%;0.03%;-0.10%;-0.23%;0.72%;-0.13%;-0.15%;-0.06%;-0.10%;-0.10%;-0.02%
31-12-05;0.00%;0.00%;0.00%;-0.69%;-0.16%;0.06%;0.00%;0.21%;0.00%;0.00%;0.00%
01-01-06;0.00%;0.00%;0.00%;0.00%;0.00%;0.00%;0.00%;0.00%;-0.22%;-0.22%;0.00%
02-01-06;-0.73%;0.11%;0.17%;-0.33%;-0.33%;-0.33%;-0.33%;-0.33%;-0.33%;-0.33%;0.32%
03-01-06;0.72%;0.04%;0.01%;0.24%;0.25%;0.13%;0.13%;0.13%;0.13%;0.13%;0.00%
04-01-06;1.35%;-0.01%;-0.07%;2.69%;2.92%;0.99%;1.34%;1.14%;0.94%;0.94%;0.30%
05-01-06;0.41%;0.38%;0.07%;0.58%;1.40%;-0.28%;-0.04%;-0.08%;-0.50%;-0.50%;1.13%
06-01-06;1.11%;-0.29%;0.10%;0.21%;0.58%;0.25%;0.33%;0.14%;0.18%;0.18%;1.08%
07-01-06;0.00%;0.00%;0.00%;0.99%;0.91%;0.00%;0.35%;0.23%;0.00%;0.00%;0.00%
08-01-06;0.00%;0.00%;0.00%;0.00%;0.00%;0.00%;0.00%;0.00%;0.00%;0.00%;0.00%
09-01-06;-0.58%;0.25%;0.23%;1.08%;1.08%;1.08%;1.08%;1.08%;1.08%;1.08%;0.87%
10-01-06;-0.22%;0.20%;0.17%;0.06%;0.96%;-0.01%;0.11%;0.04%;-0.03%;-0.03%;0.47%
11-01-06;0.63%;0.08%;-0.04%;0.03%;0.04%;0.31%;0.34%;0.14%;0.43%;0.43%;0.38%
12-01-06;-0.36%;0.01%;0.04%;0.47%;0.45%;-0.19%;-0.07%;-0.03%;-0.11%;-0.11%;-0.15%
13-01-06;-0.02%;0.08%;0.04%;-0.32%;0.53%;0.18%;-0.16%;-0.13%;-0.02%;-0.02%;0.27%
14-01-06;0.00%;0.00%;0.00%;-0.07%;-0.08%;0.13%;-0.01%;0.23%;0.00%;0.00%;0.00%
15-01-06;0.00%;0.00%;0.00%;0.00%;0.00%;0.00%;0.00%;0.00%;0.00%;0.00%;0.00%
16-01-06;-0.30%;0.10%;0.39%;0.42%;0.42%;0.42%;0.42%;0.42%;0.42%;0.42%;0.46%
17-01-06;-0.59%;0.10%;0.25%;0.14%;0.77%;0.10%;0.13%;0.09%;0.09%;0.09%;-0.11%
18-01-06;-0.10%;0.21%;0.21%;-0.23%;-0.63%;0.83%;0.64%;0.78%;0.70%;0.70%;0.09%
19-01-06;0.51%;0.21%;0.09%;0.26%;-0.64%;1.04%;1.09%;1.16%;1.05%;1.05%;-0.41%
20-01-06;-0.19%;0.05%;0.15%;0.72%;1.83%;-0.39%;0.04%;0.15%;-0.16%;-0.16%;-0.63%
21-01-06;0.00%;0.00%;0.00%;-1.15%;0.09%;0.00%;0.01%;0.11%;0.00%;0.00%;0.00%
22-01-06;0.00%;0.00%;0.00%;0.00%;0.00%;0.00%;0.00%;0.00%;0.00%;0.00%;0.00%
23-01-06;-0.43%;-0.02%;-0.04%;-0.56%;-0.56%;-0.56%;-0.56%;-0.56%;-0.56%;-0.56%;0.76%
24-01-06;0.17%;-0.03%;0.00%;0.22%;-0.45%;-0.10%;0.16%;-0.08%;-0.17%;-0.17%;0.00%
25-01-06;0.35%;0.06%;0.14%;-0.30%;0.84%;-0.51%;-0.34%;-0.39%;-0.49%;-0.49%;-0.57%
26-01-06;0.84%;0.04%;0.11%;-0.29%;0.60%;-0.74%;-0.47%;-0.67%;-0.45%;-0.45%;0.50%
27-01-06;0.43%;0.11%;0.11%;1.46%;1.00%;0.44%;0.59%;0.59%;0.67%;0.67%;0.73%
28-01-06;0.00%;0.00%;0.00%;0.80%;0.90%;-0.01%;0.03%;0.16%;0.00%;0.00%;0.00%
29-01-06;0.00%;0.00%;0.00%;0.00%;0.00%;0.00%;0.00%;0.00%;0.00%;0.00%;0.00%
30-01-06;0.20%;-0.08%;-0.01%;-0.41%;-0.41%;-0.41%;-0.41%;-0.41%;-0.41%;-0.41%;0.41%
31-01-06;0.08%;0.14%;0.34%;-0.43%;-0.56%;-0.41%;-0.39%;-0.56%;-0.43%;-0.43%;0.62%
01-02-06;0.15%;0.03%;-0.02%;0.04%;0.63%;-0.04%;0.03%;-0.15%;-0.08%;-0.08%;0.37%
02-02-06;-0.46%;0.05%;-0.02%;0.88%;1.07%;0.63%;0.84%;0.82%;0.77%;0.77%;0.02%
03-02-06;0.11%;-0.10%;-0.02%;-0.59%;-0.76%;0.16%;0.19%;0.21%;0.16%;0.16%;0.03%
04-02-06;0.00%;0.00%;0.00%;-0.64%;-1.44%;0.10%;-0.07%;0.17%;0.00%;0.00%;0.00%
05-02-06;0.00%;0.00%;0.00%;0.00%;0.00%;0.00%;0.00%;0.00%;0.00%;0.00%;0.00%
06-02-06;0.14%;-0.07%;-0.13%;0.13%;0.13%;0.13%;0.13%;0.13%;0.13%;0.13%;-0.44%
07-02-06;-0.20%;-0.11%;-0.10%;-0.60%;0.83%;-0.67%;-0.67%;-0.45%;-0.73%;-0.73%;-0.69%
08-02-06;0.18%;-0.14%;-0.12%;-0.56%;-0.72%;-0.01%;-0.11%;-0.18%;0.08%;0.08%;0.47%
09-02-06;0.58%;-0.01%;-0.07%;0.80%;-0.75%;0.83%;0.79%;0.88%;0.84%;0.84%;-0.21%
10-02-06;0.14%;-0.03%;-0.03%;0.00%;0.61%;-0.29%;-0.29%;-0.17%;-0.41%;-0.41%;-0.45%
11-02-06;0.00%;0.00%;0.00%;-0.20%;0.30%;-0.05%;0.14%;0.52%;0.00%;0.00%;0.00%
12-02-06;0.00%;0.00%;0.00%;0.00%;0.00%;0.00%;0.00%;0.00%;0.00%;0.00%;0.00%
13-02-06;-0.11%;-0.02%;-0.03%;-0.28%;-0.28%;-0.28%;-0.28%;-0.28%;-0.28%;-0.28%;0.34%
14-02-06;-0.46%;-0.05%;-0.12%;0.46%;-0.51%;0.84%;0.84%;0.85%;0.86%;0.86%;0.20%
15-02-06;0.18%;-0.05%;-0.23%;0.68%;0.26%;0.07%;0.00%;0.02%;0.09%;0.09%;-0.53%
16-02-06;-0.28%;0.05%;0.05%;-0.08%;-0.22%;-0.24%;-0.11%;-0.31%;-0.26%;-0.26%;0.00%
17-02-06;-0.03%;0.04%;0.00%;0.15%;0.41%;-0.37%;-0.29%;-0.29%;-0.42%;-0.42%;-0.08%
18-02-06;0.00%;0.00%;0.00%;-0.10%;1.31%;0.23%;0.27%;0.24%;0.00%;0.00%;0.00%
19-02-06;0.00%;0.00%;0.00%;0.00%;0.00%;0.00%;0.00%;0.00%;0.00%;0.00%;0.00%
20-02-06;-0.11%;0.11%;0.23%;-1.15%;-1.15%;-1.15%;-1.15%;-1.15%;-1.15%;-1.15%;0.10%
21-02-06;0.55%;0.14%;0.11%;0.32%;1.15%;0.35%;0.31%;0.28%;0.28%;0.28%;0.36%
22-02-06;0.91%;0.11%;0.21%;-0.98%;-1.35%;-1.01%;-1.01%;-0.99%;-1.00%;-1.00%;-0.11%
23-02-06;0.68%;0.08%;0.03%;0.75%;-0.16%;0.39%;0.34%;0.41%;0.28%;0.28%;0.31%
24-02-06;0.45%;-0.10%;-0.04%;-0.42%;0.08%;-0.83%;-0.56%;-0.37%;-0.67%;-0.67%;0.19%
25-02-06;0.00%;0.00%;0.00%;0.12%;0.15%;-0.06%;-0.06%;0.07%;0.00%;0.00%;0.00%
26-02-06;0.00%;0.00%;0.00%;0.00%;0.00%;0.00%;0.00%;0.00%;0.00%;0.00%;0.00%
27-02-06;0.63%;-0.02%;0.00%;0.14%;0.14%;0.14%;0.14%;0.14%;0.14%;0.14%;0.38%
28-02-06;-0.55%;-0.12%;0.16%;0.49%;0.58%;-0.05%;0.10%;0.33%;0.03%;0.03%;0.43%
01-03-06;-0.50%;-0.04%;0.06%;-0.81%;-1.13%;0.12%;0.08%;-0.08%;-0.08%;-0.08%;0.62%
02-03-06;-0.06%;0.02%;0.06%;0.44%;0.54%;-0.23%;-0.07%;-0.07%;-0.11%;-0.11%;-0.68%
03-03-06;0.72%;-0.03%;-0.06%;0.14%;0.89%;0.07%;0.20%;0.02%;0.30%;0.30%;0.36%
04-03-06;0.00%;0.00%;0.00%;-0.18%;-0.89%;-0.09%;-0.12%;-0.31%;0.00%;0.00%;0.00%
05-03-06;0.00%;0.00%;0.00%;0.00%;0.00%;0.00%;0.00%;0.00%;0.00%;0.00%;0.00%
06-03-06;-0.05%;0.05%;0.03%;0.77%;0.77%;0.77%;0.77%;0.77%;0.77%;0.77%;0.19%
07-03-06;-0.53%;0.03%;0.01%;0.34%;0.22%;0.51%;0.49%;0.07%;0.56%;0.56%;0.03%
08-03-06;-0.20%;-0.05%;-0.10%;0.00%;-2.28%;0.76%;0.42%;0.27%;0.77%;0.77%;-0.26%
09-03-06;0.06%;0.02%;0.02%;0.69%;-0.32%;0.83%;0.77%;0.53%;0.86%;0.86%;-0.71%
10-03-06;0.32%;-0.08%;-0.11%;-0.37%;-0.56%;-0.61%;-0.53%;-0.46%;-0.63%;-0.63%;-0.99%
11-03-06;0.00%;0.00%;0.00%;0.37%;0.33%;-0.15%;0.02%;0.16%;0.00%;0.00%;0.00%
12-03-06;0.00%;0.00%;0.00%;0.00%;0.00%;0.00%;0.00%;0.00%;0.00%;0.00%;0.00%
13-03-06;0.74%;-0.03%;-0.03%;0.14%;0.14%;0.14%;0.14%;0.14%;0.14%;0.14%;0.04%
14-03-06;0.27%;0.05%;-0.01%;0.85%;1.46%;0.09%;0.30%;0.15%;0.15%;0.15%;0.47%
15-03-06;0.37%;0.07%;-0.23%;0.67%;-0.09%;-0.03%;-0.03%;-0.02%;-0.28%;-0.28%;0.59%
16-03-06;0.42%;0.12%;0.21%;-0.25%;0.69%;-0.76%;-0.53%;-0.55%;-0.65%;-0.65%;0.31%
17-03-06;0.08%;0.01%;-0.03%;0.19%;0.51%;0.10%;0.24%;0.24%;-0.12%;-0.12%;0.62%
18-03-06;0.00%;0.00%;0.00%;0.31%;0.49%;-0.11%;0.01%;-0.02%;0.00%;0.00%;0.00%
19-03-06;0.00%;0.00%;0.00%;0.00%;0.00%;0.00%;0.00%;0.00%;0.00%;0.00%;0.00%
20-03-06;-0.03%;0.00%;-0.06%;0.02%;0.02%;0.03%;0.02%;0.02%;0.02%;0.02%;0.40%
21-03-06;-0.41%;-0.03%;-0.05%;0.70%;0.87%;0.70%;0.73%;0.57%;0.58%;0.58%;0.42%
22-03-06;-0.09%;0.05%;0.05%;0.11%;-0.35%;0.57%;0.59%;0.33%;0.70%;0.70%;0.12%
23-03-06;0.40%;-0.01%;0.01%;0.12%;-1.03%;-0.17%;-0.23%;-0.21%;-0.27%;-0.27%;-0.46%
24-03-06;0.02%;0.07%;0.01%;-0.70%;0.10%;-0.24%;-0.37%;-0.36%;-0.17%;-0.17%;-0.32%
25-03-06;0.00%;0.00%;0.00%;0.40%;0.20%;0.18%;0.17%;0.18%;0.00%;0.00%;0.00%
26-03-06;0.00%;0.00%;0.00%;0.00%;0.00%;0.00%;0.00%;0.00%;0.00%;0.00%;0.00%
27-03-06;-0.12%;0.09%;0.07%;0.45%;0.45%;0.45%;0.45%;0.45%;0.45%;0.45%;0.35%
28-03-06;-0.12%;0.02%;0.00%;0.15%;0.78%;0.30%;0.36%;0.12%;0.28%;0.28%;0.27%
29-03-06;0.50%;0.08%;0.08%;-0.11%;-0.62%;-0.11%;0.18%;-0.08%;0.22%;0.22%;-0.07%
30-03-06;-0.05%;-0.02%;0.00%;0.02%;-0.13%;-0.41%;-0.50%;-0.34%;-0.25%;-0.25%;-0.35%
31-03-06;0.05%;0.11%;-0.22%;-0.54%;0.15%;-1.44%;-1.21%;-1.39%;-1.34%;-1.34%;0.43%
01-04-06;0.00%;0.00%;0.00%;-0.58%;0.51%;0.03%;-0.03%;-0.01%;4.66%;4.66%;0.00%
02-04-06;0.00%;0.00%;0.00%;0.00%;0.00%;0.00%;0.00%;0.00%;0.00%;0.00%;0.00%
03-04-06;0.04%;0.01%;0.08%;-0.29%;-0.29%;-0.29%;-0.29%;-0.29%;-0.29%;-0.29%;0.14%
04-04-06;0.10%;0.01%;0.12%;0.47%;1.64%;-0.31%;-0.03%;-0.19%;-0.15%;-0.15%;0.27%
05-04-06;-0.09%;-0.11%;-0.09%;-0.29%;0.06%;-0.84%;-0.65%;-0.78%;-0.84%;-0.84%;0.40%
06-04-06;0.28%;0.10%;0.11%;0.37%;0.39%;0.00%;-0.05%;-0.21%;-0.06%;-0.06%;0.35%
07-04-06;-0.29%;0.04%;0.04%;-0.12%;0.36%;-0.47%;-0.47%;-0.50%;-0.30%;-0.30%;0.09%
08-04-06;0.00%;0.00%;0.00%;-0.91%;-0.37%;-0.13%;-0.34%;-0.56%;0.00%;0.00%;0.00%
09-04-06;0.00%;0.00%;0.00%;0.00%;0.00%;0.00%;0.00%;0.00%;0.00%;0.00%;0.00%
10-04-06;-0.28%;-0.01%;0.04%;-0.08%;-0.08%;-0.08%;-0.08%;-0.08%;-0.08%;-0.08%;0.12%
11-04-06;-0.78%;0.04%;0.06%;-0.11%;-0.57%;-0.17%;-0.23%;-0.22%;-0.18%;-0.18%;-0.32%
12-04-06;0.01%;0.07%;0.05%;-1.07%;-0.72%;-0.24%;-0.19%;-0.19%;-0.34%;-0.34%;-0.25%
13-04-06;0.16%;0.01%;0.08%;-0.98%;-1.18%;-0.79%;-0.72%;-0.74%;-0.71%;-0.71%;-0.61%
14-04-06;0.00%;0.01%;0.02%;0.11%;-0.01%;-0.27%;-0.10%;-0.24%;0.00%;0.00%;0.00%
15-04-06;0.00%;0.00%;0.00%;0.01%;0.67%;-0.02%;0.00%;0.00%;0.00%;0.00%;0.00%
16-04-06;0.00%;0.00%;0.00%;0.00%;0.00%;0.00%;0.00%;0.00%;0.00%;0.00%;0.00%
17-04-06;-0.03%;0.05%;0.13%;0.47%;0.47%;0.47%;0.47%;0.47%;0.47%;0.47%;0.03%
18-04-06;0.78%;-0.05%;0.05%;-0.32%;0.26%;-0.54%;-0.59%;-0.48%;-0.64%;-0.64%;0.14%
19-04-06;0.04%;-0.01%;0.00%;1.07%;1.37%;0.12%;0.43%;0.47%;-0.02%;-0.02%;0.44%
20-04-06;0.48%;0.01%;0.03%;1.12%;1.67%;0.42%;0.55%;0.52%;0.41%;0.41%;1.04%
21-04-06;0.37%;-0.02%;-0.08%;0.78%;0.93%;0.76%;0.76%;0.74%;0.74%;0.74%;0.68%
22-04-06;0.00%;0.00%;0.00%;0.46%;0.48%;0.03%;0.13%;0.05%;0.00%;0.00%;0.00%
23-04-06;0.00%;0.00%;0.00%;0.00%;0.00%;0.00%;0.00%;0.00%;0.00%;0.00%;0.00%
24-04-06;0.35%;0.04%;0.13%;-0.20%;-0.20%;-0.19%;-0.20%;-0.20%;-0.20%;-0.20%;0.28%
25-04-06;-0.16%;-0.14%;-0.03%;-0.59%;-0.59%;-0.17%;-0.15%;-0.14%;-0.28%;-0.28%;0.30%
26-04-06;-0.04%;-0.06%;-0.24%;0.01%;-0.42%;-0.18%;0.05%;-0.20%;0.09%;0.09%;-0.11%
27-04-06;0.15%;-0.03%;0.02%;0.84%;1.46%;0.34%;0.45%;0.40%;0.45%;0.45%;0.03%
28-04-06;-0.31%;0.04%;-0.01%;0.57%;-0.45%;0.27%;0.42%;0.36%;0.18%;0.18%;0.37%
29-04-06;0.00%;0.00%;0.00%;-0.07%;0.26%;0.22%;0.22%;0.17%;0.00%;0.00%;0.00%
30-04-06;0.00%;0.00%;0.00%;0.00%;0.00%;0.00%;0.00%;0.00%;0.00%;0.00%;0.00%
01-05-06;0.00%;0.04%;0.05%;0.00%;0.00%;0.00%;0.00%;0.00%;0.00%;0.00%;0.00%
02-05-06;1.26%;-0.04%;0.00%;-0.57%;-0.30%;-0.77%;-0.70%;-0.81%;-0.71%;-0.71%;-0.39%
03-05-06;0.29%;-0.13%;-0.15%;0.93%;1.58%;0.16%;0.32%;0.23%;0.17%;0.17%;0.33%
04-05-06;-0.11%;-0.17%;-0.12%;-0.32%;0.63%;0.16%;0.14%;0.12%;0.23%;0.23%;0.47%
05-05-06;0.50%;-0.01%;0.13%;-0.01%;0.02%;-0.58%;-0.43%;-0.54%;-0.50%;-0.50%;0.23%
06-05-06;0.00%;0.00%;0.00%;1.15%;0.69%;0.14%;0.14%;0.16%;0.00%;0.00%;0.00%
07-05-06;0.00%;0.00%;0.00%;0.00%;0.00%;0.00%;0.00%;0.00%;0.00%;0.00%;0.00%
08-05-06;0.36%;0.11%;0.09%;-0.21%;-0.21%;-0.21%;-0.21%;-0.21%;-0.21%;-0.21%;0.34%
09-05-06;0.01%;-0.02%;-0.08%;0.22%;1.31%;0.00%;0.09%;0.04%;0.02%;0.02%;0.62%
10-05-06;0.10%;-0.01%;0.00%;0.71%;0.38%;0.38%;0.49%;0.31%;0.41%;0.41%;0.70%
11-05-06;0.26%;-0.01%;-0.05%;-0.77%;-0.74%;-0.55%;-0.41%;-0.47%;-0.55%;-0.55%;-0.09%
12-05-06;-0.65%;0.04%;0.04%;-0.66%;-0.54%;0.02%;0.11%;-0.21%;0.14%;0.14%;-0.17%
13-05-06;0.00%;0.00%;0.00%;-1.29%;-1.86%;-0.11%;-0.21%;-0.69%;0.00%;0.00%;0.00%
14-05-06;0.00%;0.00%;0.00%;0.00%;0.00%;0.00%;0.00%;0.00%;0.00%;0.00%;0.00%
15-05-06;-0.16%;0.15%;0.02%;0.55%;0.55%;0.55%;0.55%;0.55%;0.55%;0.55%;-0.55%
16-05-06;0.65%;0.14%;0.13%;0.36%;-3.33%;1.25%;0.81%;0.63%;1.03%;1.03%;-0.69%
17-05-06;-0.84%;-0.05%;-0.05%;-0.79%;-0.88%;-0.32%;-0.48%;-0.12%;-0.57%;-0.57%;-1.79%
18-05-06;-0.36%;0.06%;0.06%;-1.30%;0.36%;0.27%;0.03%;-0.18%;0.49%;0.49%;-0.13%
19-05-06;-0.30%;0.08%;0.11%;-0.55%;-2.75%;0.57%;0.35%;0.48%;0.27%;0.27%;-0.66%
20-05-06;0.00%;0.00%;0.00%;-0.23%;-0.66%;0.09%;-0.06%;0.11%;0.00%;0.00%;0.00%
21-05-06;0.00%;0.00%;0.00%;0.00%;0.00%;0.00%;0.00%;0.00%;0.00%;0.00%;0.00%
22-05-06;-1.98%;0.12%;0.10%;0.21%;0.21%;0.21%;0.21%;0.21%;0.21%;0.21%;-1.26%
23-05-06;0.07%;0.05%;0.01%;0.04%;-3.68%;1.30%;0.94%;0.61%;1.06%;1.06%;-0.29%
24-05-06;-0.42%;-0.06%;-0.06%;0.26%;1.55%;-0.25%;-0.23%;-0.42%;-0.20%;-0.20%;-1.36%
25-05-06;0.18%;0.01%;-0.04%;0.29%;-1.05%;0.97%;0.63%;0.68%;0.87%;0.87%;-0.17%
26-05-06;0.27%;-0.03%;0.02%;0.20%;-0.48%;-0.85%;-0.62%;-0.45%;-0.81%;-0.81%;-0.49%
27-05-06;0.00%;0.00%;0.00%;0.96%;2.47%;0.04%;0.12%;0.25%;0.00%;0.00%;0.00%
28-05-06;0.00%;0.00%;0.00%;0.00%;0.00%;0.00%;0.00%;0.00%;0.00%;0.00%;0.00%
29-05-06;-0.11%;0.03%;0.12%;-0.59%;-0.59%;-0.59%;-0.59%;-0.59%;-0.59%;-0.59%;0.30%
30-05-06;-1.18%;-0.06%;-0.12%;0.22%;0.59%;0.06%;0.05%;0.05%;0.05%;0.05%;1.23%
31-05-06;1.31%;-0.02%;-0.05%;-0.10%;-1.11%;0.91%;1.14%;0.62%;1.01%;1.01%;0.39%
01-06-06;0.41%;0.07%;0.12%;0.36%;-0.69%;0.02%;0.07%;0.14%;0.14%;0.14%;-1.09%
02-06-06;0.14%;0.06%;0.07%;0.77%;0.15%;-0.09%;0.09%;0.38%;0.02%;0.02%;-0.12%
03-06-06;0.00%;0.00%;0.00%;0.82%;2.01%;0.39%;0.29%;0.19%;0.00%;0.00%;0.00%
04-06-06;0.00%;0.00%;0.00%;0.00%;0.00%;0.00%;0.00%;0.00%;0.00%;0.00%;0.00%
05-06-06;-0.62%;0.09%;0.17%;-0.39%;-0.39%;-0.39%;-0.39%;-0.39%;-0.39%;-0.39%;0.55%
06-06-06;-0.50%;0.03%;-0.07%;-0.55%;-0.29%;0.66%;0.73%;0.82%;0.69%;0.69%;0.71%
07-06-06;-0.88%;0.00%;-0.01%;-0.96%;-1.50%;0.44%;0.28%;0.44%;0.56%;0.56%;-0.51%
08-06-06;-0.22%;-0.01%;-0.06%;0.38%;-1.45%;0.97%;0.93%;0.91%;0.94%;0.94%;-1.07%
09-06-06;-0.88%;-0.06%;-0.09%;-1.02%;-3.37%;0.89%;0.45%;0.64%;0.69%;0.69%;-1.33%
10-06-06;0.00%;0.00%;0.00%;0.61%;1.26%;0.08%;0.10%;0.15%;0.00%;0.00%;0.00%
11-06-06;0.00%;0.00%;0.00%;0.00%;0.00%;0.00%;0.00%;0.00%;0.00%;0.00%;0.00%
12-06-06;0.00%;0.00%;0.00%;0.00%;0.00%;0.00%;0.00%;0.00%;0.00%;0.00%;0.00%
13-06-06;-2.93%;-0.04%;0.04%;-1.93%;-2.38%;-0.73%;-0.85%;-1.01%;-0.81%;-0.81%;-1.15%
14-06-06;0.20%;-0.04%;-0.13%;-0.98%;-3.32%;1.23%;0.83%;0.83%;1.05%;1.05%;-1.20%
15-06-06;1.80%;-0.02%;-0.45%;0.15%;0.79%;-0.62%;-0.59%;-0.46%;-0.41%;-0.41%;-1.87%
16-06-06;0.49%;0.02%;0.07%;1.63%;1.84%;-0.66%;-0.45%;-0.32%;-0.44%;-0.44%;0.33%
17-06-06;0.00%;0.00%;0.00%;0.08%;2.57%;-0.04%;-0.02%;-0.11%;0.00%;0.00%;0.00%
18-06-06;0.00%;0.00%;0.00%;0.00%;0.00%;0.00%;0.00%;0.00%;0.00%;0.00%;0.00%
19-06-06;-0.86%;0.01%;0.06%;0.17%;0.17%;0.17%;0.17%;0.17%;0.17%;0.17%;1.78%
20-06-06;0.41%;0.12%;0.18%;-0.07%;-0.04%;0.56%;0.53%;0.53%;0.64%;0.64%;0.65%
21-06-06;0.82%;0.10%;0.07%;0.36%;-0.97%;0.10%;0.08%;0.06%;0.24%;0.24%;-0.23%
22-06-06;0.19%;-0.03%;0.02%;0.37%;0.39%;-0.42%;-0.53%;-0.51%;-0.40%;-0.40%;-0.16%
23-06-06;-0.05%;-0.04%;-0.09%;0.13%;0.80%;0.01%;-0.07%;-0.19%;0.17%;0.17%;0.46%
24-06-06;0.00%;0.00%;0.00%;-0.17%;-0.43%;-0.12%;-0.28%;-0.33%;0.00%;0.00%;0.00%
25-06-06;0.00%;0.00%;0.00%;0.00%;0.00%;0.00%;0.00%;0.00%;0.00%;0.00%;0.00%
26-06-06;0.00%;0.00%;0.00%;0.00%;0.00%;0.00%;0.00%;0.00%;0.00%;0.00%;0.00%
27-06-06;-0.03%;-0.01%;-0.07%;0.86%;0.58%;0.53%;0.38%;0.14%;0.56%;0.56%;0.22%
28-06-06;0.01%;-0.07%;-0.03%;-0.82%;0.66%;-0.21%;-0.25%;-0.28%;-0.29%;-0.29%;0.20%
29-06-06;1.70%;0.00%;0.08%;0.14%;0.47%;0.13%;0.21%;0.45%;0.20%;0.20%;-0.18%
30-06-06;0.52%;0.10%;0.20%;1.67%;1.78%;-0.16%;0.04%;0.19%;-0.34%;-0.34%;0.60%
01-07-06;0.00%;0.00%;0.00%;1.59%;3.27%;0.12%;0.76%;0.54%;16.41%;16.41%;0.00%
02-07-06;0.00%;0.00%;0.00%;0.00%;0.00%;0.00%;0.00%;0.00%;0.00%;0.00%;0.00%
03-07-06;0.72%;0.14%;0.21%;-1.45%;-1.45%;-1.45%;-1.45%;-1.45%;-1.45%;-1.45%;1.41%
04-07-06;0.14%;0.03%;0.07%;0.28%;1.21%;-0.40%;-0.14%;0.04%;-0.35%;-0.35%;0.86%
05-07-06;-0.79%;-0.02%;0.00%;0.23%;0.53%;0.07%;0.05%;0.02%;0.02%;0.02%;0.75%
06-07-06;0.02%;0.05%;0.15%;-0.72%;-1.69%;0.28%;0.32%;0.24%;0.53%;0.53%;0.12%
07-07-06;-0.49%;0.12%;0.10%;0.16%;0.21%;-0.18%;-0.15%;0.12%;-0.30%;-0.30%;-0.65%
08-07-06;0.00%;0.00%;0.00%;-0.07%;0.26%;0.25%;0.27%;0.34%;0.00%;0.00%;0.00%
09-07-06;0.00%;0.00%;0.00%;0.00%;0.00%;0.00%;0.00%;0.00%;0.00%;0.00%;0.00%
10-07-06;-0.08%;0.06%;0.09%;-0.06%;-0.06%;-0.06%;-0.06%;-0.06%;-0.06%;-0.06%;0.08%
11-07-06;0.10%;0.03%;0.02%;0.00%;0.55%;-0.06%;0.03%;0.19%;-0.06%;-0.06%;0.08%
12-07-06;-0.22%;0.05%;0.05%;0.24%;-0.03%;0.54%;0.49%;0.63%;0.37%;0.37%;0.14%
13-07-06;-0.69%;0.01%;0.04%;-1.09%;-0.18%;-0.21%;-0.27%;-0.27%;-0.17%;-0.17%;-0.19%
14-07-06;-0.63%;0.07%;0.11%;-0.84%;-2.05%;0.56%;0.22%;0.13%;0.38%;0.38%;-0.39%
15-07-06;0.00%;0.00%;0.00%;-1.19%;-1.63%;0.21%;-0.13%;0.07%;0.00%;0.00%;0.00%
16-07-06;0.00%;0.00%;0.00%;0.00%;0.00%;0.00%;0.00%;0.00%;0.00%;0.00%;0.00%
17-07-06;-0.76%;0.17%;0.34%;0.55%;0.55%;0.55%;0.55%;0.55%;0.55%;0.55%;-1.05%
18-07-06;0.68%;0.05%;0.07%;-0.40%;-1.45%;0.25%;0.15%;0.37%;0.27%;0.27%;-0.77%
19-07-06;0.96%;0.09%;0.05%;-0.70%;-0.11%;-0.42%;-0.28%;-0.20%;-0.30%;-0.30%;-0.71%
20-07-06;-0.11%;0.07%;0.08%;1.54%;1.11%;-0.15%;-0.02%;0.19%;-0.36%;-0.36%;-0.08%
21-07-06;-0.30%;0.06%;0.09%;-0.28%;1.26%;-0.40%;-0.26%;-0.31%;-0.52%;-0.52%;0.86%
22-07-06;0.00%;0.00%;0.00%;-0.65%;-0.69%;0.06%;0.14%;0.09%;0.00%;0.00%;0.00%
23-07-06;0.00%;0.00%;0.00%;0.00%;0.00%;0.00%;0.00%;0.00%;0.00%;0.00%;0.00%
24-07-06;0.42%;0.10%;0.11%;0.22%;0.22%;0.22%;0.22%;0.22%;0.22%;0.22%;0.66%
25-07-06;0.28%;-0.02%;0.04%;1.32%;0.33%;0.10%;0.08%;0.25%;0.09%;0.09%;-0.36%
26-07-06;0.25%;-0.01%;0.06%;0.48%;0.97%;-0.21%;-0.05%;-0.07%;-0.15%;-0.15%;0.58%
27-07-06;0.09%;0.07%;0.09%;0.41%;0.59%;0.45%;0.61%;0.66%;0.41%;0.41%;0.67%
28-07-06;0.54%;0.10%;0.14%;0.29%;1.62%;-0.35%;-0.19%;-0.23%;-0.45%;-0.45%;0.36%
29-07-06;0.00%;0.00%;0.00%;1.10%;-0.06%;0.16%;0.14%;0.18%;0.00%;0.00%;0.00%
30-07-06;0.00%;0.00%;0.00%;0.00%;0.00%;0.00%;0.00%;0.00%;0.00%;0.00%;0.00%
31-07-06;0.20%;0.10%;0.25%;-0.14%;-0.14%;-0.13%;-0.14%;-0.14%;-0.14%;-0.14%;0.51%
01-08-06;-0.60%;-0.01%;-0.03%;0.04%;0.18%;0.17%;0.18%;0.25%;0.11%;0.11%;0.46%
02-08-06;0.81%;0.02%;0.08%;-0.19%;-0.47%;0.46%;0.49%;0.44%;0.45%;0.45%;0.19%
03-08-06;-0.03%;0.12%;0.10%;0.71%;0.80%;-0.16%;0.03%;-0.01%;-0.22%;-0.22%;-0.37%
04-08-06;0.06%;0.14%;0.19%;0.08%;0.43%;0.26%;0.39%;0.48%;0.34%;0.34%;0.34%
05-08-06;0.00%;0.00%;0.00%;0.65%;0.88%;0.25%;0.35%;0.41%;0.00%;0.00%;0.00%
06-08-06;0.00%;0.00%;0.00%;0.00%;0.00%;0.00%;0.00%;0.00%;0.00%;0.00%;0.00%
07-08-06;-0.02%;0.15%;0.15%;-0.24%;-0.24%;-0.24%;-0.24%;-0.24%;-0.24%;-0.24%;0.20%
08-08-06;0.03%;0.06%;0.07%;-0.57%;-0.05%;0.34%;0.33%;0.39%;0.28%;0.28%;0.24%
09-08-06;0.48%;0.07%;0.13%;0.34%;0.88%;0.39%;0.42%;0.44%;0.35%;0.35%;0.01%
10-08-06;0.18%;0.02%;0.02%;-0.03%;0.69%;-0.33%;-0.15%;-0.12%;-0.27%;-0.27%;0.15%
11-08-06;-0.35%;0.01%;0.00%;-0.05%;-0.21%;0.24%;0.12%;0.31%;0.30%;0.30%;0.10%
12-08-06;0.00%;0.00%;0.00%;-0.27%;0.07%;-0.10%;-0.01%;-0.02%;0.00%;0.00%;0.00%
13-08-06;0.00%;0.00%;0.00%;0.00%;0.00%;0.00%;0.00%;0.00%;0.00%;0.00%;0.00%
14-08-06;0.15%;0.10%;0.18%;-0.64%;-0.64%;-0.64%;-0.64%;-0.64%;-0.64%;-0.64%;-0.27%
15-08-06;0.00%;0.00%;0.00%;0.36%;-0.23%;-0.11%;-0.01%;-0.03%;0.00%;0.00%;0.00%
16-08-06;0.73%;0.12%;0.31%;1.18%;0.36%;0.24%;0.17%;0.25%;0.00%;0.00%;-0.08%
17-08-06;-0.08%;0.00%;0.02%;-0.06%;0.40%;-0.81%;-0.71%;-0.59%;-1.06%;-1.06%;0.60%
18-08-06;0.04%;-0.07%;-0.04%;-0.81%;-0.62%;-0.97%;-0.90%;-0.93%;-1.03%;-1.03%;0.20%
19-08-06;0.00%;0.00%;0.00%;0.01%;-0.80%;0.10%;-0.04%;-0.02%;0.00%;0.00%;0.00%
20-08-06;0.00%;0.00%;0.00%;0.00%;0.00%;0.00%;0.00%;0.00%;0.00%;0.00%;0.00%
21-08-06;-0.09%;-0.02%;0.03%;0.25%;0.25%;0.25%;0.25%;0.25%;0.25%;0.25%;0.28%
22-08-06;0.17%;-0.03%;0.10%;-0.24%;-0.85%;-0.02%;-0.02%;-0.12%;-0.21%;-0.21%;-0.24%
23-08-06;-0.20%;0.02%;0.03%;0.04%;0.64%;0.21%;-0.08%;0.14%;0.05%;0.05%;-0.17%
24-08-06;-0.14%;0.01%;0.09%;-0.21%;-0.65%;0.16%;0.12%;-0.04%;0.20%;0.20%;0.18%
25-08-06;0.13%;0.06%;0.12%;0.43%;-0.23%;0.48%;0.37%;0.29%;0.43%;0.43%;-0.36%
26-08-06;0.00%;0.00%;0.00%;-0.25%;0.15%;0.16%;0.01%;0.01%;0.00%;0.00%;0.00%
27-08-06;0.00%;0.00%;0.00%;0.00%;0.00%;0.00%;0.00%;0.00%;0.00%;0.00%;0.00%
28-08-06;0.49%;0.10%;0.12%;0.47%;0.47%;0.47%;0.47%;0.47%;0.47%;0.47%;-0.12%
29-08-06;0.61%;0.01%;0.03%;0.42%;-0.04%;0.04%;0.11%;0.09%;0.01%;0.01%;0.02%
30-08-06;0.62%;0.01%;0.07%;0.43%;0.90%;0.15%;0.27%;0.21%;0.20%;0.20%;0.25%
31-08-06;0.65%;0.04%;-0.01%;0.33%;0.69%;0.07%;0.21%;0.24%;-0.07%;-0.07%;0.45%
01-09-06;0.38%;0.18%;0.33%;0.36%;-0.14%;0.52%;0.45%;0.68%;0.34%;0.34%;0.33%
02-09-06;0.00%;0.00%;0.00%;0.46%;0.71%;0.07%;0.11%;0.03%;0.00%;0.00%;0.00%
03-09-06;0.00%;0.00%;0.00%;0.00%;0.00%;0.00%;0.00%;0.00%;0.00%;0.00%;0.00%
04-09-06;-0.09%;0.10%;0.20%;-0.06%;-0.06%;-0.06%;-0.06%;-0.06%;-0.06%;-0.06%;0.24%
05-09-06;0.30%;0.08%;0.07%;0.08%;0.99%;-0.52%;-0.42%;-0.49%;-0.49%;-0.49%;0.42%
06-09-06;-0.45%;0.06%;0.09%;0.02%;0.10%;0.04%;0.28%;0.39%;0.17%;0.17%;0.29%
07-09-06;-0.35%;0.07%;0.14%;-0.63%;-0.62%;0.36%;0.42%;0.27%;0.45%;0.45%;0.07%
08-09-06;0.11%;0.10%;0.13%;-0.80%;-1.13%;0.22%;0.06%;0.03%;0.15%;0.15%;-0.74%
09-09-06;0.00%;0.00%;0.00%;0.11%;-0.08%;0.09%;0.00%;0.09%;0.00%;0.00%;0.00%
10-09-06;0.00%;0.00%;0.00%;0.00%;0.00%;0.00%;0.00%;0.00%;0.00%;0.00%;0.00%
11-09-06;-0.22%;0.02%;0.00%;-0.24%;-0.24%;-0.23%;-0.24%;-0.24%;-0.24%;-0.24%;-0.41%
12-09-06;0.34%;0.04%;0.00%;-0.38%;-1.87%;0.12%;0.13%;-0.11%;0.12%;0.12%;-0.06%
13-09-06;0.61%;0.03%;0.11%;0.48%;0.28%;-0.41%;-0.27%;-0.24%;-0.39%;-0.39%;-0.75%
14-09-06;0.49%;0.04%;0.08%;0.23%;0.91%;0.03%;0.01%;0.01%;-0.09%;-0.09%;0.33%
15-09-06;0.40%;0.01%;0.16%;0.23%;0.25%;-0.04%;0.11%;-0.03%;0.00%;0.00%;0.66%
16-09-06;0.00%;0.00%;0.00%;-0.11%;0.31%;0.04%;-0.09%;0.10%;0.00%;0.00%;0.00%
17-09-06;0.00%;0.00%;0.00%;0.00%;0.00%;0.00%;0.00%;0.00%;0.00%;0.00%;0.00%
18-09-06;0.00%;0.00%;0.00%;0.00%;0.00%;0.00%;0.00%;0.00%;0.00%;0.00%;0.00%
19-09-06;0.00%;0.00%;0.00%;0.19%;1.40%;-0.11%;0.07%;0.02%;0.00%;0.00%;0.00%
20-09-06;0.37%;0.06%;0.07%;-0.28%;-0.15%;0.14%;-0.02%;0.02%;-0.08%;-0.08%;0.05%
21-09-06;-0.37%;-0.07%;-0.02%;0.44%;-0.40%;0.18%;0.10%;0.00%;0.10%;0.10%;0.27%
22-09-06;0.33%;0.03%;0.02%;0.36%;-0.12%;0.47%;0.25%;0.04%;0.30%;0.30%;0.28%
23-09-06;0.00%;0.00%;0.00%;-0.42%;-1.25%;0.32%;0.07%;0.16%;0.00%;0.00%;0.00%
24-09-06;0.00%;0.00%;0.00%;0.00%;0.00%;0.00%;0.00%;0.00%;0.00%;0.00%;0.00%
25-09-06;0.35%;0.09%;0.18%;0.11%;0.11%;0.11%;0.11%;0.11%;0.11%;0.11%;-0.36%
26-09-06;0.92%;0.00%;-0.02%;0.16%;-0.31%;0.15%;0.00%;0.10%;-0.05%;-0.05%;-0.46%
27-09-06;0.16%;-0.02%;0.02%;0.31%;0.41%;-0.30%;-0.22%;-0.08%;-0.28%;-0.28%;0.05%
28-09-06;0.43%;0.00%;0.05%;0.52%;0.88%;-0.23%;0.02%;-0.01%;-0.15%;-0.15%;0.84%
29-09-06;-0.09%;0.04%;0.22%;0.32%;0.76%;0.09%;0.21%;0.23%;0.17%;0.17%;0.37%
30-09-06;0.00%;0.00%;0.00%;-0.18%;-0.31%;-0.06%;0.04%;-0.02%;0.00%;0.00%;0.00%
01-10-06;0.00%;0.00%;0.00%;0.00%;0.00%;0.00%;0.00%;0.00%;2.88%;2.88%;0.00%
02-10-06;-0.19%;0.05%;0.08%;-0.22%;-0.22%;-0.22%;-0.22%;-0.22%;-0.22%;-0.22%;0.11%
03-10-06;0.28%;0.00%;0.00%;-0.42%;-0.21%;-0.53%;-0.40%;-0.38%;-0.58%;-0.58%;-0.03%
04-10-06;1.22%;0.09%;0.11%;-0.11%;-0.63%;0.03%;0.04%;-0.08%;0.06%;0.06%;-0.02%
05-10-06;0.39%;0.17%;0.20%;0.76%;0.00%;0.35%;0.31%;0.43%;0.17%;0.17%;-0.12%
06-10-06;-0.43%;0.00%;0.01%;1.02%;1.68%;0.24%;0.41%;0.45%;0.33%;0.33%;0.75%
07-10-06;0.00%;0.00%;0.00%;-0.49%;-0.12%;-0.21%;-0.15%;-0.18%;0.00%;0.00%;0.00%
08-10-06;0.00%;0.00%;0.00%;0.00%;0.00%;0.00%;0.00%;0.00%;0.00%;0.00%;0.00%
09-10-06;0.00%;0.00%;0.00%;0.00%;0.00%;0.00%;0.00%;0.00%;0.00%;0.00%;0.00%
10-10-06;0.81%;0.14%;0.04%;0.26%;-0.02%;0.14%;0.16%;0.13%;0.13%;0.13%;0.39%
11-10-06;-0.01%;0.01%;0.07%;-0.01%;0.32%;-0.36%;-0.20%;-0.14%;-0.17%;-0.17%;-0.05%
12-10-06;0.10%;0.02%;0.02%;-0.22%;-0.10%;-0.12%;-0.03%;-0.15%;-0.05%;-0.05%;0.25%
13-10-06;0.18%;-0.04%;0.03%;0.17%;0.06%;-0.49%;-0.40%;-0.36%;-0.53%;-0.53%;-0.01%
14-10-06;0.00%;0.00%;0.00%;0.23%;1.65%;-0.10%;0.02%;-0.01%;0.00%;0.00%;0.00%
15-10-06;0.00%;0.00%;0.00%;0.00%;0.00%;0.00%;0.00%;0.00%;0.00%;0.00%;0.00%
16-10-06;0.08%;0.02%;0.21%;-0.28%;-0.28%;-0.28%;-0.28%;-0.28%;-0.28%;-0.28%;0.40%
17-10-06;-0.10%;0.06%;0.10%;0.25%;0.37%;-0.19%;-0.06%;0.04%;-0.25%;-0.25%;0.33%
18-10-06;0.38%;0.05%;0.04%;-0.47%;-0.63%;0.14%;0.08%;0.08%;0.05%;0.05%;0.16%
19-10-06;0.17%;0.05%;0.09%;-0.37%;-0.29%;-0.65%;-0.56%;-0.49%;-0.65%;-0.65%;-0.29%
20-10-06;-0.03%;0.03%;0.04%;0.15%;0.02%;-0.25%;-0.06%;-0.16%;-0.17%;-0.17%;0.33%
21-10-06;0.00%;0.00%;0.00%;0.23%;-0.04%;0.03%;0.02%;-0.02%;0.00%;0.00%;0.00%
22-10-06;0.00%;0.00%;0.00%;0.00%;0.00%;0.00%;0.00%;0.00%;0.00%;0.00%;0.00%
23-10-06;-0.02%;0.02%;0.02%;-0.07%;-0.07%;-0.07%;-0.07%;-0.07%;-0.07%;-0.07%;0.05%
24-10-06;0.66%;0.05%;0.09%;0.47%;-0.25%;-0.01%;0.06%;0.00%;0.12%;0.12%;-0.01%
25-10-06;0.27%;0.06%;0.07%;0.08%;0.43%;0.09%;0.06%;0.08%;0.05%;0.05%;0.21%
26-10-06;0.01%;0.17%;0.27%;0.03%;0.13%;-0.30%;-0.26%;-0.10%;-0.41%;-0.41%;0.25%
27-10-06;-0.11%;0.15%;0.19%;0.45%;0.44%;0.06%;0.12%;0.14%;-0.17%;-0.17%;0.42%
28-10-06;0.00%;0.00%;0.00%;-0.36%;-0.22%;0.22%;0.21%;0.18%;0.00%;0.00%;0.00%
29-10-06;0.00%;0.00%;0.00%;0.00%;0.00%;0.00%;0.00%;0.00%;0.00%;0.00%;0.00%
30-10-06;-0.51%;0.19%;0.26%;0.08%;0.08%;0.08%;0.08%;0.08%;0.08%;0.08%;0.27%
31-10-06;0.45%;0.05%;0.41%;-0.01%;-0.79%;0.38%;0.34%;0.25%;0.27%;0.27%;-0.17%
01-11-06;0.00%;0.00%;0.00%;0.15%;1.02%;0.27%;0.16%;0.24%;0.00%;0.00%;0.00%
02-11-06;-0.22%;0.01%;0.06%;-0.47%;0.76%;-0.06%;-0.02%;0.02%;-0.24%;-0.24%;-0.42%
03-11-06;-0.67%;-0.01%;0.02%;-0.02%;0.05%;0.03%;0.19%;0.05%;0.15%;0.15%;0.39%
04-11-06;0.00%;0.00%;0.00%;-0.20%;0.69%;-0.26%;-0.09%;-0.22%;0.00%;0.00%;0.00%
05-11-06;0.00%;0.00%;0.00%;0.00%;0.00%;0.00%;0.00%;0.00%;0.00%;0.00%;0.00%
06-11-06;0.91%;0.00%;0.05%;0.04%;0.04%;0.04%;0.04%;0.04%;0.04%;0.04%;-0.10%
07-11-06;1.38%;0.03%;0.08%;0.73%;0.36%;-0.24%;-0.08%;-0.07%;-0.21%;-0.21%;0.07%
08-11-06;0.72%;-0.05%;-0.07%;0.36%;0.51%;-0.04%;0.03%;-0.04%;-0.26%;-0.26%;0.70%
09-11-06;0.21%;0.03%;0.08%;0.24%;0.16%;0.44%;0.42%;0.47%;0.40%;0.40%;0.51%
10-11-06;-0.06%;-0.01%;-0.04%;-0.41%;0.64%;-0.01%;0.04%;-0.02%;-0.09%;-0.09%;0.10%
11-11-06;0.00%;0.00%;0.00%;0.24%;0.07%;0.16%;0.15%;0.08%;0.00%;0.00%;0.00%
12-11-06;0.00%;0.00%;0.00%;0.00%;0.00%;0.00%;0.00%;0.00%;0.00%;0.00%;0.00%
13-11-06;-0.19%;0.03%;0.05%;0.05%;0.05%;0.05%;0.05%;0.05%;0.05%;0.05%;0.22%
14-11-06;0.96%;0.06%;0.02%;0.24%;0.13%;0.32%;0.37%;0.37%;0.34%;0.34%;-0.07%
15-11-06;0.26%;0.05%;0.08%;0.51%;0.90%;0.11%;0.20%;0.27%;0.05%;0.05%;0.04%
16-11-06;0.80%;0.02%;0.10%;0.45%;0.20%;0.04%;0.18%;0.10%;0.16%;0.16%;0.56%
17-11-06;-0.55%;0.01%;0.05%;0.02%;0.28%;-0.12%;-0.01%;-0.17%;-0.06%;-0.06%;0.24%
18-11-06;0.00%;0.00%;0.00%;-0.15%;-0.87%;0.16%;0.06%;0.00%;0.00%;0.00%;0.00%
19-11-06;0.00%;0.00%;0.00%;0.00%;0.00%;0.00%;0.00%;0.00%;0.00%;0.00%;0.00%
20-11-06;-0.28%;0.02%;0.05%;0.26%;0.26%;0.26%;0.26%;0.26%;0.26%;0.26%;0.17%
21-11-06;0.98%;0.00%;0.15%;-0.29%;0.04%;0.14%;0.03%;0.08%;-0.01%;-0.01%;-0.44%
22-11-06;0.31%;0.09%;0.18%;0.37%;0.89%;0.13%;0.03%;0.17%;0.11%;0.11%;-0.04%
23-11-06;0.73%;0.16%;0.19%;0.67%;1.05%;0.01%;0.08%;0.02%;-0.03%;-0.03%;0.58%
24-11-06;-0.09%;0.21%;0.16%;0.15%;0.30%;0.05%;0.12%;0.12%;0.12%;0.12%;0.52%
25-11-06;0.00%;0.00%;0.00%;-0.11%;0.17%;0.16%;0.20%;0.06%;0.00%;0.00%;0.00%
26-11-06;0.00%;0.00%;0.00%;0.00%;0.00%;0.00%;0.00%;0.00%;0.00%;0.00%;0.00%
27-11-06;-0.54%;0.08%;0.02%;0.00%;0.00%;0.00%;0.00%;0.00%;0.00%;0.00%;0.30%
28-11-06;-0.51%;0.00%;0.13%;-1.15%;-0.08%;-0.10%;-0.10%;-0.25%;-0.10%;-0.10%;-0.17%
29-11-06;1.12%;-0.03%;0.00%;0.26%;-0.99%;0.33%;0.19%;0.29%;0.19%;0.19%;-0.36%
30-11-06;0.32%;-0.16%;0.06%;0.92%;1.32%;-0.33%;-0.05%;-0.09%;-0.25%;-0.25%;-0.19%
01-12-06;0.06%;-0.12%;-0.07%;0.03%;0.57%;-0.08%;0.00%;-0.10%;-0.30%;-0.30%;0.98%
02-12-06;0.00%;0.00%;0.00%;-0.15%;0.19%;0.20%;0.22%;0.03%;0.00%;0.00%;0.00%
03-12-06;0.00%;0.00%;0.00%;0.00%;0.00%;0.00%;0.00%;0.00%;0.00%;0.00%;0.00%
04-12-06;0.19%;-0.05%;-0.12%;-0.34%;-0.34%;-0.34%;-0.34%;-0.34%;-0.34%;-0.34%;0.34%
05-12-06;0.35%;-0.09%;-0.07%;0.60%;0.39%;0.01%;0.08%;0.18%;-0.02%;-0.02%;-0.02%
06-12-06;0.01%;0.07%;0.03%;0.18%;0.83%;-0.22%;-0.02%;-0.03%;-0.19%;-0.19%;0.28%
07-12-06;0.11%;0.10%;0.07%;0.30%;0.50%;0.10%;0.30%;0.28%;0.17%;0.17%;0.67%
08-12-06;0.00%;0.00%;0.00%;-0.04%;0.02%;-0.09%;0.09%;0.16%;0.00%;0.00%;0.00%
09-12-06;0.00%;0.00%;0.00%;0.05%;-0.67%;-0.17%;-0.03%;-0.03%;0.00%;0.00%;0.00%
10-12-06;0.00%;0.00%;0.00%;0.00%;0.00%;0.00%;0.00%;0.00%;0.00%;0.00%;0.00%
11-12-06;0.46%;0.07%;0.02%;-0.16%;-0.16%;-0.16%;-0.16%;-0.16%;-0.16%;-0.16%;0.08%
12-12-06;-0.04%;0.11%;0.19%;0.01%;-0.38%;0.11%;0.09%;0.28%;0.04%;0.04%;-0.09%
13-12-06;1.18%;0.03%;-0.05%;0.38%;-0.49%;0.31%;0.28%;0.32%;0.22%;0.22%;0.16%
14-12-06;0.88%;-0.02%;0.01%;0.43%;0.27%;0.07%;0.09%;0.11%;0.20%;0.20%;-0.02%
15-12-06;0.82%;0.05%;0.18%;0.52%;1.13%;-0.22%;-0.18%;-0.13%;-0.09%;-0.09%;0.33%
16-12-06;0.00%;0.00%;0.00%;0.00%;0.55%;-0.04%;-0.05%;0.10%;0.00%;0.00%;0.00%
17-12-06;0.00%;0.00%;0.00%;0.00%;0.00%;0.00%;0.00%;0.00%;0.00%;0.00%;0.00%
18-12-06;0.23%;0.05%;-0.02%;-0.37%;-0.37%;-0.37%;-0.37%;-0.37%;-0.37%;-0.37%;0.44%
19-12-06;-0.10%;-0.05%;-0.12%;-0.13%;0.54%;0.11%;0.21%;0.14%;0.13%;0.13%;0.52%
20-12-06;1.04%;-0.02%;-0.03%;0.28%;-1.27%;0.24%;0.41%;0.35%;0.28%;0.28%;-0.03%
21-12-06;0.06%;-0.14%;-0.21%;0.25%;1.24%;0.06%;0.08%;0.07%;-0.01%;-0.01%;-0.36%
22-12-06;0.04%;-0.11%;-0.13%;0.02%;0.34%;0.37%;0.39%;0.43%;0.31%;0.31%;0.50%
23-12-06;0.00%;0.00%;0.00%;-0.43%;0.02%;-0.09%;0.00%;-0.07%;0.00%;0.00%;0.00%
24-12-06;0.00%;0.00%;0.00%;0.00%;0.00%;0.00%;0.00%;0.00%;0.00%;0.00%;0.00%
25-12-06;0.00%;0.00%;0.00%;0.00%;0.00%;0.00%;0.00%;0.00%;0.00%;0.00%;0.00%
26-12-06;0.16%;0.09%;0.13%;0.33%;0.23%;0.38%;0.37%;0.37%;0.37%;0.37%;-0.02%
27-12-06;0.36%;0.01%;0.02%;0.59%;0.61%;0.48%;0.47%;0.39%;0.42%;0.42%;0.05%
28-12-06;-0.31%;0.03%;0.13%;1.01%;1.55%;0.01%;0.20%;0.15%;0.22%;0.22%;0.24%
29-12-06;0.04%;0.05%;-0.06%;0.13%;0.66%;-0.01%;0.11%;0.01%;0.10%;0.10%;0.54%
30-12-06;0.00%;0.00%;0.00%;-0.21%;0.28%;0.07%;0.07%;-0.06%;0.00%;0.00%;0.00%
31-12-06;0.00%;0.00%;0.00%;0.00%;0.00%;0.00%;0.00%;0.00%;0.00%;0.00%;0.00%
01-01-07;0.00%;0.00%;0.00%;0.00%;0.00%;0.00%;0.00%;0.00%;7.82%;7.82%;0.00%
02-01-07;-0.22%;0.00%;-0.06%;-0.38%;-0.35%;-0.38%;-0.38%;-0.38%;-0.38%;-0.38%;0.17%
03-01-07;0.83%;0.09%;0.13%;1.11%;1.87%;0.47%;0.56%;0.46%;0.38%;0.38%;0.35%
04-01-07;0.49%;-0.02%;-0.06%;0.33%;0.13%;0.74%;0.81%;1.06%;0.71%;0.71%;0.38%
05-01-07;-0.34%;-0.02%;0.02%;0.17%;-1.08%;0.58%;0.39%;0.50%;0.46%;0.46%;0.15%
06-01-07;0.00%;0.00%;0.00%;-0.99%;-1.41%;-0.11%;-0.21%;-0.27%;0.00%;0.00%;0.00%
07-01-07;0.00%;0.00%;0.00%;0.00%;0.00%;0.00%;0.00%;0.00%;0.00%;0.00%;0.00%
08-01-07;-0.30%;0.02%;-0.13%;-0.05%;-0.05%;-0.05%;-0.05%;-0.05%;-0.05%;-0.05%;-0.40%
09-01-07;-0.11%;-0.02%;-0.10%;0.62%;-0.04%;0.54%;0.56%;0.45%;0.51%;0.51%;-0.50%
10-01-07;-0.47%;-0.06%;-0.11%;-0.07%;-1.45%;-0.21%;-0.14%;-0.30%;-0.16%;-0.16%;-0.15%
11-01-07;0.14%;-0.21%;-0.21%;-0.31%;-1.01%;0.12%;0.12%;0.09%;0.19%;0.19%;-0.43%
12-01-07;0.74%;0.19%;0.43%;-0.24%;-0.16%;-1.00%;-0.94%;-0.93%;-0.93%;-0.93%;-0.78%
13-01-07;0.00%;0.00%;0.00%;0.82%;1.23%;-0.16%;0.05%;-0.09%;0.00%;0.00%;0.00%
14-01-07;0.00%;0.00%;0.00%;0.00%;0.00%;0.00%;0.00%;0.00%;0.00%;0.00%;0.00%
15-01-07;0.34%;0.48%;0.36%;0.27%;0.27%;0.27%;0.27%;0.27%;0.27%;0.27%;0.88%
16-01-07;0.21%;0.15%;0.11%;0.51%;1.51%;0.17%;0.13%;0.12%;0.12%;0.12%;0.67%
17-01-07;0.58%;-0.06%;-0.15%;0.20%;0.22%;0.50%;0.60%;0.61%;0.41%;0.41%;0.67%
18-01-07;0.48%;0.06%;0.17%;0.06%;-0.12%;0.03%;0.19%;0.05%;0.03%;0.03%;0.01%
19-01-07;0.44%;0.10%;0.09%;-0.51%;0.03%;-0.32%;-0.29%;-0.38%;-0.33%;-0.33%;0.00%
20-01-07;0.00%;0.00%;0.00%;0.39%;-0.01%;0.05%;0.02%;0.05%;0.00%;0.00%;0.00%
21-01-07;0.00%;0.00%;0.00%;0.00%;0.00%;0.00%;0.00%;0.00%;0.00%;0.00%;0.00%
22-01-07;0.61%;0.01%;0.05%;0.10%;0.10%;0.10%;0.10%;0.10%;0.10%;0.10%;0.33%
23-01-07;0.29%;-0.12%;-0.20%;-0.50%;0.50%;-0.12%;-0.14%;-0.23%;-0.27%;-0.27%;0.18%
24-01-07;0.85%;0.00%;0.13%;0.57%;0.37%;0.07%;0.22%;-0.01%;0.14%;0.14%;0.40%
25-01-07;-0.34%;-0.02%;-0.04%;0.30%;0.78%;-0.38%;-0.34%;-0.33%;-0.33%;-0.33%;3.55%
26-01-07;-0.30%;-0.15%;-0.21%;-0.73%;-0.37%;-0.20%;-0.05%;-0.32%;-0.03%;-0.03%;-2.75%
27-01-07;0.00%;0.00%;0.00%;-0.54%;-1.16%;-0.05%;-0.17%;-0.13%;0.00%;0.00%;0.00%
28-01-07;0.00%;0.00%;0.00%;0.00%;0.00%;0.00%;0.00%;0.00%;0.00%;0.00%;0.00%
29-01-07;-0.67%;-0.09%;0.00%;0.60%;0.60%;0.60%;0.60%;0.60%;0.60%;0.60%;-0.42%
30-01-07;0.29%;-0.02%;-0.09%;0.46%;-0.46%;0.27%;0.37%;0.17%;0.34%;0.34%;-0.28%
31-01-07;1.30%;-0.10%;-0.28%;0.75%;0.75%;0.29%;0.22%;0.39%;0.22%;0.22%;-0.15%
01-02-07;1.27%;0.00%;0.06%;0.11%;0.10%;0.03%;-0.03%;0.11%;-0.13%;-0.13%;0.24%
02-02-07;0.36%;0.07%;-0.02%;0.67%;0.98%;-0.26%;-0.06%;-0.04%;-0.26%;-0.26%;0.43%
03-02-07;0.00%;0.00%;0.00%;0.11%;0.76%;0.09%;0.03%;0.14%;0.00%;0.00%;0.00%
04-02-07;0.00%;0.00%;0.00%;0.00%;0.00%;0.00%;0.00%;0.00%;0.00%;0.00%;0.00%
05-02-07;0.12%;0.12%;0.14%;0.59%;0.59%;0.60%;0.59%;0.59%;0.59%;0.59%;1.09%
06-02-07;0.50%;0.05%;0.11%;-0.08%;0.40%;0.29%;0.21%;0.27%;0.14%;0.14%;0.27%
07-02-07;1.29%;0.07%;0.11%;0.37%;0.75%;0.11%;0.22%;0.23%;0.03%;0.03%;0.27%
08-02-07;0.41%;0.05%;-0.08%;0.60%;0.26%;0.32%;0.44%;0.25%;0.26%;0.26%;0.57%
09-02-07;1.00%;0.00%;0.00%;-0.44%;-0.48%;-0.06%;-0.04%;-0.06%;-0.08%;-0.08%;0.14%
10-02-07;0.00%;0.00%;0.00%;-0.20%;-0.08%;-0.15%;-0.03%;-0.12%;0.00%;0.00%;0.00%
11-02-07;0.00%;0.00%;0.00%;0.00%;0.00%;0.00%;0.00%;0.00%;0.00%;0.00%;0.00%
12-02-07;0.16%;-0.07%;-0.15%;-0.44%;-0.44%;-0.43%;-0.44%;-0.44%;-0.44%;-0.44%;-0.24%
13-02-07;1.18%;-0.09%;-0.12%;-0.39%;-1.23%;0.07%;0.06%;0.12%;0.11%;0.11%;0.09%
14-02-07;0.94%;-0.03%;0.00%;0.28%;-0.08%;-0.51%;-0.33%;-0.33%;-0.46%;-0.46%;-0.43%
15-02-07;-0.40%;0.03%;-0.14%;0.50%;0.83%;-0.37%;-0.26%;-0.23%;-0.60%;-0.60%;0.45%
16-02-07;0.26%;0.01%;-0.04%;0.04%;0.43%;-0.12%;-0.12%;-0.13%;-0.30%;-0.30%;0.76%
17-02-07;0.00%;0.00%;0.00%;-0.14%;0.21%;0.04%;0.10%;0.07%;0.00%;0.00%;0.00%
18-02-07;0.00%;0.00%;0.00%;0.00%;0.00%;0.00%;0.00%;0.00%;0.00%;0.00%;0.00%
19-02-07;-0.64%;-0.01%;0.05%;0.18%;0.18%;0.18%;0.18%;0.18%;0.18%;0.18%;0.24%
20-02-07;-1.79%;-0.05%;0.08%;0.09%;0.15%;-0.09%;-0.06%;-0.09%;-0.09%;-0.09%;0.03%
21-02-07;-2.20%;0.03%;0.05%;-0.03%;-0.39%;-0.04%;0.03%;0.00%;-0.10%;-0.10%;-0.28%
22-02-07;1.01%;0.00%;0.00%;-0.26%;0.24%;0.16%;0.19%;0.18%;0.12%;0.12%;-0.55%
23-02-07;-1.30%;-0.06%;-0.05%;-0.54%;0.03%;-0.76%;-0.62%;-0.64%;-0.65%;-0.65%;-0.27%
24-02-07;0.00%;0.00%;0.00%;0.20%;-0.39%;0.17%;0.07%;0.12%;0.00%;0.00%;0.00%
25-02-07;0.00%;0.00%;0.00%;0.00%;0.00%;0.00%;0.00%;0.00%;0.00%;0.00%;0.00%
26-02-07;-1.57%;0.13%;0.25%;-0.04%;-0.04%;-0.04%;-0.04%;-0.04%;-0.04%;-0.04%;0.52%
27-02-07;-3.85%;0.10%;0.16%;0.05%;-0.11%;0.10%;-0.04%;-0.03%;-0.14%;-0.14%;-0.43%
28-02-07;2.15%;0.11%;0.14%;-1.93%;-2.54%;0.88%;0.37%;0.33%;0.58%;0.58%;-0.36%
01-03-07;0.50%;0.02%;0.05%;-0.55%;-1.46%;0.27%;0.25%;0.39%;0.31%;0.31%;-1.71%
02-03-07;0.53%;0.03%;0.07%;-0.35%;-1.24%;0.26%;0.08%;0.15%;0.25%;0.25%;-0.67%
03-03-07;0.00%;0.00%;0.00%;-0.77%;-0.51%;0.09%;-0.15%;-0.03%;0.00%;0.00%;0.00%
04-03-07;0.00%;0.00%;0.00%;0.00%;0.00%;0.00%;0.00%;0.00%;0.00%;0.00%;0.00%
05-03-07;-0.93%;0.11%;0.15%;-0.17%;-0.17%;-0.17%;-0.17%;-0.17%;-0.17%;-0.17%;-0.32%
06-03-07;1.66%;0.13%;0.19%;-1.27%;-3.61%;0.39%;-0.07%;0.17%;0.27%;0.27%;-0.56%
07-03-07;-0.43%;0.06%;0.02%;0.63%;1.64%;-0.77%;-0.64%;-0.65%;-0.76%;-0.76%;-1.44%
08-03-07;0.99%;0.09%;0.15%;0.16%;0.10%;-0.01%;0.20%;0.03%;-0.08%;-0.08%;1.14%
09-03-07;0.24%;0.09%;0.05%;0.79%;1.83%;-0.13%;0.12%;0.01%;-0.12%;-0.12%;0.37%
10-03-07;0.00%;0.00%;0.00%;0.12%;0.75%;-0.19%;0.00%;-0.05%;0.00%;0.00%;0.00%
11-03-07;0.00%;0.00%;0.00%;0.00%;0.00%;0.00%;0.00%;0.00%;0.00%;0.00%;0.00%
12-03-07;0.71%;0.05%;0.08%;0.32%;0.32%;0.32%;0.32%;0.32%;0.32%;0.32%;0.93%
13-03-07;-1.28%;0.09%;-0.06%;0.47%;0.83%;0.24%;0.25%;0.27%;0.12%;0.12%;0.53%
14-03-07;-0.32%;0.01%;0.01%;-1.39%;-0.72%;0.18%;-0.13%;-0.02%;0.01%;0.01%;0.27%
15-03-07;1.23%;-0.01%;0.26%;-0.72%;-1.71%;0.21%;0.07%;0.17%;0.17%;0.17%;-1.15%
16-03-07;0.56%;-0.03%;-0.04%;0.63%;0.92%;-0.49%;-0.27%;-0.35%;-0.40%;-0.40%;-0.38%
17-03-07;0.00%;0.00%;0.00%;-0.11%;-0.09%;0.00%;0.05%;-0.01%;0.00%;0.00%;0.00%
18-03-07;0.00%;0.00%;0.00%;0.00%;0.00%;0.00%;0.00%;0.00%;0.00%;0.00%;0.00%
19-03-07;1.00%;-0.06%;-0.08%;-0.19%;-0.19%;-0.19%;-0.19%;-0.19%;-0.19%;-0.19%;0.70%
20-03-07;0.00%;-0.08%;0.02%;0.96%;1.05%;-0.23%;-0.08%;-0.02%;-0.18%;-0.18%;0.17%
21-03-07;0.35%;0.02%;0.02%;0.66%;0.48%;0.03%;-0.04%;0.04%;-0.04%;-0.04%;0.70%
22-03-07;-0.14%;0.08%;0.03%;1.03%;1.20%;0.05%;0.18%;0.22%;-0.01%;-0.01%;0.45%
23-03-07;-0.16%;0.06%;-0.02%;0.76%;1.28%;-0.21%;0.07%;-0.09%;-0.08%;-0.08%;0.69%
24-03-07;0.00%;0.00%;0.00%;0.13%;0.20%;-0.16%;-0.06%;-0.02%;0.00%;0.00%;0.00%
25-03-07;0.00%;0.00%;0.00%;0.00%;0.00%;0.00%;0.00%;0.00%;0.00%;0.00%;0.00%
26-03-07;-0.44%;0.00%;-0.08%;0.39%;0.39%;0.39%;0.39%;0.39%;0.39%;0.39%;0.58%
27-03-07;-0.70%;0.00%;0.01%;0.08%;0.41%;0.24%;0.30%;0.29%;0.19%;0.19%;0.05%
28-03-07;-0.61%;0.06%;0.01%;-0.18%;-0.16%;0.14%;0.18%;0.17%;0.20%;0.20%;-0.09%
29-03-07;0.62%;-0.06%;-0.17%;-0.29%;-0.68%;0.19%;0.16%;0.22%;0.22%;0.22%;-0.39%
30-03-07;0.18%;-0.03%;-0.10%;0.12%;0.93%;-0.30%;-0.26%;-0.25%;-0.26%;-0.26%;-0.18%
31-03-07;0.00%;0.00%;0.00%;-0.11%;0.51%;-0.03%;-0.01%;0.07%;0.00%;0.00%;0.00%
01-04-07;0.00%;0.00%;0.00%;0.00%;0.00%;0.00%;0.00%;0.00%;0.00%;4.13%;0.00%
02-04-07;0.35%;-0.01%;-0.01%;-0.03%;-0.03%;-0.03%;-0.03%;-0.03%;0.00%;-0.03%;0.53%
03-04-07;0.84%;0.07%;0.05%;0.35%;0.00%;0.11%;0.17%;0.13%;0.00%;0.09%;0.15%
04-04-07;0.66%;0.05%;0.05%;0.60%;0.65%;-0.43%;-0.31%;-0.32%;0.00%;-0.34%;0.25%
05-04-07;0.29%;0.16%;0.19%;0.32%;1.04%;0.01%;-0.07%;0.05%;0.00%;-0.06%;0.82%
06-04-07;0.00%;0.00%;0.00%;0.30%;0.31%;-0.05%;0.10%;0.02%;0.00%;0.00%;0.00%
07-04-07;0.00%;0.00%;0.00%;-0.03%;0.02%;0.01%;0.00%;0.00%;0.00%;0.00%;0.00%
08-04-07;0.00%;0.00%;0.00%;0.00%;0.00%;0.00%;0.00%;0.00%;0.00%;0.00%;0.00%
09-04-07;0.48%;-0.02%;-0.03%;-0.13%;-0.13%;-0.13%;-0.13%;-0.13%;0.00%;-0.13%;0.40%
10-04-07;0.60%;-0.07%;-0.05%;-0.34%;0.43%;-0.35%;-0.22%;-0.31%;0.00%;-0.25%;0.07%
11-04-07;-0.08%;0.03%;0.06%;0.50%;0.27%;-0.09%;-0.01%;-0.06%;0.00%;-0.10%;0.51%
12-04-07;0.49%;0.06%;0.11%;-0.76%;-0.06%;-0.41%;-0.36%;-0.37%;0.00%;-0.41%;0.24%
13-04-07;0.62%;-0.06%;-0.11%;0.27%;-0.05%;-0.13%;-0.01%;-0.18%;0.00%;-0.04%;-0.18%
14-04-07;0.00%;0.00%;0.00%;0.30%;0.59%;-0.15%;0.03%;-0.07%;0.00%;0.00%;0.00%
15-04-07;0.00%;0.00%;0.00%;0.00%;0.00%;0.00%;0.00%;0.00%;0.00%;0.00%;0.00%
16-04-07;0.42%;0.05%;0.07%;-0.09%;-0.09%;-0.09%;-0.09%;-0.09%;0.00%;-0.09%;0.27%
17-04-07;-0.21%;0.02%;0.04%;0.87%;0.93%;-0.18%;-0.06%;-0.07%;0.00%;-0.28%;0.53%
18-04-07;0.69%;-0.02%;0.17%;-0.05%;-0.45%;-0.07%;-0.08%;-0.03%;0.00%;-0.23%;0.32%
19-04-07;0.74%;-0.01%;0.03%;0.12%;-0.25%;0.13%;0.15%;0.23%;0.00%;0.01%;-0.09%
20-04-07;0.65%;-0.03%;0.01%;-0.23%;-1.01%;0.11%;0.24%;0.23%;0.00%;0.16%;-0.05%
21-04-07;0.00%;0.00%;0.00%;0.86%;1.58%;-0.03%;0.13%;0.12%;0.00%;0.00%;0.00%
22-04-07;0.00%;0.00%;0.00%;0.00%;0.00%;0.00%;0.00%;0.00%;0.00%;0.00%;0.00%
23-04-07;-0.80%;0.03%;0.04%;-0.31%;-0.31%;-0.31%;-0.31%;-0.31%;0.00%;-0.31%;0.39%
24-04-07;-0.13%;0.04%;0.07%;-0.24%;0.10%;0.10%;0.06%;0.10%;0.00%;-0.04%;0.44%
25-04-07;0.62%;0.04%;0.05%;-0.04%;0.09%;0.25%;0.30%;0.29%;0.00%;0.15%;-0.29%
26-04-07;0.08%;0.00%;0.09%;0.44%;-0.03%;-0.34%;-0.22%;-0.28%;0.00%;-0.29%;0.02%
27-04-07;0.10%;-0.08%;-0.09%;-0.12%;0.08%;-0.15%;-0.11%;-0.25%;0.00%;-0.01%;0.36%
28-04-07;0.00%;0.00%;0.00%;-0.09%;-0.78%;0.00%;0.04%;-0.02%;0.00%;0.00%;0.00%
29-04-07;0.00%;0.00%;0.00%;0.00%;0.00%;0.00%;0.00%;0.00%;0.00%;0.00%;0.00%
30-04-07;0.34%;-0.05%;-0.03%;-0.08%;-0.08%;-0.08%;-0.08%;-0.08%;0.00%;-0.08%;-0.08%
01-05-07;0.00%;0.00%;0.00%;-0.38%;-0.49%;0.31%;0.06%;0.13%;0.00%;0.00%;0.00%
02-05-07;0.37%;-0.06%;-0.17%;-0.34%;-0.29%;-0.21%;-0.25%;-0.17%;0.00%;-0.21%;-0.08%
03-05-07;0.67%;-0.03%;-0.02%;0.50%;0.37%;-0.29%;-0.14%;-0.18%;0.00%;-0.15%;-0.15%
04-05-07;0.36%;-0.19%;-0.13%;-0.03%;0.86%;-0.40%;-0.36%;-0.46%;0.00%;-0.31%;0.32%
05-05-07;0.00%;0.00%;0.00%;0.50%;0.89%;0.14%;0.06%;0.01%;0.00%;0.00%;0.00%
06-05-07;0.00%;0.00%;0.00%;0.00%;0.00%;0.00%;0.00%;0.00%;0.00%;0.00%;0.00%
07-05-07;0.64%;-0.19%;-0.24%;-0.54%;-0.54%;-0.54%;-0.54%;-0.54%;0.00%;-0.54%;0.49%
08-05-07;-0.93%;-0.10%;0.04%;-0.05%;-0.12%;-0.52%;-0.47%;-0.44%;0.00%;-0.56%;0.25%
09-05-07;0.69%;-0.03%;-0.12%;-0.28%;-0.32%;0.33%;0.28%;0.41%;0.00%;0.29%;0.06%
10-05-07;-0.62%;-0.01%;0.10%;0.39%;0.53%;-0.13%;0.02%;-0.09%;0.00%;-0.04%;-0.20%
11-05-07;0.21%;0.17%;0.11%;-1.24%;-0.54%;-0.11%;-0.14%;-0.16%;0.00%;-0.13%;0.25%
12-05-07;0.00%;0.00%;0.00%;0.60%;-0.31%;0.02%;0.01%;-0.02%;0.00%;0.00%;0.00%
13-05-07;0.00%;0.00%;0.00%;0.00%;0.00%;0.00%;0.00%;0.00%;0.00%;0.00%;0.00%
14-05-07;-0.80%;0.07%;0.03%;-0.03%;-0.03%;-0.03%;-0.03%;-0.03%;0.00%;-0.03%;-0.42%
15-05-07;-1.03%;-0.16%;-0.55%;0.03%;0.81%;-0.06%;0.16%;0.02%;0.00%;0.06%;0.26%
16-05-07;0.07%;-0.10%;-0.06%;0.00%;-0.61%;-0.18%;-0.03%;-0.08%;0.00%;-0.09%;-0.34%
17-05-07;0.02%;-0.12%;-0.16%;0.26%;1.15%;0.05%;0.04%;0.12%;0.00%;0.00%;-0.16%
18-05-07;0.53%;-0.12%;-0.03%;0.46%;0.56%;0.55%;0.54%;0.62%;0.00%;0.62%;0.39%
19-05-07;0.00%;0.00%;0.00%;0.58%;0.27%;-0.08%;-0.01%;-0.10%;0.00%;0.00%;0.00%
20-05-07;0.00%;0.00%;0.00%;0.00%;0.00%;0.00%;0.00%;0.00%;0.00%;0.00%;0.00%
21-05-07;0.00%;0.00%;0.00%;0.10%;0.10%;0.10%;0.10%;0.10%;0.00%;0.10%;0.00%
22-05-07;-3.59%;-0.08%;-0.20%;0.09%;0.83%;0.03%;0.06%;0.02%;0.00%;0.00%;0.35%
23-05-07;1.05%;-0.15%;-0.11%;0.12%;0.35%;-0.05%;0.05%;0.01%;0.00%;0.01%;0.25%
24-05-07;-0.17%;0.13%;0.08%;0.95%;0.47%;0.44%;0.63%;0.48%;0.00%;0.60%;-0.21%
25-05-07;1.48%;0.25%;0.10%;-0.87%;-1.15%;0.11%;-0.04%;-0.14%;0.00%;0.09%;0.17%
26-05-07;0.00%;0.00%;0.00%;0.17%;0.15%;-0.07%;0.00%;0.02%;0.00%;0.00%;0.00%
27-05-07;0.00%;0.00%;0.00%;0.00%;0.00%;0.00%;0.00%;0.00%;0.00%;0.00%;0.00%
28-05-07;0.67%;0.08%;0.09%;-0.44%;-0.44%;-0.44%;-0.44%;-0.44%;0.00%;-0.44%;-0.54%
29-05-07;-0.09%;-0.03%;0.01%;0.69%;0.91%;0.58%;0.58%;0.58%;0.00%;0.58%;0.41%
30-05-07;0.29%;-0.02%;-0.09%;0.27%;-0.20%;-0.06%;0.05%;-0.02%;0.00%;-0.02%;0.46%
31-05-07;0.65%;-0.09%;-0.32%;0.45%;-0.43%;0.28%;0.13%;0.20%;0.00%;0.25%;-0.21%
01-06-07;0.74%;0.02%;0.02%;0.05%;1.10%;-0.52%;-0.41%;-0.47%;0.00%;-0.46%;0.55%
02-06-07;0.00%;0.00%;0.00%;0.52%;1.68%;-0.21%;-0.08%;-0.12%;0.00%;0.00%;0.00%
03-06-07;0.00%;0.00%;0.00%;0.00%;0.00%;0.00%;0.00%;0.00%;0.00%;0.00%;0.00%
04-06-07;0.35%;0.06%;0.10%;-0.15%;-0.15%;-0.15%;-0.15%;-0.15%;0.00%;-0.15%;0.59%
05-06-07;0.00%;-0.13%;-0.18%;0.57%;0.56%;0.36%;0.38%;0.34%;0.00%;0.27%;0.68%
06-06-07;-0.71%;-0.12%;-0.06%;-0.51%;-0.07%;-0.35%;-0.22%;-0.44%;0.00%;-0.18%;0.15%
07-06-07;-1.42%;-0.02%;-0.08%;-0.67%;-0.78%;0.43%;0.09%;0.08%;0.00%;0.34%;-0.18%
08-06-07;1.32%;-0.07%;-0.06%;-1.22%;-0.20%;-0.23%;-0.39%;-0.65%;0.00%;0.20%;-0.53%
09-06-07;0.00%;0.00%;0.00%;0.07%;-1.20%;-0.13%;-0.29%;-0.23%;0.00%;0.00%;0.00%
10-06-07;0.00%;0.00%;0.00%;0.00%;0.00%;0.00%;0.00%;0.00%;0.00%;0.00%;0.00%
11-06-07;0.64%;0.03%;0.10%;0.29%;0.29%;0.29%;0.29%;0.29%;0.00%;0.29%;-0.91%
12-06-07;-0.02%;-0.09%;-0.19%;0.09%;0.48%;-0.24%;-0.22%;-0.33%;0.00%;-0.25%;0.41%
13-06-07;0.49%;-0.15%;-0.27%;-0.73%;0.10%;-0.22%;-0.29%;-0.46%;0.00%;0.10%;0.33%
14-06-07;0.81%;0.03%;0.08%;0.91%;0.29%;0.19%;0.11%;0.13%;0.00%;0.18%;-0.10%
15-06-07;0.16%;0.02%;-0.48%;0.80%;2.01%;-0.05%;0.07%;0.23%;0.00%;-0.06%;0.52%
16-06-07;0.00%;0.00%;0.00%;1.00%;1.24%;0.13%;0.27%;0.41%;0.00%;0.00%;0.00%
17-06-07;0.00%;0.00%;0.00%;0.00%;0.00%;0.00%;0.00%;0.00%;0.00%;0.00%;0.00%
18-06-07;-0.37%;0.07%;0.01%;-0.49%;-0.49%;-0.49%;-0.49%;-0.49%;0.00%;-0.49%;0.91%
19-06-07;0.97%;0.14%;0.18%;-0.33%;0.83%;-0.24%;-0.12%;-0.03%;0.00%;-0.35%;0.69%
20-06-07;-0.49%;0.17%;0.12%;-0.07%;-0.09%;0.09%;-0.03%;0.23%;0.00%;-0.09%;0.13%
21-06-07;1.04%;0.00%;0.03%;-0.52%;0.25%;-0.10%;-0.11%;-0.23%;0.00%;0.01%;0.37%
22-06-07;0.48%;-0.03%;0.08%;0.19%;0.51%;0.13%;-0.10%;-0.06%;0.00%;0.24%;-0.26%
23-06-07;0.00%;0.00%;0.00%;-0.76%;-0.24%;0.06%;-0.03%;-0.10%;0.00%;0.00%;0.00%
24-06-07;0.00%;0.00%;0.00%;0.00%;0.00%;0.00%;0.00%;0.00%;0.00%;0.00%;0.00%
25-06-07;-0.09%;0.08%;0.11%;0.12%;0.12%;0.12%;0.12%;0.12%;0.00%;0.12%;0.27%
26-06-07;-0.40%;0.07%;0.13%;-0.03%;-0.39%;0.49%;0.12%;0.32%;0.00%;0.25%;-0.07%
27-06-07;0.53%;0.03%;0.02%;-0.24%;-0.48%;0.11%;0.04%;-0.09%;0.00%;0.11%;-0.19%
28-06-07;0.47%;0.02%;0.01%;0.38%;-0.22%;0.50%;0.02%;0.24%;0.00%;0.34%;-0.27%
29-06-07;0.99%;0.04%;0.16%;0.08%;0.65%;-0.57%;-0.35%;-0.35%;9.44%;-0.44%;0.00%
30-06-07;0.00%;0.00%;0.00%;0.38%;0.31%;0.17%;0.11%;0.04%;0.00%;0.00%;0.00%
01-07-07;0.00%;0.00%;0.00%;0.00%;0.00%;0.00%;0.00%;0.00%;0.00%;4.65%;0.00%
02-07-07;0.00%;0.00%;0.00%;0.00%;0.00%;0.00%;0.00%;0.00%;0.00%;0.00%;0.00%
03-07-07;0.62%;0.21%;0.29%;0.79%;1.15%;0.09%;0.04%;0.20%;0.00%;-0.11%;0.68%
04-07-07;-0.29%;-0.02%;-0.08%;0.22%;1.26%;-0.42%;-0.26%;-0.20%;0.00%;-0.25%;0.89%
05-07-07;-0.76%;-0.11%;-0.08%;-0.14%;0.28%;-0.40%;-0.31%;-0.32%;0.00%;-0.32%;0.38%
06-07-07;-0.61%;0.01%;0.04%;-0.17%;0.19%;-0.25%;-0.12%;-0.25%;0.00%;0.02%;0.07%
07-07-07;0.00%;0.00%;0.00%;0.45%;0.79%;-0.16%;-0.04%;-0.12%;0.00%;0.00%;0.00%
08-07-07;0.00%;0.00%;0.00%;0.00%;0.00%;0.00%;0.00%;0.00%;0.00%;0.00%;0.00%
09-07-07;0.20%;0.11%;0.16%;-0.35%;-0.35%;-0.35%;-0.35%;-0.35%;0.00%;-0.35%;-0.09%
10-07-07;-0.40%;0.08%;0.12%;-0.23%;0.70%;-0.38%;-0.45%;-0.35%;0.00%;-0.50%;0.15%
11-07-07;-0.36%;0.10%;0.11%;-0.70%;-0.17%;0.47%;-0.01%;0.19%;0.00%;0.09%;0.26%
12-07-07;-0.14%;0.01%;0.03%;-0.08%;-0.43%;-0.23%;-0.43%;-0.26%;0.00%;-0.23%;-0.42%
13-07-07;0.46%;0.05%;0.05%;0.90%;1.08%;-0.54%;-0.28%;-0.34%;0.00%;-0.39%;-0.07%
14-07-07;0.00%;0.00%;0.00%;0.52%;1.40%;-0.02%;0.16%;0.03%;0.00%;0.00%;0.00%
15-07-07;0.00%;0.00%;0.00%;0.00%;0.00%;0.00%;0.00%;0.00%;0.00%;0.00%;0.00%
16-07-07;0.00%;0.00%;0.00%;0.00%;0.00%;0.00%;0.00%;0.00%;0.00%;0.00%;0.00%
17-07-07;0.00%;0.20%;0.41%;-0.46%;-0.92%;-0.20%;-0.23%;-0.27%;0.00%;-0.42%;0.49%
18-07-07;0.13%;0.21%;0.24%;0.00%;0.12%;0.03%;0.10%;0.13%;0.00%;0.13%;0.34%
19-07-07;0.02%;0.22%;0.22%;-0.34%;-0.55%;0.38%;-0.11%;0.15%;0.00%;0.13%;-0.03%
20-07-07;-0.27%;0.07%;0.17%;0.08%;0.47%;-0.58%;-0.58%;-0.54%;0.00%;-0.59%;-0.23%
21-07-07;0.00%;0.00%;0.00%;-0.77%;0.61%;0.33%;-0.32%;-0.12%;0.00%;0.00%;0.00%
22-07-07;0.00%;0.00%;0.00%;0.00%;0.00%;0.00%;0.00%;0.00%;0.00%;0.00%;0.00%
23-07-07;0.58%;0.12%;0.08%;0.53%;0.53%;0.53%;0.53%;0.53%;0.00%;0.53%;0.43%
24-07-07;-0.16%;-0.07%;-0.06%;0.05%;0.89%;-0.14%;-0.50%;-0.28%;0.00%;-0.17%;-0.11%
25-07-07;-0.58%;-0.09%;-0.13%;-0.92%;-0.05%;0.52%;0.00%;0.22%;0.00%;0.49%;0.67%
26-07-07;-1.73%;0.00%;0.11%;0.13%;-0.17%;0.73%;0.26%;0.40%;0.00%;0.61%;-0.61%
27-07-07;0.33%;-0.04%;-0.12%;-1.64%;-1.68%;0.88%;-0.53%;-0.18%;0.00%;0.59%;-0.70%
28-07-07;0.00%;0.00%;0.00%;-1.50%;-3.26%;0.04%;-0.77%;-0.32%;0.00%;0.00%;0.00%
29-07-07;0.00%;0.00%;0.00%;0.00%;0.00%;0.00%;0.00%;0.00%;0.00%;0.00%;0.00%
30-07-07;1.01%;0.02%;0.17%;0.12%;0.12%;0.12%;0.12%;0.12%;0.00%;0.12%;-1.54%
31-07-07;0.09%;-0.02%;0.17%;0.32%;0.63%;-0.25%;-0.25%;-0.28%;0.00%;-0.23%;-0.41%
01-08-07;-0.15%;-0.04%;-0.01%;-0.26%;1.29%;-0.37%;0.08%;-0.21%;0.00%;-0.37%;0.91%
02-08-07;0.23%;0.09%;-0.02%;-0.02%;-2.92%;0.63%;0.45%;0.63%;0.00%;0.56%;-0.03%
03-08-07;-0.46%;-0.09%;-0.05%;-0.02%;0.03%;-0.61%;-0.14%;-0.20%;0.00%;-0.58%;-0.97%
04-08-07;0.00%;0.00%;0.00%;-1.46%;-0.05%;0.25%;0.15%;0.04%;0.00%;0.00%;0.00%
05-08-07;0.00%;0.00%;0.00%;0.00%;0.00%;0.00%;0.00%;0.00%;0.00%;0.00%;0.00%
06-08-07;-1.53%;-0.05%;0.08%;0.04%;0.04%;0.04%;0.04%;0.04%;0.00%;0.04%;0.44%
07-08-07;0.06%;0.00%;0.09%;1.16%;-1.65%;0.36%;0.14%;0.36%;0.00%;0.36%;-0.77%
08-08-07;0.62%;-0.08%;-0.18%;0.30%;0.14%;-0.32%;-0.04%;-0.05%;0.00%;-0.30%;-0.68%
09-08-07;-1.26%;-0.05%;0.00%;1.01%;2.13%;-0.99%;0.02%;-0.46%;0.00%;-0.66%;0.24%
10-08-07;-0.98%;0.05%;0.05%;-1.77%;-0.87%;0.56%;0.24%;0.37%;0.00%;0.42%;0.90%
11-08-07;0.00%;0.00%;0.00%;-1.52%;-3.36%;0.16%;-0.27%;-0.13%;0.00%;0.00%;0.00%
12-08-07;0.00%;0.00%;0.00%;0.00%;0.00%;0.00%;0.00%;0.00%;0.00%;0.00%;0.00%
13-08-07;-0.83%;0.15%;0.23%;0.47%;0.47%;0.47%;0.47%;0.47%;0.00%;0.47%;-1.32%
14-08-07;-1.99%;0.08%;0.07%;-0.13%;0.34%;-0.66%;-0.49%;-0.55%;0.00%;-0.67%;-0.97%
15-08-07;0.00%;0.00%;0.00%;-1.44%;-1.43%;0.13%;-0.19%;-0.22%;0.00%;0.00%;0.00%
16-08-07;-3.39%;0.30%;0.10%;-1.12%;-2.06%;0.47%;-0.26%;-0.20%;0.00%;0.37%;-0.09%
17-08-07;2.05%;0.30%;0.13%;-0.06%;-4.43%;1.66%;0.75%;0.73%;0.00%;1.36%;-2.80%
18-08-07;0.00%;0.00%;0.00%;1.67%;0.12%;0.03%;0.27%;0.23%;0.00%;0.00%;0.00%
19-08-07;0.00%;0.00%;0.00%;0.00%;0.00%;0.00%;0.00%;0.00%;0.00%;0.00%;0.00%
20-08-07;0.82%;0.35%;0.37%;-0.73%;-0.73%;-0.73%;-0.73%;-0.73%;0.00%;-0.73%;-2.58%
21-08-07;1.84%;0.30%;0.27%;0.27%;3.35%;-0.26%;-0.27%;-0.42%;0.00%;-0.35%;0.80%
22-08-07;1.75%;0.13%;0.05%;0.49%;-0.08%;0.30%;0.19%;0.16%;0.00%;0.10%;1.37%
23-08-07;-0.20%;-0.14%;0.12%;1.03%;2.35%;-0.40%;0.17%;0.27%;0.00%;-0.20%;0.83%
24-08-07;1.17%;-0.07%;0.07%;0.91%;2.12%;0.41%;0.62%;0.53%;0.00%;0.37%;1.46%
25-08-07;0.00%;0.00%;0.00%;0.82%;0.44%;0.04%;0.13%;0.14%;0.00%;0.00%;0.00%
26-08-07;0.00%;0.00%;0.00%;0.00%;0.00%;0.00%;0.00%;0.00%;0.00%;0.00%;0.00%
27-08-07;0.60%;0.09%;0.22%;0.08%;0.08%;0.08%;0.08%;0.08%;0.00%;0.08%;0.88%
28-08-07;-1.80%;0.16%;0.17%;-0.31%;1.84%;0.04%;0.12%;0.22%;0.00%;-0.05%;0.70%
29-08-07;0.87%;0.14%;0.09%;-1.48%;-0.54%;0.52%;0.26%;0.19%;0.00%;0.32%;0.21%
30-08-07;0.52%;0.06%;-0.04%;0.98%;-0.31%;-0.13%;-0.08%;0.15%;0.00%;-0.08%;-0.71%
31-08-07;1.52%;-0.07%;0.50%;0.06%;1.13%;-0.10%;-0.15%;-0.09%;0.00%;-0.17%;0.71%
01-09-07;0.00%;0.00%;0.00%;1.37%;2.36%;-0.14%;0.04%;0.06%;0.00%;0.00%;0.00%
02-09-07;0.00%;0.00%;0.00%;0.00%;0.00%;0.00%;0.00%;0.00%;0.00%;0.00%;0.00%
03-09-07;0.52%;0.10%;0.20%;-0.26%;-0.26%;-0.26%;-0.26%;-0.26%;0.00%;-0.26%;0.63%
04-09-07;-0.27%;-0.01%;0.08%;0.22%;0.64%;0.09%;0.14%;0.15%;0.00%;0.15%;1.12%
05-09-07;-0.83%;-0.08%;-0.07%;0.52%;-0.19%;-0.14%;0.07%;0.24%;0.00%;-0.13%;0.19%
06-09-07;-0.32%;-0.08%;-0.06%;-0.97%;-0.41%;0.43%;0.23%;0.02%;0.00%;0.09%;0.08%
07-09-07;-1.41%;0.11%;0.15%;0.01%;0.35%;-0.48%;-0.37%;-0.44%;0.00%;-0.47%;-0.44%
08-09-07;0.00%;0.00%;0.00%;-1.33%;-0.52%;0.44%;0.06%;0.09%;0.00%;0.00%;0.00%
09-09-07;0.00%;0.00%;0.00%;0.00%;0.00%;0.00%;0.00%;0.00%;0.00%;0.00%;0.00%
10-09-07;-1.18%;0.29%;0.09%;-0.12%;-0.12%;-0.13%;-0.12%;-0.12%;0.00%;-0.12%;-0.03%
11-09-07;0.02%;0.06%;0.01%;-1.17%;-1.77%;-0.32%;-0.55%;-0.49%;0.00%;-0.59%;-1.05%
12-09-07;-0.66%;-0.03%;-0.07%;1.10%;0.86%;-0.47%;-0.21%;-0.10%;0.00%;-0.30%;-0.56%
13-09-07;0.43%;0.03%;0.04%;0.11%;0.01%;-0.29%;-0.05%;-0.10%;0.00%;-0.17%;0.53%
14-09-07;0.62%;0.18%;0.21%;0.31%;0.77%;-0.50%;-0.17%;-0.15%;0.00%;-0.29%;0.03%
15-09-07;0.00%;0.00%;0.00%;-0.15%;0.58%;0.06%;0.13%;0.28%;0.00%;0.00%;0.00%
16-09-07;0.00%;0.00%;0.00%;0.00%;0.00%;0.00%;0.00%;0.00%;0.00%;0.00%;0.00%
17-09-07;0.00%;0.00%;0.00%;0.00%;0.00%;0.00%;0.00%;0.00%;0.00%;0.00%;0.00%
18-09-07;0.00%;0.00%;0.00%;-0.79%;-0.80%;0.04%;0.15%;0.05%;0.00%;0.00%;0.00%
19-09-07;0.00%;0.00%;0.00%;1.62%;0.85%;-0.03%;0.43%;0.52%;0.00%;0.00%;0.00%
20-09-07;1.03%;0.33%;0.25%;2.01%;3.45%;-0.03%;0.77%;0.43%;0.00%;0.11%;0.46%
21-09-07;-0.02%;0.09%;0.06%;-0.72%;-0.03%;-1.09%;-0.71%;-0.93%;0.00%;-0.73%;2.34%
22-09-07;0.00%;0.00%;0.00%;0.26%;0.65%;0.02%;0.33%;0.19%;0.00%;0.00%;0.00%
23-09-07;0.00%;0.00%;0.00%;0.00%;0.00%;0.00%;0.00%;0.00%;0.00%;0.00%;0.00%
24-09-07;-0.58%;0.12%;0.21%;0.30%;0.30%;0.30%;0.30%;0.30%;0.00%;0.30%;0.19%
25-09-07;-0.40%;-0.04%;-0.03%;0.05%;1.35%;0.21%;0.47%;0.25%;0.00%;0.19%;0.28%
26-09-07;0.29%;-0.09%;-0.14%;0.09%;-0.21%;0.30%;0.11%;0.17%;0.00%;0.17%;0.27%
27-09-07;1.29%;-0.04%;0.03%;0.13%;0.67%;-0.38%;-0.14%;-0.29%;0.00%;-0.30%;-0.21%
28-09-07;0.39%;0.00%;0.01%;0.78%;1.67%;-0.03%;-0.02%;-0.03%;2.02%;-0.13%;0.77%
29-09-07;0.00%;0.00%;0.00%;0.14%;0.17%;0.18%;0.05%;0.04%;0.00%;0.00%;0.00%
30-09-07;0.00%;0.00%;0.00%;0.00%;0.00%;0.00%;0.00%;0.00%;0.00%;0.00%;0.00%
01-10-07;1.21%;0.07%;0.17%;-0.10%;-0.10%;-0.10%;-0.10%;-0.10%;0.00%;3.19%;0.83%
02-10-07;0.95%;0.01%;0.04%;0.56%;0.70%;-0.31%;-0.30%;-0.27%;0.00%;-0.39%;0.17%
03-10-07;-0.79%;0.06%;0.12%;-0.24%;1.81%;-0.25%;-0.28%;-0.15%;0.00%;-0.31%;1.04%
04-10-07;0.13%;0.03%;-0.04%;-0.54%;-1.00%;-0.42%;-0.33%;-0.41%;0.00%;-0.40%;0.31%
05-10-07;1.41%;0.07%;0.05%;0.31%;-0.61%;0.39%;0.41%;0.29%;0.00%;0.26%;-0.54%
06-10-07;0.00%;0.00%;0.00%;0.92%;1.62%;-0.26%;0.07%;-0.04%;0.00%;0.00%;0.00%
07-10-07;0.00%;0.00%;0.00%;0.00%;0.00%;0.00%;0.00%;0.00%;0.00%;0.00%;0.00%
08-10-07;0.08%;0.07%;0.06%;-0.60%;-0.60%;-0.60%;-0.60%;-0.60%;0.00%;-0.60%;-0.01%
09-10-07;1.21%;-0.04%;0.03%;-1.12%;-0.24%;-0.60%;-0.66%;-0.61%;0.00%;-0.61%;0.77%
10-10-07;-0.47%;-0.11%;-0.15%;0.26%;0.35%;-0.39%;-0.23%;-0.28%;0.00%;-0.48%;0.14%
11-10-07;0.13%;0.04%;0.16%;-0.17%;0.51%;-0.44%;-0.11%;-0.30%;0.00%;-0.36%;0.17%
12-10-07;0.54%;0.07%;0.07%;-0.30%;0.81%;-0.64%;-0.30%;-0.43%;0.00%;-0.60%;0.66%
13-10-07;0.00%;0.00%;0.00%;0.01%;-1.01%;-0.10%;-0.03%;0.05%;0.00%;0.00%;0.00%
14-10-07;0.00%;0.00%;0.00%;0.00%;0.00%;0.00%;0.00%;0.00%;0.00%;0.00%;0.00%
15-10-07;0.00%;0.00%;0.00%;0.50%;0.50%;0.50%;0.50%;0.50%;0.00%;0.50%;0.00%
16-10-07;-0.50%;0.05%;-0.14%;-0.63%;1.10%;0.02%;0.16%;0.05%;0.00%;0.00%;0.33%
17-10-07;0.68%;-0.10%;-0.09%;-0.35%;-0.56%;0.73%;0.46%;0.72%;0.00%;0.67%;0.21%
18-10-07;0.86%;0.02%;-0.05%;0.52%;0.61%;0.51%;0.16%;0.35%;0.00%;0.20%;-0.53%
19-10-07;-0.47%;0.19%;0.17%;0.68%;0.47%;0.75%;0.38%;0.70%;0.00%;0.53%;0.54%
20-10-07;0.00%;0.00%;0.00%;-1.72%;-1.24%;0.39%;-0.19%;0.00%;0.00%;0.00%;0.00%
21-10-07;0.00%;0.00%;0.00%;0.00%;0.00%;0.00%;0.00%;0.00%;0.00%;0.00%;0.00%
22-10-07;0.21%;0.17%;0.09%;-0.48%;-0.48%;-0.48%;-0.48%;-0.48%;0.00%;-0.48%;0.05%
23-10-07;0.60%;0.09%;0.09%;-0.09%;-1.63%;0.80%;0.47%;0.70%;0.00%;0.69%;-0.95%
24-10-07;0.17%;0.03%;0.07%;0.99%;2.58%;-0.16%;0.14%;-0.09%;0.00%;-0.17%;-0.35%
25-10-07;0.77%;0.17%;0.18%;-0.09%;-0.02%;0.52%;0.27%;0.35%;0.00%;0.25%;0.95%
26-10-07;-0.20%;0.17%;0.17%;-0.34%;0.66%;-0.87%;-0.70%;-0.69%;0.00%;-0.81%;0.00%
27-10-07;0.00%;0.00%;0.00%;1.43%;2.12%;-0.13%;0.06%;0.15%;0.00%;0.00%;0.00%
28-10-07;0.00%;0.00%;0.00%;0.00%;0.00%;0.00%;0.00%;0.00%;0.00%;0.00%;0.00%
29-10-07;-0.46%;0.16%;0.21%;-1.17%;-1.17%;-1.17%;-1.17%;-1.17%;0.00%;-1.17%;0.40%
30-10-07;-0.50%;0.06%;0.08%;0.84%;2.05%;0.11%;0.18%;0.26%;0.00%;0.02%;0.99%
31-10-07;-0.60%;0.06%;0.20%;-0.56%;-0.52%;-0.09%;-0.04%;-0.03%;0.00%;-0.04%;0.72%
01-11-07;0.00%;0.00%;0.00%;1.12%;0.47%;-0.27%;0.10%;0.16%;0.00%;0.00%;0.00%
02-11-07;-1.60%;0.07%;0.06%;-2.04%;-1.03%;-0.12%;-0.48%;-0.29%;0.00%;-0.30%;-0.19%
03-11-07;0.00%;0.00%;0.00%;-0.37%;-1.34%;0.22%;-0.04%;0.05%;0.00%;0.00%;0.00%
04-11-07;0.00%;0.00%;0.00%;0.00%;0.00%;0.00%;0.00%;0.00%;0.00%;0.00%;0.00%
05-11-07;-1.83%;0.09%;-0.08%;0.63%;0.63%;0.63%;0.63%;0.63%;0.00%;0.63%;-0.16%
06-11-07;-0.26%;-0.13%;-0.14%;0.25%;-0.85%;0.93%;0.77%;0.74%;0.00%;0.99%;-1.55%
07-11-07;-1.34%;0.10%;0.32%;0.96%;1.37%;-0.16%;0.05%;-0.03%;0.00%;-0.07%;0.17%
08-11-07;-0.05%;0.19%;0.25%;-0.71%;0.45%;0.65%;0.40%;0.24%;0.00%;0.56%;0.13%
09-11-07;-0.13%;0.09%;0.07%;-0.47%;-1.54%;0.22%;-0.18%;-0.06%;0.00%;0.09%;-0.76%
10-11-07;0.00%;0.00%;0.00%;-1.42%;-0.33%;0.18%;-0.27%;0.02%;0.00%;0.00%;0.00%
11-11-07;0.00%;0.00%;0.00%;0.00%;0.00%;0.00%;0.00%;0.00%;0.00%;0.00%;0.00%
12-11-07;-0.76%;0.08%;0.13%;0.32%;0.32%;0.32%;0.32%;0.32%;0.00%;0.32%;-0.57%
13-11-07;0.61%;-0.01%;-0.02%;-1.06%;-3.33%;0.31%;0.14%;0.31%;0.00%;0.31%;-1.39%
14-11-07;0.89%;-0.06%;-0.02%;1.50%;0.56%;-0.16%;-0.26%;-0.16%;0.00%;-0.12%;-0.14%
15-11-07;-0.58%;0.00%;0.02%;0.03%;2.77%;-0.42%;-0.19%;-0.30%;0.00%;-0.36%;1.06%
16-11-07;-0.61%;0.08%;0.05%;-1.07%;-0.83%;0.59%;-0.03%;0.27%;0.00%;0.35%;-0.28%
17-11-07;0.00%;0.00%;0.00%;-0.24%;-1.51%;0.04%;-0.37%;-0.16%;0.00%;0.00%;0.00%
18-11-07;0.00%;0.00%;0.00%;0.00%;0.00%;0.00%;0.00%;0.00%;0.00%;0.00%;0.00%
19-11-07;-1.32%;0.03%;0.01%;0.17%;0.17%;0.17%;0.17%;0.17%;0.00%;0.17%;-0.41%
20-11-07;-1.19%;0.02%;0.06%;-1.55%;-1.45%;0.28%;-0.34%;0.02%;0.00%;0.06%;-1.07%
21-11-07;-1.38%;0.06%;0.09%;1.18%;0.34%;0.10%;0.08%;0.18%;0.00%;0.22%;-0.38%
22-11-07;0.32%;0.04%;-0.04%;-1.17%;-2.69%;0.82%;0.26%;0.20%;0.00%;0.62%;-1.45%
23-11-07;0.81%;-0.02%;0.00%;0.49%;-0.07%;0.21%;0.20%;0.19%;0.00%;0.19%;-0.51%
24-11-07;0.00%;0.00%;0.00%;1.27%;0.06%;0.01%;0.09%;0.04%;0.00%;0.00%;0.00%
25-11-07;0.00%;0.00%;0.00%;0.00%;0.00%;0.00%;0.00%;0.00%;0.00%;0.00%;0.00%
26-11-07;-1.08%;0.00%;0.06%;0.15%;0.15%;0.15%;0.15%;0.15%;0.00%;0.15%;0.42%
27-11-07;0.11%;0.01%;-0.01%;-0.78%;1.32%;0.36%;0.24%;0.05%;0.00%;0.07%;0.38%
28-11-07;2.52%;-0.03%;-0.04%;0.93%;-0.70%;0.15%;0.16%;0.34%;0.00%;0.39%;-0.61%
29-11-07;0.57%;-0.06%;-0.03%;1.16%;0.53%;-1.01%;-0.53%;-0.53%;0.00%;-0.78%;0.97%
30-11-07;0.80%;-0.01%;0.21%;-0.15%;1.17%;-0.51%;-0.39%;-0.47%;0.00%;-0.74%;1.10%
01-12-07;0.00%;0.00%;0.00%;0.58%;1.24%;-0.08%;0.26%;0.18%;0.00%;0.00%;0.00%
02-12-07;0.00%;0.00%;0.00%;0.00%;0.00%;0.00%;0.00%;0.00%;0.00%;0.00%;0.00%
03-12-07;-0.32%;0.02%;0.04%;-0.61%;-0.61%;-0.61%;-0.61%;-0.61%;0.00%;-0.61%;0.66%
04-12-07;-1.01%;0.09%;0.13%;-0.15%;0.37%;0.56%;0.47%;0.54%;0.00%;0.28%;0.20%
05-12-07;1.02%;0.05%;-0.03%;-0.80%;0.18%;0.01%;-0.21%;-0.18%;0.00%;-0.11%;-0.30%
06-12-07;1.42%;-0.08%;-0.09%;0.34%;1.07%;-0.80%;-0.75%;-0.71%;0.00%;-0.73%;0.61%
07-12-07;0.32%;-0.07%;-0.04%;-0.24%;-0.24%;-1.39%;-1.13%;-1.09%;0.00%;-1.11%;0.58%
08-12-07;0.00%;0.00%;0.00%;0.38%;0.17%;-0.45%;0.14%;-0.09%;0.00%;0.00%;0.00%
09-12-07;0.00%;0.00%;0.00%;0.00%;0.00%;0.00%;0.00%;0.00%;0.00%;0.00%;0.00%
10-12-07;-0.76%;-0.01%;0.01%;-0.08%;-0.08%;-0.08%;-0.08%;-0.08%;0.00%;-0.08%;0.42%
11-12-07;-1.73%;-0.03%;-0.02%;0.89%;-0.24%;0.09%;0.47%;0.24%;0.00%;0.21%;0.14%
12-12-07;-1.57%;0.05%;0.03%;-1.34%;0.15%;0.33%;0.15%;0.06%;0.00%;-0.03%;-0.57%
13-12-07;-2.21%;0.03%;-0.02%;0.34%;-0.41%;-0.06%;0.03%;0.14%;0.00%;0.14%;-0.37%
14-12-07;0.45%;-0.05%;-0.10%;-1.04%;-2.08%;0.23%;0.04%;0.17%;0.00%;0.29%;-1.57%
15-12-07;0.00%;0.00%;0.00%;-1.21%;-1.43%;-0.17%;-0.22%;-0.15%;0.00%;0.00%;0.00%
16-12-07;0.00%;0.00%;0.00%;0.00%;0.00%;0.00%;0.00%;0.00%;0.00%;0.00%;0.00%
17-12-07;-2.02%;-0.02%;-0.29%;-0.33%;-0.33%;-0.32%;-0.33%;-0.33%;0.00%;-0.33%;-1.11%
18-12-07;-0.42%;-0.04%;-0.11%;-1.30%;-2.80%;0.74%;0.50%;0.65%;0.00%;0.57%;-1.27%
19-12-07;0.23%;-0.03%;0.04%;-0.11%;0.10%;-0.15%;-0.39%;-0.31%;0.00%;-0.38%;-0.71%
20-12-07;2.10%;-0.04%;-0.01%;-0.13%;0.79%;0.32%;0.13%;0.25%;0.00%;0.15%;0.14%
21-12-07;1.16%;0.08%;0.14%;-0.09%;-0.47%;-0.21%;-0.51%;-0.33%;0.00%;-0.39%;0.27%
22-12-07;0.00%;0.00%;0.00%;1.51%;1.66%;-0.37%;-0.03%;-0.01%;0.00%;0.00%;0.00%
23-12-07;0.00%;0.00%;0.00%;0.00%;0.00%;0.00%;0.00%;0.00%;0.00%;0.00%;0.00%
24-12-07;-0.16%;0.12%;0.10%;-0.32%;-0.32%;-0.32%;-0.32%;-0.32%;0.00%;-0.32%;0.85%
25-12-07;0.00%;0.00%;0.00%;0.57%;1.77%;-0.03%;0.06%;0.05%;0.00%;0.00%;0.00%
26-12-07;0.38%;0.12%;0.09%;0.06%;-0.11%;-0.15%;-0.13%;-0.13%;0.00%;-0.13%;0.75%
27-12-07;-0.14%;0.08%;0.06%;0.34%;0.45%;-0.10%;-0.01%;-0.06%;0.00%;-0.02%;0.08%
28-12-07;0.14%;0.16%;0.15%;-0.43%;0.46%;0.16%;0.31%;0.20%;0.00%;0.07%;0.62%
29-12-07;0.00%;0.00%;0.00%;0.29%;-0.11%;0.32%;0.20%;0.14%;0.00%;0.00%;0.00%
30-12-07;0.00%;0.00%;0.00%;0.00%;0.00%;0.00%;0.00%;0.00%;0.00%;0.00%;0.00%
31-12-07;0.00%;0.11%;0.08%;0.22%;0.22%;0.22%;0.22%;0.22%;1.28%;0.22%;0.03%
01-01-08;0.00%;0.00%;0.00%;-0.38%;-0.11%;0.22%;-0.02%;0.06%;0.00%;3.69%;0.00%
02-01-08;-1.43%;0.12%;0.09%;0.00%;0.03%;0.00%;0.00%;0.00%;0.00%;0.00%;0.12%
03-01-08;-0.29%;0.03%;0.08%;-0.43%;-0.61%;0.72%;0.39%;0.48%;0.00%;0.23%;-0.12%
04-01-08;-2.21%;0.01%;0.16%;-0.35%;-0.87%;-0.19%;-0.44%;-0.22%;0.00%;-0.25%;-0.82%
05-01-08;0.00%;0.00%;0.00%;-2.13%;-0.20%;0.25%;-0.28%;0.01%;0.00%;0.00%;0.00%
06-01-08;0.00%;0.00%;0.00%;0.00%;0.00%;0.00%;0.00%;0.00%;0.00%;0.00%;0.00%
07-01-08;-1.74%;0.04%;0.11%;-0.22%;-0.22%;-0.22%;-0.22%;-0.22%;0.00%;-0.22%;-0.73%
08-01-08;-0.76%;-0.15%;-0.12%;-0.42%;-1.46%;0.06%;-0.25%;0.12%;0.00%;-0.02%;-0.99%
09-01-08;-2.12%;-0.20%;-0.22%;-1.76%;-0.04%;-1.19%;-1.24%;-1.02%;0.00%;-1.10%;-0.31%
10-01-08;1.91%;-0.09%;-0.14%;-0.42%;-0.06%;-0.44%;-1.29%;-0.61%;0.00%;-0.61%;-0.58%
11-01-08;0.04%;-0.08%;-0.11%;-0.48%;-0.96%;-0.63%;-0.39%;-0.68%;0.00%;-0.50%;0.18%
12-01-08;0.00%;0.00%;0.00%;-0.91%;-0.61%;0.21%;0.15%;0.03%;0.00%;0.00%;0.00%
13-01-08;0.00%;0.00%;0.00%;0.00%;0.00%;0.00%;0.00%;0.00%;0.00%;0.00%;0.00%
14-01-08;-0.63%;0.01%;0.05%;-0.97%;-0.97%;-0.97%;-0.97%;-0.97%;0.00%;-0.97%;-0.28%
15-01-08;-2.08%;0.05%;-0.34%;-0.84%;-1.41%;-1.65%;-1.67%;-1.71%;0.00%;-1.78%;-0.58%
16-01-08;-1.29%;0.10%;0.09%;-2.38%;-1.81%;0.22%;0.00%;0.11%;0.00%;0.00%;-1.27%
17-01-08;-2.90%;0.10%;0.06%;-0.27%;-2.76%;1.48%;1.03%;1.42%;0.00%;1.39%;-2.09%
18-01-08;-1.03%;0.07%;0.08%;-1.89%;-1.05%;-0.37%;-0.79%;-0.53%;0.00%;-0.47%;-0.72%
19-01-08;0.00%;0.00%;0.00%;-0.76%;-0.39%;0.02%;-0.30%;-0.12%;0.00%;0.00%;0.00%
20-01-08;0.00%;0.00%;0.00%;0.00%;0.00%;0.00%;0.00%;0.00%;0.00%;0.00%;0.00%
21-01-08;-4.40%;0.25%;0.29%;0.05%;0.05%;0.06%;0.05%;0.05%;0.00%;0.05%;-0.81%
22-01-08;3.60%;0.25%;0.17%;-1.70%;-4.72%;1.44%;1.11%;1.30%;0.00%;1.30%;-2.53%
23-01-08;-0.80%;0.01%;-0.01%;-0.62%;-3.07%;-0.26%;-0.75%;-0.48%;0.00%;-0.35%;-1.38%
24-01-08;4.42%;0.15%;0.11%;0.03%;0.97%;-0.09%;-0.45%;-0.18%;0.00%;-0.38%;0.07%
25-01-08;-0.65%;-0.01%;0.10%;1.42%;1.04%;-2.26%;-1.01%;-1.72%;0.00%;-1.60%;1.79%
26-01-08;0.00%;0.00%;0.00%;-0.07%;2.54%;0.11%;0.57%;0.12%;0.00%;0.00%;0.00%
27-01-08;0.00%;0.00%;0.00%;0.00%;0.00%;0.01%;0.00%;0.00%;0.00%;0.00%;0.00%
28-01-08;0.22%;0.05%;0.09%;-0.74%;-0.74%;-0.73%;-0.74%;-0.74%;0.00%;-0.74%;1.56%
29-01-08;2.49%;0.09%;0.18%;0.63%;-1.75%;0.52%;0.40%;0.38%;0.00%;0.32%;-0.86%
30-01-08;1.45%;0.09%;0.14%;-0.23%;0.12%;-1.51%;-0.96%;-1.27%;0.00%;-1.26%;0.93%
31-01-08;-0.17%;0.11%;0.58%;-0.24%;-0.67%;0.28%;0.42%;0.31%;0.00%;0.37%;0.12%
01-02-08;0.80%;0.06%;-0.01%;1.18%;-0.25%;0.33%;0.00%;0.17%;0.00%;0.01%;-0.04%
02-02-08;0.00%;0.00%;0.00%;1.44%;2.84%;0.14%;0.14%;0.09%;0.00%;0.00%;0.00%
03-02-08;0.00%;0.00%;0.00%;0.00%;0.00%;0.01%;0.00%;0.00%;0.00%;0.00%;0.00%
04-02-08;-0.11%;0.02%;0.01%;-0.15%;-0.15%;-0.14%;-0.15%;-0.15%;0.00%;-0.15%;1.26%
05-02-08;-2.63%;0.06%;0.07%;0.23%;2.44%;0.32%;0.56%;0.43%;0.00%;0.44%;0.91%
06-02-08;0.93%;0.17%;0.17%;-2.09%;-0.07%;1.51%;0.77%;1.16%;0.00%;1.20%;-0.95%
07-02-08;-0.38%;0.04%;-0.01%;-0.30%;-1.60%;0.36%;0.27%;0.40%;0.00%;0.45%;-1.08%
08-02-08;0.14%;0.02%;0.08%;-0.18%;-0.44%;0.29%;-0.13%;0.10%;0.00%;0.41%;-0.60%
09-02-08;0.00%;0.00%;0.00%;-0.13%;-0.01%;0.12%;-0.45%;-0.44%;0.00%;0.00%;0.00%
10-02-08;0.00%;0.00%;0.00%;0.00%;0.00%;0.01%;0.00%;0.00%;0.00%;0.00%;0.00%
11-02-08;0.98%;-0.04%;-0.10%;-0.52%;-0.52%;-0.51%;-0.52%;-0.52%;0.00%;-0.52%;0.10%
12-02-08;1.51%;0.01%;0.03%;-1.07%;-2.10%;-1.00%;-1.32%;-0.97%;0.00%;-1.07%;-0.28%
13-02-08;1.31%;0.04%;0.09%;0.97%;0.88%;-1.00%;-0.75%;-0.62%;0.00%;-0.69%;1.24%
14-02-08;-0.54%;0.05%;0.06%;0.68%;1.08%;0.11%;0.25%;0.20%;0.00%;0.15%;0.68%
15-02-08;-0.60%;0.10%;0.11%;-0.38%;1.75%;-0.73%;-0.33%;-0.66%;0.00%;-0.42%;0.61%
16-02-08;0.00%;0.00%;0.00%;-0.45%;-0.17%;0.11%;-0.10%;-0.01%;0.00%;0.00%;0.00%
17-02-08;0.00%;0.00%;0.00%;0.00%;0.00%;0.01%;0.00%;0.00%;0.00%;0.00%;0.00%
18-02-08;1.18%;0.09%;0.04%;0.15%;0.15%;0.16%;0.15%;0.15%;0.00%;0.15%;-0.22%
19-02-08;0.09%;-0.06%;-0.07%;0.02%;0.27%;-0.53%;-0.48%;-0.43%;0.00%;-0.43%;0.37%
20-02-08;1.07%;0.01%;0.03%;0.78%;1.30%;0.08%;0.30%;0.22%;0.00%;0.25%;0.82%
21-02-08;0.12%;0.15%;0.27%;0.36%;-0.19%;0.94%;0.71%;0.99%;0.00%;1.05%;-0.25%
22-02-08;-0.14%;0.08%;-0.03%;0.09%;1.12%;0.00%;0.16%;-0.10%;0.00%;-0.20%;0.82%
23-02-08;0.00%;0.00%;0.00%;0.11%;-0.36%;0.00%;0.09%;0.10%;0.00%;0.00%;0.00%
24-02-08;0.00%;0.00%;0.00%;0.00%;0.00%;0.01%;0.00%;0.00%;0.00%;0.00%;0.00%
25-02-08;0.89%;0.15%;0.05%;-0.33%;-0.33%;-0.32%;-0.33%;-0.33%;0.00%;-0.33%;-0.19%
26-02-08;-0.15%;0.08%;0.21%;1.67%;1.08%;-0.20%;0.34%;0.17%;0.00%;0.10%;0.57%
27-02-08;0.05%;0.12%;0.10%;0.94%;0.81%;-0.02%;0.28%;0.08%;0.00%;-0.12%;0.64%
28-02-08;-0.79%;0.02%;-0.18%;0.01%;0.85%;-0.65%;-0.47%;-0.73%;0.00%;-0.73%;0.51%
29-02-08;-1.81%;0.05%;0.25%;-1.99%;-1.04%;-0.65%;-1.16%;-0.99%;0.00%;-1.14%;-0.25%
01-03-08;0.00%;0.00%;0.00%;-2.02%;-2.07%;0.53%;-0.34%;0.07%;0.00%;0.00%;0.00%
02-03-08;0.00%;0.00%;0.00%;0.00%;0.00%;0.01%;0.00%;0.00%;0.00%;0.00%;0.00%
03-03-08;-1.19%;0.09%;0.00%;-0.89%;-0.89%;-0.88%;-0.89%;-0.89%;0.00%;-0.89%;-1.23%
04-03-08;-1.13%;-0.04%;-0.04%;-0.73%;-1.75%;0.24%;0.12%;0.15%;0.00%;0.22%;-1.29%
05-03-08;0.67%;0.06%;0.20%;-1.01%;-1.16%;-0.56%;-0.44%;-0.35%;0.00%;-0.40%;-0.74%
06-03-08;-0.67%;-0.02%;-0.07%;0.11%;-0.28%;-1.19%;-0.73%;-0.80%;0.00%;-0.80%;0.01%
07-03-08;-0.47%;0.16%;0.31%;-2.08%;-0.85%;-1.04%;-1.14%;-1.18%;0.00%;-1.03%;-0.23%
08-03-08;0.00%;0.00%;0.00%;-1.30%;-2.36%;0.16%;-0.29%;-0.13%;0.00%;0.00%;0.00%
09-03-08;0.00%;0.00%;0.00%;0.00%;0.00%;0.00%;0.00%;0.00%;0.00%;0.00%;0.00%
10-03-08;-0.93%;0.33%;0.25%;-0.19%;-0.19%;-0.18%;-0.19%;-0.19%;0.00%;-0.19%;-1.13%
11-03-08;1.81%;0.03%;-0.10%;-2.30%;-2.95%;-0.60%;-0.93%;-0.85%;0.00%;-0.84%;-1.25%
12-03-08;1.97%;0.04%;0.00%;0.95%;1.02%;-1.49%;-1.42%;-1.14%;0.00%;-1.19%;0.68%
13-03-08;0.08%;-0.04%;0.09%;0.11%;0.51%;-0.36%;-0.57%;-0.47%;0.00%;-0.63%;1.04%
14-03-08;-0.09%;0.15%;0.23%;0.08%;-2.57%;0.17%;-0.19%;0.11%;0.00%;0.24%;-0.91%
15-03-08;0.00%;0.00%;0.00%;-1.45%;-0.65%;0.16%;-0.02%;-0.07%;0.00%;0.00%;0.00%
16-03-08;0.00%;0.00%;0.00%;0.00%;0.00%;0.00%;0.00%;0.00%;0.00%;0.00%;0.00%
17-03-08;-0.30%;0.34%;0.70%;0.26%;0.26%;0.26%;0.26%;0.26%;0.00%;0.26%;0.05%
18-03-08;0.09%;-0.06%;-0.27%;-1.19%;-3.56%;1.27%;0.67%;0.83%;0.00%;0.91%;-1.50%
19-03-08;0.00%;-0.29%;-0.21%;1.60%;0.27%;-2.03%;-1.39%;-1.36%;0.00%;-1.68%;0.43%
20-03-08;0.09%;-0.26%;-0.22%;-0.68%;1.09%;1.28%;1.20%;1.19%;0.00%;1.01%;-0.07%
21-03-08;0.00%;0.00%;0.00%;0.29%;-1.89%;0.07%;-0.23%;0.05%;0.00%;0.00%;0.00%
22-03-08;0.00%;0.00%;0.00%;0.18%;0.58%;0.02%;0.00%;0.00%;0.00%;0.00%;0.00%
23-03-08;0.00%;0.00%;0.00%;0.00%;0.00%;0.00%;0.00%;0.00%;0.00%;0.00%;0.00%
24-03-08;1.16%;-0.06%;0.05%;2.66%;2.66%;2.67%;2.66%;2.66%;0.00%;2.66%;-0.02%
25-03-08;0.19%;0.11%;0.15%;1.79%;3.03%;0.82%;1.47%;1.09%;0.00%;1.08%;0.61%
26-03-08;-0.61%;0.21%;0.11%;1.90%;2.62%;-0.44%;0.23%;-0.29%;0.00%;-0.30%;1.56%
27-03-08;0.58%;0.04%;0.00%;-1.03%;-0.72%;-1.04%;-0.84%;-1.14%;0.00%;-1.00%;0.07%
28-03-08;0.14%;-0.06%;-0.09%;-1.30%;-1.18%;-1.22%;-1.02%;-1.22%;0.00%;-1.10%;-0.06%
29-03-08;0.00%;0.00%;0.00%;-0.55%;0.56%;0.14%;0.02%;0.01%;0.00%;0.00%;0.00%
30-03-08;0.00%;0.00%;0.00%;0.00%;0.00%;0.00%;0.00%;0.00%;0.00%;0.00%;0.00%
31-03-08;0.30%;0.04%;-0.18%;-0.54%;-0.54%;-0.54%;-0.54%;-0.54%;-0.86%;-0.54%;0.15%
01-04-08;0.54%;-0.03%;0.01%;-0.19%;-1.05%;-0.17%;-0.46%;-0.47%;0.00%;-2.21%;-0.16%
02-04-08;-0.56%;0.00%;-0.01%;2.25%;0.99%;-0.19%;0.10%;0.16%;0.00%;0.16%;0.77%
03-04-08;0.54%;0.16%;0.11%;0.63%;1.84%;-0.39%;0.09%;-0.22%;0.00%;-0.29%;0.74%
04-04-08;0.92%;0.08%;-0.03%;0.95%;1.12%;0.74%;1.00%;0.80%;0.00%;0.66%;0.50%
05-04-08;0.00%;0.00%;0.00%;0.48%;0.21%;0.36%;0.63%;0.36%;0.00%;0.00%;0.00%
06-04-08;0.00%;0.00%;0.00%;0.00%;0.00%;0.01%;0.00%;0.00%;0.00%;0.00%;0.00%
07-04-08;0.27%;0.07%;0.09%;-0.84%;-0.84%;-0.83%;-0.84%;-0.84%;0.00%;-0.84%;0.17%
08-04-08;-0.07%;-0.01%;-0.04%;-0.14%;0.83%;-0.70%;-0.08%;-0.35%;0.00%;-0.55%;0.52%
09-04-08;0.14%;0.01%;-0.02%;-0.04%;0.12%;0.74%;0.66%;0.77%;0.00%;0.73%;-0.16%
10-04-08;-0.12%;0.06%;0.03%;-1.04%;-0.65%;-0.24%;-0.38%;-0.26%;0.00%;-0.38%;-0.30%
11-04-08;0.32%;0.13%;0.21%;-0.09%;0.44%;-0.31%;-0.37%;-0.16%;0.00%;-0.30%;0.02%
12-04-08;0.00%;0.00%;0.00%;-1.23%;0.16%;0.19%;0.12%;0.11%;0.00%;0.00%;0.00%
13-04-08;0.00%;0.00%;0.00%;0.00%;0.00%;0.01%;0.00%;0.00%;0.00%;0.00%;0.00%
14-04-08;0.58%;0.12%;0.04%;3.29%;3.29%;3.30%;3.29%;3.29%;0.00%;3.29%;0.88%
15-04-08;1.01%;-0.02%;0.11%;-0.52%;-1.11%;0.17%;0.17%;0.23%;0.00%;0.18%;-0.47%
16-04-08;1.05%;-0.14%;-0.13%;1.31%;1.41%;0.70%;0.95%;0.91%;0.00%;0.91%;0.63%
17-04-08;0.31%;-0.09%;0.02%;2.94%;1.80%;0.15%;0.93%;0.58%;0.00%;0.57%;1.20%
18-04-08;0.91%;0.00%;-0.04%;0.01%;1.01%;0.02%;0.29%;0.11%;0.00%;0.22%;0.49%
19-04-08;0.00%;0.00%;0.00%;1.12%;0.14%;-0.08%;0.36%;0.01%;0.00%;0.00%;0.00%
20-04-08;0.00%;0.00%;0.00%;0.00%;0.00%;0.01%;0.00%;0.00%;0.00%;0.00%;0.00%
21-04-08;0.59%;0.02%;0.08%;-0.26%;-0.26%;-0.25%;-0.26%;-0.26%;0.00%;-0.26%;0.53%
22-04-08;-1.16%;0.04%;0.08%;0.64%;1.04%;0.27%;0.40%;-0.01%;0.00%;0.09%;0.46%
23-04-08;-0.74%;0.02%;0.03%;-1.51%;-0.65%;-0.94%;-0.73%;-0.98%;0.00%;-0.90%;-0.22%
24-04-08;0.21%;-0.07%;-0.05%;-1.43%;-1.32%;-1.48%;-1.52%;-1.54%;0.00%;-1.53%;-0.71%
25-04-08;0.20%;-0.08%;-0.07%;0.45%;0.26%;0.36%;0.53%;0.54%;0.00%;0.67%;-0.11%
26-04-08;0.00%;0.00%;0.00%;0.94%;0.16%;-0.11%;0.00%;-0.22%;0.00%;0.00%;0.00%
27-04-08;0.00%;0.00%;0.00%;0.00%;0.00%;0.01%;0.00%;0.00%;0.00%;0.00%;0.00%
28-04-08;-0.38%;0.02%;0.10%;1.24%;1.24%;1.24%;1.24%;1.24%;0.00%;1.24%;0.45%
29-04-08;-1.00%;0.04%;0.05%;0.24%;0.46%;0.15%;0.20%;0.15%;0.00%;0.00%;0.19%
30-04-08;0.53%;-0.02%;-0.39%;0.59%;-0.07%;1.33%;1.16%;1.23%;0.00%;1.12%;-0.34%
01-05-08;0.00%;0.00%;0.00%;-0.05%;0.96%;0.26%;0.27%;0.33%;0.00%;0.00%;0.00%
02-05-08;0.27%;-0.07%;0.02%;0.97%;0.62%;0.62%;0.74%;0.98%;0.00%;0.51%;0.57%
03-05-08;0.00%;0.00%;0.00%;0.97%;1.26%;-0.28%;0.24%;-0.07%;0.00%;0.00%;0.00%
04-05-08;0.00%;0.00%;0.00%;0.00%;0.00%;0.01%;0.00%;0.00%;0.00%;0.00%;0.00%
05-05-08;-0.37%;-0.04%;0.00%;0.72%;0.72%;0.73%;0.72%;0.72%;0.00%;0.72%;1.04%
06-05-08;-0.61%;-0.08%;-0.06%;0.28%;0.51%;0.32%;0.35%;0.34%;0.00%;0.30%;0.22%
07-05-08;-0.85%;-0.16%;-0.19%;0.77%;0.76%;0.37%;0.22%;0.21%;0.00%;0.27%;0.26%
08-05-08;-0.08%;-0.55%;-0.69%;-0.48%;-0.35%;0.42%;0.25%;0.27%;0.00%;0.41%;-0.53%
09-05-08;-0.01%;-0.52%;-0.46%;0.59%;-0.49%;0.62%;0.24%;0.29%;0.00%;0.30%;-0.25%
10-05-08;0.00%;0.00%;0.00%;-0.87%;-0.65%;0.20%;-0.10%;0.01%;0.00%;0.00%;0.00%
11-05-08;0.00%;0.00%;0.00%;0.00%;0.00%;0.01%;0.00%;0.00%;0.00%;0.00%;0.00%
12-05-08;-0.38%;-0.40%;-0.72%;0.04%;0.04%;0.05%;0.04%;0.04%;0.00%;0.04%;-0.16%
13-05-08;-0.37%;-0.26%;0.00%;0.25%;-0.13%;-0.68%;-0.55%;-0.61%;0.00%;-0.60%;0.01%
14-05-08;0.32%;0.19%;0.04%;-0.37%;0.62%;-0.77%;-0.47%;-0.54%;0.00%;-0.36%;0.06%
15-05-08;0.20%;0.20%;-0.94%;0.77%;0.60%;0.17%;0.50%;0.32%;0.00%;0.43%;0.46%
16-05-08;1.14%;0.19%;0.25%;0.64%;0.82%;-0.19%;-0.09%;-0.06%;0.00%;-0.33%;0.41%
17-05-08;0.00%;0.00%;0.00%;0.67%;1.55%;0.13%;0.32%;0.24%;0.00%;0.00%;0.00%
18-05-08;0.00%;0.00%;0.00%;0.00%;0.00%;0.01%;0.00%;0.00%;0.00%;0.00%;0.00%
19-05-08;0.66%;0.10%;0.00%;-0.36%;-0.36%;-0.35%;-0.36%;-0.36%;0.00%;-0.36%;1.00%
20-05-08;0.80%;-0.15%;0.00%;0.75%;1.15%;0.39%;0.67%;0.51%;0.00%;0.37%;0.60%
21-05-08;0.00%;0.00%;0.00%;-0.80%;-1.25%;0.21%;0.18%;0.13%;0.00%;0.00%;0.00%
22-05-08;0.28%;0.24%;0.36%;-0.11%;0.81%;0.64%;0.92%;0.85%;0.00%;0.85%;-0.41%
23-05-08;0.10%;0.52%;0.50%;0.29%;-0.74%;-0.18%;-0.15%;-0.12%;0.00%;0.17%;-0.07%
24-05-08;0.00%;0.00%;0.00%;-1.09%;-1.14%;0.13%;-0.03%;-0.03%;0.00%;0.00%;0.00%
25-05-08;0.00%;0.00%;0.00%;0.00%;0.00%;0.01%;0.00%;0.00%;0.00%;0.00%;0.00%
26-05-08;0.64%;0.39%;0.31%;0.04%;0.04%;0.05%;0.04%;0.04%;0.00%;0.04%;-0.37%
27-05-08;0.38%;-0.07%;-0.15%;0.23%;-0.62%;0.61%;0.59%;0.59%;0.00%;0.59%;0.02%
28-05-08;0.14%;-0.21%;-0.05%;1.03%;0.83%;0.70%;0.68%;0.88%;0.00%;0.94%;0.09%
29-05-08;0.75%;-0.30%;-0.32%;0.18%;0.32%;-0.18%;-0.04%;-0.08%;0.00%;0.02%;0.20%
30-05-08;-1.23%;-0.07%;0.24%;0.41%;0.60%;-0.27%;-0.02%;0.00%;0.00%;0.05%;0.54%
31-05-08;0.00%;0.00%;0.00%;0.37%;0.68%;0.22%;0.07%;0.19%;0.00%;0.00%;0.00%
01-06-08;0.00%;0.00%;0.00%;0.00%;0.00%;0.00%;0.00%;0.00%;0.00%;0.00%;0.00%
02-06-08;-0.03%;0.16%;0.14%;-0.03%;-0.03%;-0.03%;-0.03%;-0.03%;0.00%;-0.03%;0.34%
03-06-08;0.52%;-0.08%;-0.17%;0.12%;0.59%;0.94%;0.70%;0.95%;0.00%;0.75%;-0.02%
04-06-08;0.13%;-0.14%;-0.06%;-0.02%;-1.00%;0.46%;0.28%;0.57%;0.00%;0.42%;-0.43%
05-06-08;1.05%;-0.17%;-0.03%;0.63%;-0.54%;0.89%;0.75%;0.85%;0.00%;0.90%;-0.50%
06-06-08;-1.72%;-0.03%;0.15%;-0.51%;-0.51%;-1.79%;-1.07%;-1.48%;0.00%;-1.45%;0.10%
07-06-08;0.00%;0.00%;0.00%;-1.47%;-0.13%;0.14%;0.27%;0.04%;0.00%;0.00%;0.00%
08-06-08;0.00%;0.00%;0.00%;0.00%;0.00%;0.00%;0.00%;0.00%;0.00%;0.00%;0.00%
09-06-08;0.57%;0.11%;0.06%;0.06%;0.06%;0.06%;0.06%;0.06%;0.00%;0.06%;-0.34%
10-06-08;0.39%;-0.04%;-0.11%;-0.34%;-1.14%;-0.19%;0.04%;0.12%;0.00%;0.16%;-0.77%
11-06-08;-0.45%;-0.18%;-0.24%;-1.07%;-2.25%;-0.07%;-0.20%;-0.07%;0.00%;0.28%;-1.06%
12-06-08;1.55%;-0.06%;0.12%;-0.93%;-0.44%;0.20%;0.13%;0.05%;0.00%;0.15%;-0.57%
13-06-08;0.38%;0.20%;0.17%;1.95%;1.62%;2.06%;2.07%;1.99%;0.00%;2.34%;0.57%
14-06-08;0.00%;0.00%;0.00%;0.87%;-0.27%;-0.28%;-0.11%;-0.14%;0.00%;0.00%;0.00%
15-06-08;0.00%;0.00%;0.00%;0.00%;0.00%;0.01%;0.00%;0.00%;0.00%;0.00%;0.00%
16-06-08;-0.63%;0.24%;-0.17%;0.69%;0.69%;0.69%;0.69%;0.69%;0.00%;0.69%;0.26%
17-06-08;1.00%;-0.08%;-0.12%;0.35%;0.98%;-0.08%;-0.05%;-0.20%;0.00%;-0.18%;0.26%
18-06-08;0.84%;-0.33%;-0.26%;-1.39%;-0.51%;-1.25%;-1.37%;-1.51%;0.00%;-1.47%;0.04%
19-06-08;0.72%;-0.20%;-0.14%;-1.18%;-0.81%;-0.08%;-0.41%;-0.07%;0.00%;-0.37%;-0.33%
20-06-08;-1.06%;-0.06%;0.09%;-0.84%;-1.43%;-0.61%;-0.79%;-0.93%;0.00%;-0.39%;-0.11%
21-06-08;0.00%;0.00%;0.00%;-1.37%;-1.45%;0.24%;-0.19%;-0.03%;0.00%;0.00%;0.00%
22-06-08;0.00%;0.00%;0.00%;0.00%;0.00%;0.01%;0.00%;0.00%;0.00%;0.00%;0.00%
23-06-08;0.48%;0.03%;0.16%;1.01%;1.01%;1.01%;1.01%;1.01%;0.00%;1.01%;-0.27%
24-06-08;0.27%;-0.10%;-0.08%;1.16%;0.60%;1.57%;1.18%;1.47%;0.00%;1.57%;-0.19%
25-06-08;0.78%;-0.24%;-0.10%;0.51%;0.00%;0.86%;0.25%;0.63%;0.00%;0.74%;-0.25%
26-06-08;-0.85%;-0.06%;0.02%;1.01%;1.84%;0.52%;0.37%;0.36%;0.00%;0.49%;0.77%
27-06-08;-0.54%;0.24%;0.24%;-0.81%;0.36%;1.26%;0.57%;0.44%;0.00%;0.94%;-0.25%
28-06-08;0.00%;0.00%;0.00%;-0.41%;-1.36%;0.07%;-0.37%;-0.17%;0.00%;0.00%;0.00%
29-06-08;0.00%;0.00%;0.00%;0.00%;0.00%;0.01%;0.00%;0.00%;0.00%;0.00%;0.00%
30-06-08;-0.54%;0.53%;0.28%;1.50%;1.50%;1.51%;1.50%;1.50%;-1.21%;1.50%;-0.35%
01-07-08;-2.41%;0.06%;0.02%;1.45%;1.36%;0.98%;1.15%;1.14%;0.00%;1.69%;0.38%
02-07-08;-3.21%;0.32%;0.18%;-0.07%;-1.09%;0.46%;0.19%;0.35%;0.00%;0.61%;-0.78%
03-07-08;-2.53%;-0.15%;-0.12%;-3.53%;-3.34%;-2.28%;-2.40%;-2.29%;0.00%;-2.29%;-1.48%
04-07-08;0.19%;0.07%;0.17%;-1.37%;-3.44%;-1.06%;-1.55%;-1.19%;0.00%;-1.19%;-2.07%
05-07-08;0.00%;0.00%;0.00%;-0.42%;-0.30%;0.15%;-0.06%;0.00%;0.00%;0.00%;0.00%
06-07-08;0.00%;0.00%;0.00%;0.00%;0.00%;0.00%;0.00%;0.00%;0.00%;0.00%;0.00%
07-07-08;0.73%;0.27%;0.27%;-0.12%;-0.12%;-0.12%;-0.12%;-0.12%;0.00%;-0.12%;-0.15%
08-07-08;0.67%;0.13%;-0.12%;-0.77%;0.17%;-0.46%;-0.69%;-0.50%;0.00%;-0.62%;0.21%
09-07-08;-0.12%;-0.13%;-0.14%;-0.24%;-1.82%;-0.08%;-0.54%;-0.33%;0.00%;-0.33%;-0.62%
10-07-08;-0.53%;-0.10%;-0.02%;-0.93%;0.77%;-0.46%;-0.26%;-0.49%;0.00%;-0.63%;0.23%
11-07-08;-1.22%;0.15%;0.41%;0.03%;0.14%;0.24%;-0.02%;0.14%;0.00%;0.17%;-0.04%
12-07-08;0.00%;0.00%;0.00%;-1.06%;0.63%;-0.27%;-0.32%;-0.15%;0.00%;0.00%;0.00%
13-07-08;0.00%;0.00%;0.00%;0.00%;0.00%;0.00%;0.00%;0.00%;0.00%;0.00%;0.00%
14-07-08;0.25%;0.23%;0.14%;0.11%;0.11%;0.12%;0.11%;0.11%;0.00%;0.11%;0.03%
15-07-08;-1.22%;-0.09%;0.03%;-1.42%;-1.11%;-0.93%;-0.95%;-1.08%;0.00%;-1.14%;-0.29%
16-07-08;0.00%;0.00%;0.00%;-1.33%;-2.59%;0.11%;-0.35%;-0.12%;0.00%;0.00%;0.00%
17-07-08;1.46%;0.22%;0.08%;-0.03%;-0.99%;-1.30%;-1.19%;-1.00%;0.00%;-1.06%;-1.01%
18-07-08;1.09%;0.23%;-0.02%;0.82%;0.68%;-1.19%;-0.50%;-0.77%;0.00%;-0.85%;0.65%
19-07-08;0.00%;0.00%;0.00%;0.19%;-0.89%;-0.36%;0.25%;0.08%;0.00%;0.00%;0.00%
20-07-08;0.00%;0.00%;0.00%;0.00%;0.00%;0.01%;0.00%;0.00%;0.00%;0.00%;0.00%
21-07-08;0.08%;0.35%;0.24%;1.27%;1.27%;1.28%;1.27%;1.27%;0.00%;1.27%;0.18%
22-07-08;0.65%;0.04%;0.10%;0.48%;1.87%;-0.06%;0.44%;0.25%;0.00%;-0.01%;0.73%
23-07-08;1.44%;-0.18%;-0.12%;-0.37%;-1.52%;-1.04%;-1.13%;-0.88%;0.00%;-0.98%;-0.35%
24-07-08;-0.89%;0.02%;0.19%;1.50%;2.31%;0.86%;1.12%;1.02%;0.00%;0.93%;0.88%
25-07-08;1.24%;0.17%;0.06%;-1.73%;-0.84%;0.31%;-0.30%;-0.13%;0.00%;-0.20%;-0.60%
26-07-08;0.00%;0.00%;0.00%;-0.26%;-1.76%;-0.17%;-0.18%;-0.12%;0.00%;0.00%;0.00%
27-07-08;0.00%;0.00%;0.00%;0.00%;0.00%;0.01%;0.00%;0.00%;0.00%;0.00%;0.00%
28-07-08;-0.74%;0.23%;0.29%;-0.43%;-0.43%;-0.42%;-0.43%;-0.43%;0.00%;-0.43%;-0.62%
29-07-08;1.01%;0.03%;0.06%;-0.73%;0.36%;0.74%;0.30%;0.57%;0.00%;0.37%;-0.12%
30-07-08;1.83%;-0.07%;0.09%;0.71%;-0.68%;0.21%;-0.08%;0.17%;0.00%;0.16%;-0.01%
31-07-08;0.11%;0.09%;0.17%;3.29%;3.95%;1.85%;1.69%;1.69%;0.00%;1.69%;1.55%
01-08-08;-0.51%;0.09%;-0.03%;0.17%;1.07%;1.00%;0.78%;0.83%;0.00%;0.76%;0.57%
02-08-08;0.00%;0.00%;0.00%;-1.08%;-1.16%;0.05%;-0.47%;-0.03%;0.00%;0.00%;0.00%
03-08-08;0.00%;0.00%;0.00%;0.00%;0.00%;0.01%;0.00%;0.00%;0.00%;0.00%;0.00%
04-08-08;-0.83%;0.00%;0.08%;-0.13%;-0.13%;-0.13%;-0.13%;-0.13%;0.00%;-0.13%;-0.51%
05-08-08;0.23%;-0.02%;0.09%;-0.02%;-1.14%;1.00%;0.87%;0.92%;0.00%;0.96%;-0.70%
06-08-08;0.15%;-0.03%;-0.03%;1.73%;-0.78%;0.06%;0.07%;0.16%;0.00%;0.09%;-0.34%
07-08-08;-0.04%;-0.12%;0.03%;1.04%;1.65%;0.32%;0.42%;0.34%;0.00%;0.37%;0.32%
08-08-08;-0.50%;0.07%;0.13%;-1.52%;-0.67%;0.12%;-0.31%;-0.23%;0.00%;-0.27%;-0.32%
09-08-08;0.00%;0.00%;0.00%;0.41%;-1.80%;0.08%;-0.41%;-0.20%;0.00%;0.00%;0.00%
10-08-08;0.00%;0.00%;0.00%;0.00%;0.00%;0.01%;0.00%;0.00%;0.00%;0.00%;0.00%
11-08-08;-1.00%;0.20%;0.12%;1.06%;1.06%;1.07%;1.06%;1.06%;0.00%;1.06%;-0.32%
12-08-08;-0.26%;-0.03%;-0.05%;1.32%;0.50%;0.31%;0.60%;0.51%;0.00%;0.44%;-0.52%
13-08-08;-0.85%;-0.05%;0.09%;-0.89%;-0.78%;0.28%;0.24%;0.18%;0.00%;0.03%;-0.36%
14-08-08;0.04%;0.09%;0.05%;-1.47%;-1.22%;-0.35%;-0.39%;-0.35%;0.00%;-0.35%;-0.61%
15-08-08;0.00%;0.00%;0.00%;0.42%;1.05%;0.08%;0.09%;0.17%;0.00%;0.00%;0.00%
16-08-08;0.00%;0.00%;0.00%;-0.31%;-1.22%;0.14%;0.04%;0.18%;0.00%;0.00%;0.00%
17-08-08;0.00%;0.00%;0.00%;0.00%;0.00%;0.01%;0.00%;0.00%;0.00%;0.00%;0.00%
18-08-08;-0.58%;0.08%;0.02%;-0.52%;-0.52%;-0.51%;-0.52%;-0.52%;0.00%;-0.52%;0.07%
19-08-08;-2.45%;0.00%;0.04%;0.23%;-0.38%;0.91%;0.88%;0.81%;0.00%;0.79%;-0.50%
20-08-08;0.16%;0.15%;0.15%;-0.77%;-1.00%;0.75%;0.57%;0.74%;0.00%;0.80%;-1.01%
21-08-08;0.33%;0.17%;0.22%;0.13%;1.44%;-0.33%;-0.53%;-0.49%;0.00%;-0.52%;0.29%
22-08-08;1.86%;0.10%;-0.02%;0.28%;-0.54%;-0.26%;-0.13%;-0.16%;0.00%;-0.11%;0.25%
23-08-08;0.00%;0.00%;0.00%;0.75%;-0.09%;-0.16%;-0.07%;-0.03%;0.00%;0.00%;0.00%
24-08-08;0.00%;0.00%;0.00%;0.00%;0.00%;0.01%;0.00%;0.00%;0.00%;0.00%;0.00%
25-08-08;-0.04%;0.14%;0.23%;-0.03%;-0.03%;-0.03%;-0.03%;-0.03%;0.00%;-0.03%;0.39%
26-08-08;0.19%;0.05%;0.07%;-0.81%;-0.42%;0.36%;0.29%;0.28%;0.00%;0.19%;-0.28%
27-08-08;0.14%;0.03%;0.02%;0.24%;-0.83%;0.63%;0.33%;0.42%;0.00%;0.41%;-0.50%
28-08-08;0.02%;-0.01%;0.06%;0.04%;0.99%;-0.68%;-0.53%;-0.65%;0.00%;-0.62%;0.23%
29-08-08;-0.09%;-0.06%;0.15%;0.60%;-0.32%;-0.64%;-0.56%;-0.66%;0.00%;-0.66%;0.35%
30-08-08;0.00%;0.00%;0.00%;-0.18%;-0.06%;0.06%;0.12%;0.12%;0.00%;0.00%;0.00%
31-08-08;0.00%;0.00%;0.00%;0.00%;0.00%;0.01%;0.00%;0.00%;0.00%;0.00%;0.00%
01-09-08;-0.65%;0.02%;0.09%;-0.71%;-0.71%;-0.70%;-0.71%;-0.71%;0.00%;-0.71%;-0.06%
02-09-08;-0.22%;-0.02%;-0.05%;-0.25%;-1.84%;0.48%;0.33%;0.44%;0.00%;0.44%;-0.34%
03-09-08;-0.69%;-0.02%;-0.02%;-0.26%;-0.38%;0.36%;0.32%;0.33%;0.00%;0.26%;-0.62%
04-09-08;-1.46%;-0.06%;-0.10%;-0.68%;-1.72%;0.20%;-0.09%;0.10%;0.00%;0.08%;-0.96%
05-09-08;-0.65%;-0.11%;-0.15%;-2.95%;-2.24%;-0.01%;-0.25%;-0.30%;0.00%;-0.17%;-1.87%
06-09-08;0.00%;0.00%;0.00%;-1.01%;-2.22%;0.10%;-0.22%;-0.12%;0.00%;0.00%;0.00%
07-09-08;0.00%;0.00%;0.00%;0.00%;0.00%;0.01%;0.00%;0.00%;0.00%;0.00%;0.00%
08-09-08;-0.59%;-0.07%;-0.07%;1.40%;1.40%;1.41%;1.40%;1.40%;0.00%;1.40%;-1.48%
09-09-08;-1.41%;-0.02%;-0.02%;2.34%;3.37%;0.25%;0.40%;0.18%;0.00%;0.11%;1.14%
10-09-08;0.06%;0.12%;0.13%;-1.23%;-2.49%;1.44%;1.21%;1.26%;0.00%;1.32%;-1.33%
11-09-08;0.16%;0.11%;0.07%;0.04%;-1.02%;-0.01%;-0.15%;-0.08%;0.00%;0.08%;-1.05%
12-09-08;1.92%;0.03%;0.06%;0.40%;-1.77%;0.41%;0.21%;0.31%;0.00%;0.48%;-0.52%
13-09-08;0.00%;0.00%;0.00%;1.58%;1.89%;-0.37%;0.09%;-0.47%;0.00%;0.00%;0.00%
14-09-08;0.00%;0.00%;0.00%;0.00%;0.00%;0.01%;0.00%;0.00%;0.00%;0.00%;0.00%
15-09-08;-0.57%;0.18%;-0.09%;-1.08%;-1.08%;-1.07%;-1.08%;-1.08%;0.00%;-1.08%;1.10%
16-09-08;-1.41%;0.04%;-0.09%;-2.84%;-2.70%;1.14%;-0.22%;-0.15%;0.00%;0.83%;-1.47%
17-09-08;-2.06%;0.05%;0.18%;0.85%;-3.48%;1.52%;0.33%;0.59%;0.00%;1.56%;-1.81%
18-09-08;0.00%;0.02%;0.02%;-3.03%;-2.01%;-0.21%;-0.77%;-2.05%;0.00%;0.00%;0.00%
19-09-08;0.00%;0.02%;0.02%;2.12%;-0.14%;-0.38%;-0.33%;-0.25%;0.00%;0.00%;0.00%
20-09-08;0.00%;0.00%;0.00%;5.57%;9.65%;-0.62%;1.24%;0.72%;0.00%;0.00%;0.00%
21-09-08;0.00%;0.00%;0.00%;0.00%;0.00%;0.01%;0.00%;0.00%;0.00%;0.00%;0.00%
22-09-08;1.64%;0.30%;0.25%;0.78%;0.78%;0.78%;0.78%;0.78%;0.00%;0.78%;1.41%
23-09-08;-0.13%;0.25%;0.23%;-4.11%;-1.38%;-2.55%;-2.22%;-2.42%;0.00%;-2.43%;1.23%
24-09-08;0.37%;0.24%;0.19%;-0.89%;-2.55%;0.29%;-0.23%;0.16%;0.00%;0.32%;-1.32%
25-09-08;1.24%;0.19%;0.16%;0.77%;1.33%;1.49%;0.65%;1.27%;0.00%;1.21%;-0.27%
26-09-08;-0.43%;-0.11%;-0.25%;1.32%;0.71%;-0.40%;-1.12%;-0.25%;0.00%;-0.13%;0.61%
27-09-08;0.00%;0.00%;0.00%;-0.85%;-1.75%;0.06%;-1.21%;-0.52%;0.00%;0.00%;0.00%
28-09-08;0.00%;0.00%;0.00%;0.00%;0.00%;0.01%;0.00%;0.00%;0.00%;0.00%;0.00%
29-09-08;-4.66%;0.00%;0.08%;0.11%;0.11%;0.12%;0.11%;0.11%;0.00%;0.11%;-0.42%
30-09-08;3.48%;0.32%;0.52%;-4.91%;-3.80%;2.88%;1.36%;2.40%;-8.65%;2.28%;-3.54%
01-10-08;0.66%;0.26%;-0.28%;1.40%;1.31%;-0.79%;-1.91%;-2.22%;0.00%;-7.61%;0.14%
02-10-08;-3.14%;-0.06%;-0.09%;0.93%;0.67%;0.95%;0.14%;0.78%;0.00%;0.77%;0.97%
03-10-08;-1.86%;0.12%;0.23%;-0.85%;-0.62%;3.13%;0.89%;2.82%;0.00%;2.83%;-1.75%
04-10-08;0.00%;0.00%;0.00%;-0.24%;-2.37%;0.14%;-0.55%;-0.20%;0.00%;0.00%;0.00%
05-10-08;0.00%;0.00%;0.00%;0.00%;0.00%;0.01%;0.00%;0.00%;0.00%;0.00%;0.00%
06-10-08;-5.02%;0.44%;0.39%;-0.56%;-0.56%;-0.55%;-0.56%;-0.56%;0.00%;-0.56%;-1.21%
07-10-08;-3.46%;0.39%;-0.10%;-2.24%;-6.27%;4.44%;1.19%;2.08%;0.00%;3.70%;-6.43%
08-10-08;-3.96%;0.48%;0.18%;-3.39%;-2.05%;-0.49%;-1.38%;-2.81%;0.00%;-0.24%;-2.64%
09-10-08;-1.13%;0.34%;-0.50%;-0.35%;-5.27%;2.79%;1.24%;1.31%;0.00%;3.15%;-4.15%
10-10-08;-4.04%;0.01%;-0.42%;-4.05%;2.74%;-0.01%;-1.15%;-0.49%;0.00%;0.60%;-1.20%
11-10-08;0.00%;0.00%;0.00%;-5.10%;-4.46%;-0.44%;-4.53%;-3.21%;0.00%;0.00%;0.00%
12-10-08;0.00%;0.00%;0.00%;0.00%;0.00%;0.01%;0.00%;0.00%;0.00%;0.00%;0.00%
13-10-08;9.06%;0.02%;-0.63%;4.06%;4.06%;4.07%;4.06%;4.06%;0.00%;4.06%;-5.20%
14-10-08;2.65%;-0.27%;-0.65%;5.99%;4.03%;-3.34%;-3.03%;-3.11%;0.00%;-3.11%;6.44%
15-10-08;-0.49%;-0.07%;-0.13%;0.42%;3.71%;-2.50%;-0.38%;-3.46%;0.00%;-2.12%;4.17%
16-10-08;-1.25%;0.06%;-0.12%;-2.86%;-3.32%;4.53%;2.69%;4.09%;0.00%;4.46%;-3.62%
17-10-08;1.29%;0.03%;-0.29%;-1.48%;-7.88%;0.14%;-1.95%;-1.66%;0.00%;-0.08%;-2.73%
18-10-08;0.00%;0.00%;0.00%;1.45%;-1.42%;-0.01%;-0.89%;-1.34%;0.00%;0.00%;0.00%
19-10-08;0.00%;0.00%;0.00%;0.00%;0.00%;0.01%;0.00%;0.00%;0.00%;0.00%;0.00%
20-10-08;3.45%;0.07%;-0.27%;-2.28%;-2.28%;-2.27%;-2.28%;-2.28%;0.00%;-2.28%;-0.89%
21-10-08;-0.17%;-0.01%;-0.22%;3.32%;3.24%;-0.42%;-0.58%;-1.98%;0.00%;-0.68%;2.38%
22-10-08;-4.60%;-0.06%;-0.13%;1.28%;1.29%;3.44%;2.84%;1.62%;0.00%;3.06%;0.11%
23-10-08;-0.05%;-0.31%;-0.15%;-3.41%;-4.97%;3.52%;1.88%;0.03%;0.00%;3.20%;-4.34%
24-10-08;-2.07%;-0.37%;-0.13%;0.00%;-3.97%;0.02%;-1.71%;-3.61%;0.00%;-0.09%;-2.08%
25-10-08;0.00%;0.00%;0.00%;-4.38%;-8.28%;-0.27%;-2.05%;-2.69%;0.00%;0.00%;0.00%
26-10-08;0.00%;0.00%;0.00%;0.00%;0.00%;0.01%;0.00%;0.00%;0.00%;0.00%;0.00%
27-10-08;0.18%;0.03%;0.28%;2.34%;2.34%;2.35%;2.34%;2.34%;0.00%;2.34%;-3.55%
28-10-08;1.29%;0.16%;0.02%;-2.92%;-2.62%;1.36%;0.42%;-0.35%;0.00%;1.49%;-2.44%
29-10-08;1.44%;0.27%;0.14%;5.82%;5.60%;-1.14%;-0.60%;0.03%;0.00%;-0.92%;2.70%
30-10-08;1.68%;0.19%;-0.35%;2.71%;3.73%;-0.84%;0.76%;0.84%;0.00%;-0.84%;2.94%
31-10-08;0.00%;0.02%;0.02%;2.98%;10.07%;0.08%;1.23%;1.83%;0.00%;0.00%;0.00%
01-11-08;0.00%;0.00%;0.00%;0.53%;1.62%;-0.30%;0.09%;3.02%;0.00%;0.00%;0.00%
02-11-08;0.00%;0.00%;0.00%;0.00%;0.00%;0.01%;0.00%;0.00%;0.00%;0.00%;0.00%
03-11-08;2.20%;0.11%;0.16%;0.75%;0.75%;0.76%;0.75%;0.75%;0.00%;0.75%;5.61%
04-11-08;2.22%;0.01%;-0.01%;0.18%;2.14%;0.04%;0.19%;1.24%;0.00%;-0.26%;1.58%
05-11-08;-0.88%;0.00%;-0.03%;0.89%;-0.63%;-3.37%;-2.43%;-1.71%;0.00%;-3.80%;1.84%
06-11-08;-2.11%;-0.14%;-0.15%;-4.06%;-2.11%;-1.32%;-0.70%;0.75%;0.00%;-1.62%;-0.39%
07-11-08;1.53%;-0.12%;0.02%;-6.54%;-7.80%;-0.32%;-1.24%;-0.99%;0.00%;-0.49%;-3.89%
08-11-08;0.00%;0.00%;0.00%;1.54%;1.27%;0.04%;-0.74%;-0.26%;0.00%;0.00%;0.00%
09-11-08;0.00%;0.00%;0.00%;0.00%;0.00%;0.01%;0.00%;0.00%;0.00%;0.00%;0.00%
10-11-08;1.22%;-0.03%;0.10%;0.95%;0.95%;0.97%;0.95%;0.95%;0.00%;0.95%;0.59%
11-11-08;-1.34%;-0.19%;-0.10%;-0.90%;2.12%;-0.90%;-0.91%;-0.74%;0.00%;-1.06%;1.25%
12-11-08;-2.79%;-0.16%;-0.81%;-1.49%;-2.57%;2.28%;1.95%;2.24%;0.00%;2.24%;-2.33%
13-11-08;1.46%;0.22%;0.20%;-3.75%;-3.78%;0.50%;-0.55%;0.45%;0.00%;0.29%;-2.48%
14-11-08;0.74%;0.40%;0.58%;1.97%;-2.51%;-1.00%;-2.07%;-2.83%;0.00%;-0.75%;-0.28%
15-11-08;0.00%;0.00%;0.00%;-1.62%;1.17%;0.14%;-0.76%;-0.75%;0.00%;0.00%;0.00%
16-11-08;0.00%;0.00%;0.00%;0.00%;0.00%;0.02%;0.00%;0.00%;0.00%;0.00%;0.00%
17-11-08;-0.51%;0.50%;-0.08%;-0.11%;-0.11%;-0.09%;-0.11%;-0.11%;0.00%;-0.11%;0.47%
18-11-08;-1.07%;0.41%;0.04%;-1.52%;-1.08%;0.89%;0.23%;0.90%;0.00%;0.85%;-1.51%
19-11-08;-0.30%;0.08%;0.20%;0.43%;-3.74%;0.14%;-1.20%;-0.45%;0.00%;0.11%;-1.26%
20-11-08;-2.84%;-0.13%;0.15%;-3.40%;-0.88%;1.55%;-0.50%;0.34%;0.00%;1.32%;-2.23%
21-11-08;-1.10%;-0.06%;-0.19%;-4.94%;-3.96%;1.72%;-0.86%;1.08%;0.00%;1.33%;-3.41%
22-11-08;0.00%;0.00%;0.00%;2.99%;0.72%;0.03%;-1.29%;-0.60%;0.00%;0.00%;0.00%
23-11-08;0.00%;0.00%;0.00%;0.00%;0.00%;0.02%;0.00%;0.00%;0.00%;0.00%;0.00%
24-11-08;1.53%;-0.10%;0.11%;1.38%;1.38%;1.40%;1.38%;1.38%;0.00%;1.38%;0.44%
25-11-08;-0.22%;-0.05%;-0.13%;7.10%;4.23%;0.35%;0.59%;0.62%;0.00%;0.46%;2.26%
26-11-08;0.15%;-0.02%;0.15%;1.15%;2.54%;0.14%;0.48%;1.01%;0.00%;-0.48%;1.84%
27-11-08;0.31%;0.14%;0.17%;0.21%;1.16%;-1.15%;-0.73%;-0.41%;0.00%;-1.38%;0.72%
28-11-08;-0.78%;0.23%;-0.04%;0.34%;1.89%;-0.57%;-0.54%;-0.55%;0.00%;-0.55%;1.22%
29-11-08;0.00%;0.00%;0.00%;0.92%;0.20%;0.04%;0.30%;0.38%;0.00%;0.00%;0.00%
30-11-08;0.00%;0.00%;0.00%;0.00%;0.00%;0.02%;0.00%;0.00%;0.00%;0.00%;0.00%
01-12-08;-2.24%;0.20%;0.22%;0.78%;0.78%;0.80%;0.78%;0.78%;0.00%;0.78%;0.17%
02-12-08;-0.60%;0.15%;0.22%;-6.29%;-1.63%;1.42%;0.78%;1.33%;0.00%;0.98%;-2.59%
03-12-08;-0.48%;-0.04%;-0.11%;1.33%;-3.03%;-0.31%;-0.35%;-0.39%;0.00%;-0.64%;-0.76%
04-12-08;-0.10%;-0.13%;-0.03%;2.79%;1.62%;1.37%;0.71%;1.25%;0.00%;1.19%;0.16%
05-12-08;0.02%;0.17%;0.06%;-2.06%;-0.55%;-0.18%;-0.43%;-0.25%;0.00%;-0.23%;-0.45%
06-12-08;0.00%;0.00%;0.00%;0.45%;-0.85%;-0.06%;-0.79%;-0.07%;0.00%;0.00%;0.00%
07-12-08;0.00%;0.00%;0.00%;0.00%;0.00%;0.02%;0.00%;0.00%;0.00%;0.00%;0.00%
08-12-08;0.00%;0.05%;0.06%;0.00%;0.00%;0.02%;0.00%;0.00%;0.00%;0.00%;0.00%
09-12-08;0.01%;0.09%;0.03%;5.34%;7.68%;-0.33%;0.58%;0.39%;0.00%;0.00%;2.08%
10-12-08;0.32%;-0.08%;0.14%;-1.92%;-1.02%;-1.04%;-0.75%;-0.52%;0.00%;-1.11%;1.06%
11-12-08;0.26%;0.02%;0.28%;1.16%;4.40%;0.01%;-0.09%;0.38%;0.00%;-0.13%;1.37%
12-12-08;0.44%;0.00%;-0.19%;-1.97%;-0.08%;-1.11%;-1.45%;-0.92%;0.00%;-1.22%;0.36%
13-12-08;0.00%;0.00%;0.00%;-0.78%;-3.06%;-0.06%;-0.70%;0.49%;0.00%;0.00%;0.00%
14-12-08;0.00%;0.00%;0.00%;0.00%;0.00%;0.02%;0.00%;0.00%;0.00%;0.00%;0.00%
15-12-08;-0.61%;-0.02%;-0.30%;-0.48%;-0.48%;-0.46%;-0.48%;-0.48%;0.00%;-0.48%;-1.00%
16-12-08;0.42%;0.01%;-0.30%;-0.97%;0.34%;-1.43%;-1.16%;-1.59%;0.00%;-1.63%;0.43%
17-12-08;0.39%;0.23%;-0.03%;2.06%;0.83%;-0.39%;-0.50%;-0.53%;0.00%;-0.80%;0.97%
18-12-08;-0.01%;0.16%;-0.43%;-0.67%;0.60%;-1.18%;-0.64%;-0.29%;0.00%;-1.87%;1.06%
19-12-08;-0.14%;-0.27%;-0.41%;0.60%;2.24%;1.79%;2.91%;3.34%;0.00%;1.53%;-0.32%
20-12-08;0.00%;0.00%;0.00%;-1.37%;-1.41%;-0.03%;0.06%;0.18%;0.00%;0.00%;0.00%
21-12-08;0.00%;0.00%;0.00%;0.00%;0.00%;0.02%;0.00%;0.00%;0.00%;0.00%;0.00%
22-12-08;-0.50%;-0.18%;-0.02%;0.00%;0.00%;0.02%;0.00%;0.00%;0.00%;0.00%;-0.64%
23-12-08;0.18%;-0.08%;-0.03%;-2.08%;-3.07%;-0.33%;0.16%;0.04%;0.00%;-0.51%;-0.65%
24-12-08;0.02%;-0.20%;-0.43%;-1.25%;-2.82%;-0.80%;-0.06%;-0.57%;0.00%;-0.77%;-1.23%
25-12-08;0.00%;0.00%;0.01%;-0.02%;-0.38%;0.08%;0.16%;0.07%;0.00%;0.00%;0.00%
26-12-08;0.37%;0.02%;0.00%;-0.21%;-0.57%;-0.33%;-0.35%;-0.35%;0.00%;-0.35%;0.03%
27-12-08;0.00%;0.00%;0.00%;0.48%;-0.16%;0.12%;0.67%;0.18%;0.00%;0.00%;0.00%
28-12-08;0.00%;0.00%;0.00%;0.00%;0.00%;0.02%;0.00%;0.00%;0.00%;0.00%;0.00%
29-12-08;0.68%;0.17%;0.23%;0.37%;0.37%;0.40%;0.37%;0.37%;0.00%;0.37%;0.28%
30-12-08;0.15%;0.20%;-0.26%;1.06%;1.34%;0.41%;1.28%;0.30%;0.00%;0.19%;0.40%
31-12-08;0.00%;0.19%;-0.03%;1.65%;1.49%;0.06%;1.48%;0.27%;-19.06%;0.00%;0.74%
01-01-09;0.00%;0.00%;0.01%;0.46%;0.23%;-0.07%;0.52%;0.23%;0.00%;-17.61%;0.00%
02-01-09;1.99%;0.10%;0.09%;1.16%;1.37%;1.19%;1.16%;1.16%;0.00%;1.16%;0.59%
03-01-09;0.00%;0.00%;0.00%;2.77%;2.23%;-0.16%;0.62%;0.08%;0.00%;0.00%;0.00%
04-01-09;0.00%;0.00%;0.00%;0.00%;0.00%;0.03%;0.00%;0.00%;0.00%;0.00%;0.00%
05-01-09;0.23%;0.23%;0.14%;0.70%;0.70%;0.72%;0.70%;0.70%;0.00%;0.70%;1.32%
06-01-09;2.45%;0.02%;-0.20%;0.39%;3.52%;0.42%;1.81%;0.65%;0.00%;0.46%;1.62%
07-01-09;-0.75%;-0.18%;0.21%;-1.20%;-0.26%;-1.81%;0.41%;-1.06%;0.00%;-1.67%;1.06%
08-01-09;0.19%;0.03%;0.09%;-1.53%;-2.51%;-0.39%;0.93%;0.06%;0.00%;-0.48%;-0.87%
09-01-09;0.42%;0.51%;0.10%;-0.22%;-2.97%;0.08%;-0.34%;-0.47%;0.00%;-0.11%;-1.27%
10-01-09;0.00%;0.00%;0.00%;-1.71%;-1.22%;0.26%;0.22%;0.17%;0.00%;0.00%;0.00%
11-01-09;0.00%;0.00%;0.00%;0.00%;0.00%;0.01%;0.00%;0.00%;0.00%;0.00%;0.00%
12-01-09;-0.98%;0.17%;-0.15%;-2.01%;-2.01%;-2.00%;-2.01%;-2.01%;0.00%;-2.01%;-0.89%
13-01-09;0.10%;-0.16%;-0.04%;-3.31%;-4.31%;-0.98%;-0.90%;-0.96%;0.00%;-1.12%;-1.57%
14-01-09;-0.63%;0.20%;0.36%;-0.69%;0.36%;0.77%;0.35%;0.70%;0.00%;0.78%;-0.68%
15-01-09;1.07%;0.26%;0.48%;-2.94%;-1.31%;0.30%;-0.37%;0.30%;0.00%;0.16%;-0.75%
16-01-09;0.70%;0.31%;0.36%;0.54%;-1.45%;1.56%;1.02%;1.25%;0.00%;1.58%;-0.83%
17-01-09;0.00%;0.00%;0.00%;1.45%;2.12%;-0.17%;0.40%;-0.19%;0.00%;0.00%;0.00%
18-01-09;0.00%;0.00%;0.00%;0.00%;0.00%;0.01%;0.00%;0.00%;0.00%;0.00%;0.00%
19-01-09;0.18%;0.09%;0.00%;-1.64%;-1.64%;-1.62%;-1.64%;-1.64%;0.00%;-1.64%;0.85%
20-01-09;-0.68%;-0.06%;0.17%;0.14%;0.11%;0.78%;0.79%;0.86%;0.00%;0.86%;0.15%
21-01-09;-0.34%;-0.01%;0.01%;-3.75%;-2.45%;0.56%;0.38%;0.44%;0.00%;0.65%;-1.76%
22-01-09;0.80%;0.03%;-0.07%;1.73%;-0.65%;-0.44%;-0.64%;-0.32%;0.00%;-0.19%;0.02%
23-01-09;0.05%;0.04%;-0.28%;-1.17%;-0.36%;-0.39%;-0.26%;-0.16%;0.00%;-0.22%;0.07%
24-01-09;0.00%;0.00%;0.00%;-0.61%;-1.36%;-0.23%;-0.31%;-0.02%;0.00%;0.00%;0.00%
25-01-09;0.00%;0.00%;0.00%;0.00%;0.00%;0.01%;0.00%;0.00%;0.00%;0.00%;0.00%
26-01-09;0.67%;0.09%;0.27%;-0.18%;-0.18%;-0.17%;-0.18%;-0.18%;0.00%;-0.18%;-0.41%
27-01-09;0.91%;0.14%;-0.07%;1.30%;1.00%;-0.79%;-0.36%;-0.47%;0.00%;-0.68%;0.85%
28-01-09;1.02%;0.24%;0.23%;1.36%;0.47%;0.14%;0.21%;0.54%;0.00%;-0.12%;0.92%
29-01-09;-0.20%;0.37%;0.52%;2.13%;2.01%;-0.67%;-0.03%;-0.11%;0.00%;-0.70%;1.51%
30-01-09;-0.47%;0.14%;0.47%;-2.32%;-0.06%;-0.02%;0.23%;-0.07%;0.00%;0.09%;-0.58%
31-01-09;0.00%;0.00%;0.00%;-2.25%;-0.49%;-0.07%;-0.16%;0.22%;0.00%;0.00%;0.00%
01-02-09;0.00%;0.00%;0.00%;0.00%;0.00%;0.01%;0.00%;0.00%;0.00%;0.00%;0.00%
02-02-09;0.13%;0.10%;0.06%;0.81%;0.81%;0.82%;0.81%;0.81%;0.00%;0.81%;-0.53%
03-02-09;0.93%;0.31%;0.47%;-0.47%;-1.65%;0.94%;0.72%;0.74%;0.00%;0.71%;-0.66%
04-02-09;0.45%;0.23%;0.07%;2.12%;1.91%;0.13%;0.41%;0.10%;0.00%;0.34%;0.74%
05-02-09;1.08%;-0.20%;-0.06%;-0.52%;0.93%;-1.19%;-0.85%;-1.34%;0.00%;-1.07%;0.63%
06-02-09;1.53%;-0.09%;0.07%;1.09%;0.61%;0.60%;0.71%;0.27%;0.00%;0.50%;0.63%
07-02-09;0.00%;0.00%;0.00%;2.08%;3.83%;-0.05%;0.12%;0.25%;0.00%;0.00%;0.00%
08-02-09;0.00%;0.00%;0.00%;0.00%;0.00%;0.01%;0.00%;0.00%;0.00%;0.00%;0.00%
09-02-09;1.06%;0.00%;-0.47%;-0.72%;-0.72%;-0.71%;-0.72%;-0.72%;0.00%;-0.72%;1.82%
10-02-09;-1.82%;0.04%;0.07%;-0.22%;0.37%;-0.89%;-0.42%;-0.36%;0.00%;-0.93%;0.45%
11-02-09;-0.37%;0.30%;0.34%;-4.27%;-1.34%;-0.37%;-0.61%;-0.93%;0.00%;-0.73%;-1.41%
12-02-09;-0.55%;0.28%;-0.07%;-0.73%;-2.00%;-0.29%;-0.88%;-0.91%;0.00%;-0.59%;-0.39%
13-02-09;0.14%;0.46%;0.51%;-2.39%;-3.49%;-1.28%;-1.83%;-1.58%;0.00%;-1.52%;-0.87%
14-02-09;0.00%;0.00%;0.00%;-0.08%;2.12%;-0.28%;-0.16%;-0.37%;0.00%;0.00%;0.00%
15-02-09;0.00%;0.00%;0.00%;0.00%;0.00%;0.01%;0.00%;0.00%;0.00%;0.00%;0.00%
16-02-09;0.64%;0.42%;1.15%;-1.65%;-1.65%;-1.64%;-1.65%;-1.65%;0.00%;-1.65%;0.26%
17-02-09;-1.23%;0.08%;0.04%;-0.53%;-1.05%;0.20%;0.06%;0.18%;0.00%;0.18%;-0.10%
18-02-09;0.49%;-0.11%;-0.12%;-2.85%;-3.63%;1.72%;0.66%;0.86%;0.00%;1.36%;-1.90%
19-02-09;0.59%;-0.01%;0.02%;-0.62%;-0.86%;-0.14%;-0.70%;-0.23%;0.00%;0.01%;-0.62%
20-02-09;-1.13%;0.16%;0.14%;1.83%;2.94%;1.62%;2.27%;2.24%;0.00%;1.96%;0.60%
21-02-09;0.00%;0.00%;0.00%;-2.21%;-3.68%;0.18%;-0.42%;-0.04%;0.00%;0.00%;0.00%
22-02-09;0.00%;0.00%;0.00%;0.00%;0.00%;0.01%;0.00%;0.00%;0.00%;0.00%;0.00%
23-02-09;-1.50%;0.04%;0.01%;2.50%;2.50%;2.51%;2.50%;2.50%;0.00%;2.50%;-0.88%
24-02-09;0.05%;0.22%;0.32%;-1.70%;1.83%;0.28%;0.20%;-0.04%;0.00%;0.32%;-0.79%
25-02-09;-0.26%;0.41%;0.19%;-2.29%;-5.14%;-3.68%;-4.65%;-3.56%;0.00%;-3.68%;-0.53%
26-02-09;-0.71%;0.19%;0.03%;-0.21%;0.82%;0.07%;0.07%;0.31%;0.00%;0.29%;0.02%
27-02-09;-1.49%;0.08%;0.72%;-0.82%;-0.73%;-1.04%;-0.83%;-0.76%;0.00%;-0.82%;0.08%
28-02-09;0.00%;0.00%;0.00%;-1.68%;-1.30%;0.00%;-0.38%;-0.07%;0.00%;0.00%;0.00%
01-03-09;0.00%;0.00%;0.00%;0.00%;0.00%;0.01%;0.00%;0.00%;0.00%;0.00%;0.00%
02-03-09;-1.94%;-0.11%;-0.33%;0.55%;0.55%;0.56%;0.55%;0.55%;0.00%;0.55%;-0.98%
03-03-09;-0.28%;-0.22%;-0.17%;-4.27%;-4.18%;1.05%;-0.01%;0.54%;0.00%;0.78%;-2.31%
04-03-09;1.00%;-0.35%;0.07%;-0.28%;1.15%;0.87%;0.01%;0.28%;0.00%;0.92%;-0.55%
05-03-09;-1.76%;-0.29%;-0.12%;3.32%;4.48%;0.64%;0.24%;0.83%;0.00%;0.91%;1.71%
06-03-09;-0.80%;0.02%;-0.14%;-3.74%;-1.73%;-0.29%;-1.02%;-0.47%;0.00%;-0.66%;-0.93%
07-03-09;0.00%;0.00%;0.00%;-0.41%;0.04%;0.18%;-0.29%;-0.16%;0.00%;0.00%;0.00%
08-03-09;0.00%;0.00%;0.00%;0.00%;0.00%;0.01%;0.00%;0.00%;0.00%;0.00%;0.00%
09-03-09;0.32%;0.15%;-0.08%;-0.89%;-0.89%;-0.88%;-0.89%;-0.89%;0.00%;-0.89%;-0.26%
10-03-09;2.28%;0.15%;0.10%;-0.49%;0.19%;0.55%;0.15%;0.58%;0.00%;0.79%;-0.51%
11-03-09;-0.43%;0.14%;0.23%;4.31%;2.67%;-1.05%;-0.68%;-0.91%;0.00%;-0.87%;2.16%
12-03-09;0.06%;-0.02%;-0.18%;0.25%;1.37%;-0.57%;0.39%;-0.19%;0.00%;-0.57%;0.90%
13-03-09;0.29%;0.06%;0.15%;1.42%;0.11%;-0.39%;-0.24%;-0.30%;0.00%;-0.56%;0.52%
14-03-09;0.00%;0.00%;0.00%;1.45%;2.31%;-0.01%;0.76%;0.64%;0.00%;0.00%;0.00%
15-03-09;0.00%;0.00%;0.00%;0.00%;0.00%;0.00%;0.00%;0.00%;0.00%;0.00%;0.00%
16-03-09;0.35%;-0.22%;-0.24%;-0.69%;-0.69%;-0.68%;-0.69%;-0.69%;0.00%;-0.69%;1.14%
17-03-09;0.81%;-0.59%;-0.40%;-0.19%;0.83%;-1.49%;-0.37%;-0.89%;0.00%;-1.36%;0.59%
18-03-09;0.87%;-0.29%;0.05%;1.28%;-0.03%;-0.61%;-0.23%;-0.06%;0.00%;-0.45%;0.43%
19-03-09;-0.31%;0.10%;-0.25%;2.75%;1.80%;1.99%;1.67%;1.55%;0.00%;1.43%;1.24%
20-03-09;-0.50%;-0.19%;-0.28%;0.53%;1.20%;-1.05%;-0.18%;-0.64%;0.00%;-1.27%;0.42%
21-03-09;0.00%;0.00%;0.00%;-1.65%;-0.80%;0.09%;0.21%;0.96%;0.00%;0.00%;0.00%
22-03-09;0.00%;0.00%;0.00%;0.00%;0.00%;0.01%;0.00%;0.00%;0.00%;0.00%;0.00%
23-03-09;1.89%;-0.41%;-0.30%;0.50%;0.50%;0.50%;0.50%;0.50%;0.00%;0.50%;-0.55%
24-03-09;-0.16%;-0.34%;0.10%;3.72%;3.39%;-1.34%;-0.70%;-1.14%;0.00%;-1.26%;2.70%
25-03-09;0.37%;0.37%;0.51%;-1.31%;-0.19%;-0.70%;-0.08%;-0.20%;0.00%;-0.58%;-0.26%
26-03-09;-0.12%;0.36%;0.04%;0.32%;0.67%;-0.43%;-0.05%;-0.03%;0.00%;-0.34%;0.43%
27-03-09;-0.10%;-0.09%;0.12%;1.68%;2.21%;0.23%;1.07%;0.48%;0.00%;0.14%;0.85%
28-03-09;0.00%;0.00%;0.00%;-2.01%;-1.41%;0.13%;0.25%;0.12%;0.00%;0.00%;0.00%
29-03-09;0.00%;0.00%;0.00%;0.00%;0.00%;0.01%;0.00%;0.00%;0.00%;0.00%;0.00%
30-03-09;-1.70%;0.13%;0.05%;-0.50%;-0.50%;-0.49%;-0.50%;-0.50%;0.00%;-0.50%;-0.85%
31-03-09;-0.30%;0.02%;-0.41%;-2.27%;-3.46%;1.82%;1.37%;1.74%;-1.67%;1.68%;-2.04%
01-04-09;1.40%;-0.11%;0.17%;1.77%;1.71%;0.29%;0.28%;0.24%;0.00%;-2.86%;0.37%
02-04-09;0.63%;-0.14%;-0.14%;1.33%;1.69%;-0.11%;-0.31%;-0.01%;0.00%;-0.20%;0.77%
03-04-09;0.51%;-0.33%;0.09%;3.02%;4.22%;-1.54%;-0.08%;-0.61%;0.00%;-1.20%;2.46%
04-04-09;0.00%;0.00%;0.00%;0.26%;0.67%;-0.27%;0.54%;0.86%;0.00%;0.00%;0.00%
05-04-09;0.00%;0.00%;0.00%;0.00%;0.00%;0.01%;0.00%;0.00%;0.00%;0.00%;0.00%
06-04-09;-0.15%;-0.10%;0.14%;0.91%;0.91%;0.91%;0.91%;0.91%;0.00%;0.91%;0.96%
07-04-09;-0.28%;0.07%;0.20%;-0.42%;1.27%;0.30%;0.79%;0.77%;0.00%;0.32%;0.14%
08-04-09;0.21%;0.12%;-0.06%;-1.74%;-1.05%;0.19%;0.25%;0.45%;0.00%;0.10%;-0.94%
09-04-09;1.27%;0.17%;0.08%;-0.04%;-1.30%;-0.21%;-0.07%;0.16%;0.00%;-0.38%;0.13%
10-04-09;0.00%;0.01%;0.01%;3.06%;3.65%;-0.06%;0.44%;0.23%;0.00%;0.00%;0.00%
11-04-09;0.00%;0.00%;0.00%;0.07%;0.54%;0.02%;0.00%;0.00%;0.00%;0.00%;0.00%
12-04-09;0.00%;0.00%;0.00%;0.00%;0.00%;0.00%;0.00%;0.00%;0.00%;0.00%;0.00%
13-04-09;1.69%;0.18%;0.13%;-0.57%;-0.57%;-0.57%;-0.57%;-0.57%;0.00%;-0.57%;1.45%
14-04-09;0.52%;0.03%;-0.04%;0.60%;0.81%;0.27%;0.66%;0.50%;0.00%;0.08%;0.89%
15-04-09;-0.12%;-0.06%;0.13%;-0.54%;0.76%;0.19%;0.77%;0.29%;0.00%;-0.01%;0.78%
16-04-09;1.66%;0.03%;-0.04%;0.47%;0.03%;0.49%;0.91%;0.65%;0.00%;0.28%;0.08%
17-04-09;-0.18%;0.03%;0.15%;1.01%;0.37%;-0.44%;0.47%;-0.05%;0.00%;-0.38%;0.59%
18-04-09;0.00%;0.00%;0.00%;0.65%;-0.76%;-0.24%;0.77%;0.20%;0.00%;0.00%;0.00%
19-04-09;0.00%;0.00%;0.00%;0.00%;0.00%;0.00%;0.00%;0.00%;0.00%;0.00%;0.00%
20-04-09;-1.21%;0.15%;0.09%;0.27%;0.27%;0.27%;0.27%;0.27%;0.00%;0.27%;0.11%
21-04-09;0.99%;0.14%;-0.18%;-2.80%;-0.62%;1.26%;0.92%;1.11%;0.00%;0.91%;-1.19%
22-04-09;0.29%;0.11%;0.23%;0.72%;-1.13%;-0.20%;-0.64%;-0.28%;0.00%;-0.14%;0.15%
23-04-09;0.15%;-0.07%;0.01%;0.25%;0.42%;-0.05%;0.20%;-0.15%;0.00%;0.09%;0.31%
24-04-09;0.11%;-0.03%;0.51%;0.89%;1.78%;0.21%;0.55%;0.06%;0.00%;0.10%;0.61%
25-04-09;0.00%;0.00%;0.00%;2.11%;1.26%;0.03%;0.90%;0.26%;0.00%;0.00%;0.00%
26-04-09;0.00%;0.00%;0.00%;0.00%;0.00%;0.00%;0.00%;0.00%;0.00%;0.00%;0.00%
27-04-09;-0.52%;0.06%;0.17%;0.56%;0.56%;0.57%;0.56%;0.56%;0.00%;0.56%;1.01%
28-04-09;0.32%;0.06%;-0.12%;1.46%;-0.10%;2.30%;2.36%;2.08%;0.00%;2.12%;-0.55%
29-04-09;1.32%;0.05%;0.02%;-1.00%;-1.39%;0.20%;0.29%;0.20%;0.00%;0.15%;-0.56%
30-04-09;-1.22%;-0.05%;-0.10%;0.21%;1.36%;-2.09%;-1.04%;-2.01%;0.00%;-2.09%;1.37%
01-05-09;0.00%;0.01%;0.01%;0.81%;2.65%;0.00%;1.40%;0.50%;0.00%;0.00%;0.00%
02-05-09;0.00%;0.00%;0.00%;0.36%;0.02%;-0.02%;0.32%;0.19%;0.00%;0.00%;0.00%
03-05-09;0.00%;0.00%;0.00%;0.00%;0.00%;0.00%;0.00%;0.00%;0.00%;0.00%;0.00%
04-05-09;2.43%;-0.22%;-0.18%;-1.46%;-1.46%;-1.46%;-1.46%;-1.46%;0.00%;-1.46%;0.80%
05-05-09;0.47%;-0.48%;-0.10%;1.70%;4.48%;-1.08%;-0.60%;-0.91%;0.00%;-1.14%;1.77%
06-05-09;1.29%;-0.13%;0.08%;-0.70%;-0.34%;-0.72%;0.01%;-0.49%;0.00%;-0.82%;0.92%
07-05-09;0.38%;0.12%;-0.07%;1.76%;1.52%;0.45%;1.24%;1.56%;0.00%;0.40%;1.28%
08-05-09;2.62%;-0.06%;-0.02%;-1.24%;-0.74%;-1.40%;0.26%;-0.29%;0.00%;-1.18%;0.01%
09-05-09;0.00%;0.00%;0.00%;2.09%;1.43%;0.00%;0.68%;0.61%;0.00%;0.00%;0.00%
10-05-09;0.00%;0.00%;0.00%;0.00%;0.00%;0.00%;0.00%;0.00%;0.00%;0.00%;0.00%
11-05-09;0.63%;-0.61%;-0.49%;-0.34%;-0.34%;-0.34%;-0.34%;-0.34%;0.00%;-0.34%;1.22%
12-05-09;0.31%;-0.65%;-0.04%;0.01%;0.84%;1.34%;1.26%;1.15%;0.00%;1.05%;0.11%
13-05-09;-0.86%;0.05%;0.15%;-0.23%;-0.38%;-0.07%;-0.13%;-0.28%;0.00%;-0.06%;-0.18%
14-05-09;0.55%;0.14%;0.12%;-1.83%;-1.09%;0.67%;0.18%;0.45%;0.00%;0.48%;-0.93%
15-05-09;1.26%;-0.25%;-0.76%;-1.03%;-2.64%;-1.14%;-1.69%;-1.36%;0.00%;-1.17%;-0.66%
16-05-09;0.00%;0.00%;0.00%;-0.01%;1.22%;-0.05%;0.04%;-0.17%;0.00%;0.00%;0.00%
17-05-09;0.00%;0.00%;0.00%;0.00%;0.00%;0.00%;0.00%;0.00%;0.00%;0.00%;0.00%
18-05-09;2.63%;-0.19%;-0.05%;-0.69%;-0.69%;-0.69%;-0.69%;-0.69%;0.00%;-0.69%;0.12%
19-05-09;0.19%;-0.06%;0.07%;1.48%;2.66%;-0.19%;-0.18%;-0.17%;0.00%;-0.22%;1.79%
20-05-09;0.09%;-0.24%;-0.25%;1.31%;2.47%;-0.01%;0.81%;0.36%;0.00%;0.08%;1.35%
21-05-09;0.00%;0.00%;0.00%;0.54%;1.26%;-0.01%;1.00%;0.52%;0.00%;-0.11%;0.00%
22-05-09;0.32%;-0.17%;0.09%;-1.67%;-2.02%;-0.14%;0.28%;0.39%;0.00%;0.00%;0.06%
23-05-09;0.00%;0.00%;0.00%;0.39%;0.74%;-0.22%;0.48%;-0.06%;0.00%;0.00%;0.00%
24-05-09;0.00%;0.00%;0.00%;0.00%;0.00%;0.00%;0.00%;0.00%;0.00%;0.00%;0.00%
25-05-09;1.21%;0.10%;0.11%;0.46%;0.46%;0.46%;0.46%;0.46%;0.00%;0.46%;-0.01%
26-05-09;0.76%;-0.05%;0.01%;0.30%;0.32%;0.14%;0.15%;0.15%;0.00%;0.15%;0.33%
27-05-09;-2.07%;-0.28%;-0.22%;1.99%;-0.62%;0.24%;0.54%;0.39%;0.00%;0.34%;0.42%
28-05-09;1.17%;-0.28%;-0.10%;-0.40%;2.19%;-0.09%;0.51%;0.34%;0.00%;0.22%;0.52%
29-05-09;0.55%;-0.10%;-0.64%;0.13%;0.83%;-0.22%;0.13%;-0.10%;0.00%;-0.17%;0.25%
30-05-09;0.00%;0.00%;0.00%;1.57%;1.48%;0.49%;0.62%;0.01%;0.00%;0.00%;0.00%
31-05-09;0.00%;0.00%;0.00%;0.00%;0.00%;-0.01%;0.00%;0.00%;0.00%;0.00%;0.00%
01-06-09;2.47%;0.15%;0.09%;-0.72%;-0.72%;-0.73%;-0.72%;-0.72%;0.00%;-0.72%;1.08%
02-06-09;0.42%;0.11%;0.18%;2.50%;3.71%;-0.36%;0.72%;0.15%;0.00%;0.01%;1.42%
03-06-09;-0.54%;0.33%;0.23%;0.91%;-0.48%;0.45%;1.29%;0.85%;0.00%;0.34%;1.13%
04-06-09;0.43%;0.11%;0.10%;-1.12%;-0.88%;0.86%;0.93%;1.04%;0.00%;0.56%;-0.68%
05-06-09;0.96%;-0.19%;0.01%;0.40%;-0.22%;-0.25%;0.23%;0.15%;0.00%;0.08%;0.08%
06-06-09;0.00%;0.00%;0.00%;-0.38%;0.67%;-0.44%;-0.01%;-0.08%;0.00%;0.00%;0.00%
07-06-09;0.00%;0.00%;0.00%;0.00%;0.00%;0.00%;0.00%;0.00%;0.00%;0.00%;0.00%
08-06-09;-0.22%;0.04%;0.17%;-0.06%;-0.06%;-0.06%;-0.06%;-0.06%;0.00%;-0.06%;0.23%
09-06-09;0.40%;0.18%;0.20%;-0.20%;-1.37%;0.48%;0.63%;0.55%;0.00%;0.52%;-0.59%
10-06-09;0.88%;0.24%;0.04%;0.33%;-0.57%;-0.27%;0.00%;-0.45%;0.00%;-0.43%;0.11%
11-06-09;0.39%;0.26%;0.08%;0.39%;2.19%;-0.28%;0.22%;-0.05%;0.00%;-0.11%;0.83%
12-06-09;-0.12%;0.17%;0.11%;0.71%;0.01%;-0.22%;0.17%;-0.04%;0.00%;-0.24%;0.56%
13-06-09;0.00%;0.00%;0.00%;-0.25%;-0.10%;0.26%;0.18%;0.06%;0.00%;0.00%;0.00%
14-06-09;0.00%;0.00%;0.00%;0.00%;0.00%;0.00%;0.00%;0.00%;0.00%;0.00%;0.00%
15-06-09;-0.48%;-0.02%;0.49%;-0.38%;-0.38%;-0.39%;-0.38%;-0.38%;0.00%;-0.38%;-0.19%
16-06-09;-1.04%;0.16%;-0.01%;-2.08%;-2.04%;0.87%;0.67%;0.86%;0.00%;0.55%;-1.26%
17-06-09;-2.34%;0.21%;0.11%;-3.04%;-2.84%;-2.06%;-2.20%;-2.15%;0.00%;-2.16%;-1.14%
18-06-09;0.36%;-0.07%;-0.12%;-1.36%;-2.61%;-0.38%;-1.24%;-0.67%;0.00%;-0.57%;-1.30%
19-06-09;0.45%;-0.12%;0.11%;-1.23%;-2.53%;-2.23%;-2.43%;-2.31%;0.00%;-1.87%;-0.71%
20-06-09;0.00%;0.00%;0.00%;0.66%;0.91%;0.20%;0.05%;-0.26%;0.00%;0.00%;0.00%
21-06-09;0.00%;0.00%;0.00%;0.00%;0.00%;-0.01%;0.00%;0.00%;0.00%;0.00%;0.00%
22-06-09;-2.22%;-0.05%;-0.21%;-0.63%;-0.63%;-0.64%;-0.63%;-0.63%;0.00%;-0.63%;0.64%
23-06-09;-0.86%;-0.20%;0.03%;-3.05%;-2.25%;-0.14%;-0.58%;-0.37%;0.00%;-0.37%;-1.45%
24-06-09;-0.10%;-0.17%;-0.03%;-0.21%;-1.86%;-0.03%;-0.32%;-0.41%;0.00%;-0.12%;-0.71%
25-06-09;1.23%;-0.06%;-0.01%;1.15%;2.26%;-0.19%;-0.23%;-0.44%;0.00%;-0.21%;0.55%
26-06-09;0.86%;-0.02%;-0.04%;0.54%;0.99%;0.11%;-0.05%;0.12%;0.00%;-0.14%;0.86%
27-06-09;0.00%;0.00%;0.00%;0.66%;1.55%;0.13%;0.32%;0.27%;0.00%;0.00%;0.00%
28-06-09;0.00%;0.00%;0.00%;0.00%;0.00%;-0.01%;0.00%;0.00%;0.00%;0.00%;0.00%
29-06-09;0.00%;0.00%;0.00%;0.00%;0.00%;0.00%;0.00%;0.00%;0.00%;0.00%;0.00%
30-06-09;-0.37%;0.01%;0.10%;0.19%;-0.17%;-0.44%;-0.30%;-0.12%;2.79%;-0.54%;0.90%
01-07-09;0.37%;0.15%;0.01%;-0.19%;0.07%;0.51%;0.82%;0.90%;0.00%;12.19%;0.00%
02-07-09;-0.09%;0.25%;0.05%;1.53%;2.16%;0.60%;0.96%;0.75%;0.00%;0.61%;0.70%
03-07-09;0.32%;0.28%;-0.09%;-1.02%;0.70%;1.84%;1.64%;1.84%;0.00%;1.59%;-0.53%
04-07-09;0.00%;0.00%;0.00%;-0.09%;0.03%;0.03%;-0.03%;0.00%;0.00%;0.00%;0.00%
05-07-09;0.00%;0.00%;0.00%;0.00%;0.00%;0.00%;0.00%;0.00%;0.00%;0.00%;0.00%
06-07-09;-0.06%;0.21%;0.28%;-0.41%;-0.41%;-0.41%;-0.41%;-0.41%;0.00%;-0.41%;-0.21%
07-07-09;-0.52%;0.03%;0.15%;-0.82%;-2.11%;-0.06%;-0.30%;-0.14%;0.00%;-0.19%;-0.49%
08-07-09;-0.75%;-0.05%;-0.02%;-1.16%;-0.06%;0.05%;0.14%;0.01%;0.00%;0.01%;-0.55%
09-07-09;0.57%;-0.17%;0.04%;0.11%;-0.48%;1.35%;0.79%;1.04%;0.00%;1.04%;-0.61%
10-07-09;-0.12%;0.11%;0.17%;0.89%;0.64%;0.07%;0.36%;0.22%;0.00%;0.29%;0.46%
11-07-09;0.00%;0.00%;0.00%;-0.56%;-0.77%;0.27%;-0.10%;0.07%;0.00%;0.00%;0.00%
12-07-09;0.00%;0.00%;0.00%;0.00%;0.00%;0.00%;0.00%;0.00%;0.00%;0.00%;0.00%
13-07-09;1.12%;0.17%;0.20%;0.74%;0.74%;0.74%;0.74%;0.74%;0.00%;0.74%;-0.33%
14-07-09;0.67%;0.11%;0.14%;0.90%;-2.31%;-0.53%;-0.54%;-0.44%;0.00%;-0.55%;0.23%
15-07-09;1.50%;0.05%;0.22%;1.10%;2.23%;-0.30%;0.10%;0.03%;0.00%;-0.06%;1.12%
16-07-09;0.00%;0.01%;0.01%;2.77%;3.59%;-0.27%;0.47%;0.18%;0.00%;0.00%;0.00%
17-07-09;0.04%;-0.05%;-0.06%;-0.44%;-0.33%;-1.16%;-1.17%;-1.16%;0.00%;-1.29%;2.18%
18-07-09;0.00%;0.00%;0.00%;0.20%;1.20%;-0.11%;0.34%;0.09%;0.00%;0.00%;0.00%
19-07-09;0.00%;0.00%;0.00%;0.00%;0.00%;-0.01%;0.00%;0.00%;0.00%;0.00%;0.00%
20-07-09;0.92%;-0.15%;0.09%;-1.70%;-1.70%;-1.71%;-1.70%;-1.70%;0.00%;-1.70%;0.17%
21-07-09;0.05%;-0.09%;-0.16%;1.17%;2.91%;0.00%;0.47%;0.13%;0.00%;-0.16%;1.41%
22-07-09;-0.49%;-0.01%;-0.05%;1.15%;0.68%;0.48%;0.79%;0.62%;0.00%;0.24%;0.36%
23-07-09;0.29%;0.03%;0.05%;0.25%;-0.29%;0.08%;0.47%;0.43%;0.00%;0.19%;-0.14%
24-07-09;0.28%;-0.07%;-0.07%;2.01%;2.02%;-0.22%;0.65%;0.34%;0.00%;0.10%;1.05%
25-07-09;0.00%;0.00%;0.00%;0.27%;0.21%;0.09%;0.44%;0.30%;0.00%;0.00%;0.00%
26-07-09;0.00%;0.00%;0.00%;0.00%;0.00%;-0.01%;0.00%;0.00%;0.00%;0.00%;0.00%
27-07-09;-0.40%;-0.20%;0.05%;0.76%;0.76%;0.76%;0.76%;0.76%;0.00%;0.76%;0.60%
28-07-09;-0.06%;0.00%;0.15%;0.95%;1.70%;0.48%;0.99%;0.69%;0.00%;0.49%;0.66%
29-07-09;-0.09%;0.22%;0.08%;0.32%;1.07%;0.91%;1.13%;1.01%;0.00%;0.71%;0.25%
30-07-09;0.25%;0.06%;0.00%;-0.67%;-1.92%;-0.16%;-0.01%;-0.12%;0.00%;-0.22%;-0.81%
31-07-09;-0.34%;0.04%;-0.19%;1.19%;1.06%;-0.20%;0.16%;-0.23%;0.00%;-0.30%;0.82%
01-08-09;0.00%;0.00%;0.00%;0.57%;1.26%;0.49%;0.62%;0.23%;0.00%;0.00%;0.00%
02-08-09;0.00%;0.00%;0.00%;0.00%;0.00%;0.00%;0.00%;0.00%;0.00%;0.00%;0.00%
03-08-09;1.13%;0.04%;0.41%;-0.11%;-0.11%;-0.12%;-0.11%;-0.11%;0.00%;-0.11%;0.64%
04-08-09;0.53%;-0.05%;0.08%;1.41%;1.89%;-0.83%;0.30%;-0.26%;0.00%;-0.57%;1.23%
05-08-09;0.36%;0.14%;0.07%;0.33%;-0.25%;0.16%;0.68%;0.85%;0.00%;0.22%;0.40%
06-08-09;-0.66%;0.09%;-0.24%;-0.15%;-0.41%;0.23%;0.66%;0.64%;0.00%;0.29%;-0.10%
07-08-09;0.14%;0.08%;0.04%;-0.09%;0.26%;0.21%;0.47%;0.42%;0.00%;0.13%;-0.40%
08-08-09;0.00%;0.00%;0.00%;0.37%;-0.30%;-0.29%;0.10%;0.01%;0.00%;0.00%;0.00%
09-08-09;0.00%;0.00%;0.00%;0.00%;0.00%;0.00%;0.00%;0.00%;0.00%;0.00%;0.00%
10-08-09;-0.10%;-0.05%;-0.01%;0.23%;0.23%;0.23%;0.23%;0.23%;0.00%;0.23%;-0.05%
11-08-09;-0.79%;-0.06%;-0.04%;0.34%;0.84%;0.87%;0.89%;0.73%;0.00%;0.62%;0.34%
12-08-09;0.51%;0.01%;-0.03%;-0.39%;-0.53%;0.78%;0.62%;0.67%;0.00%;0.62%;-0.42%
13-08-09;0.44%;0.03%;0.01%;0.31%;-1.14%;-0.56%;-0.89%;-0.75%;0.00%;-0.59%;-0.14%
14-08-09;0.30%;-0.08%;-0.14%;0.96%;1.61%;0.01%;-0.19%;-0.18%;0.00%;-0.21%;0.70%
15-08-09;0.00%;0.00%;0.00%;-0.66%;-0.33%;0.28%;-0.07%;0.14%;0.00%;0.00%;0.00%
16-08-09;0.00%;0.00%;0.00%;0.00%;0.00%;0.00%;0.00%;0.00%;0.00%;0.00%;0.00%
17-08-09;-0.80%;-0.05%;-0.22%;1.25%;1.25%;1.24%;1.25%;1.25%;0.00%;1.25%;0.01%
18-08-09;0.57%;-0.11%;-0.09%;-1.65%;-2.74%;1.35%;0.63%;1.24%;0.00%;1.17%;-1.83%
19-08-09;-0.64%;-0.16%;-0.05%;0.62%;0.24%;-0.54%;-0.55%;-0.64%;0.00%;-0.43%;0.34%
20-08-09;0.40%;0.01%;0.10%;-0.11%;-0.94%;-0.52%;-0.56%;-0.54%;0.00%;-0.66%;-0.14%
21-08-09;-0.24%;0.18%;0.09%;0.35%;0.89%;-0.79%;-0.79%;-0.63%;0.00%;-0.83%;0.51%
22-08-09;0.00%;0.00%;0.00%;1.63%;1.00%;-0.20%;0.14%;0.09%;0.00%;0.00%;0.00%
23-08-09;0.00%;0.00%;0.00%;0.00%;0.00%;-0.01%;0.00%;0.00%;0.00%;0.00%;0.00%
24-08-09;-0.52%;0.17%;0.02%;-0.84%;-0.84%;-0.84%;-0.84%;-0.84%;0.00%;-0.84%;0.48%
25-08-09;0.28%;0.04%;0.18%;1.23%;2.44%;0.68%;0.95%;1.07%;0.00%;0.56%;0.75%
26-08-09;0.03%;0.01%;-0.03%;0.21%;-0.42%;0.12%;0.10%;0.10%;0.00%;-0.06%;0.03%
27-08-09;-0.87%;0.03%;-0.03%;0.07%;-0.31%;0.51%;0.43%;0.49%;0.00%;0.43%;-0.17%
28-08-09;-0.05%;0.04%;0.03%;-0.07%;-0.93%;-0.02%;0.18%;0.06%;0.00%;0.00%;-0.19%
29-08-09;0.00%;0.00%;0.00%;0.78%;0.88%;0.02%;0.26%;0.01%;0.00%;0.00%;0.00%
30-08-09;0.00%;0.00%;0.00%;0.00%;0.00%;-0.01%;0.00%;0.00%;0.00%;0.00%;0.00%
31-08-09;-1.42%;-0.04%;0.17%;0.38%;0.38%;0.37%;0.38%;0.38%;0.00%;0.38%;0.08%
01-09-09;-1.11%;0.02%;-0.11%;-0.28%;-0.93%;0.62%;0.55%;0.54%;0.00%;0.49%;-0.62%
02-09-09;0.29%;0.07%;0.13%;-1.41%;0.67%;0.39%;0.28%;0.35%;0.00%;0.35%;-0.74%
03-09-09;1.14%;0.13%;0.10%;-0.27%;-0.88%;0.60%;0.41%;0.43%;0.00%;0.44%;-0.31%
04-09-09;0.33%;0.10%;0.18%;0.17%;0.86%;-0.43%;-0.16%;-0.24%;0.00%;-0.34%;0.62%
05-09-09;0.00%;0.00%;0.00%;1.05%;1.46%;-0.12%;0.05%;0.16%;0.00%;0.00%;0.00%
06-09-09;0.00%;0.00%;0.00%;0.00%;0.00%;-0.01%;0.00%;0.00%;0.00%;0.00%;0.00%
07-09-09;-0.27%;0.05%;0.18%;-0.62%;-0.62%;-0.63%;-0.62%;-0.62%;0.00%;-0.62%;1.11%
08-09-09;0.23%;-0.10%;-0.15%;0.65%;1.11%;-0.30%;-0.12%;-0.26%;0.00%;-0.26%;0.49%
09-09-09;0.10%;-0.13%;0.10%;1.39%;1.98%;0.17%;0.75%;0.56%;0.00%;0.17%;1.00%
10-09-09;0.70%;-0.10%;-0.01%;0.67%;-0.12%;-0.12%;0.31%;0.35%;0.00%;-0.04%;0.42%
11-09-09;0.39%;0.01%;0.12%;1.20%;1.26%;0.75%;0.92%;0.61%;0.00%;0.43%;0.65%
12-09-09;0.00%;0.00%;0.00%;0.41%;0.82%;0.19%;0.59%;0.36%;0.00%;0.00%;0.00%
13-09-09;0.00%;0.00%;0.00%;0.00%;0.00%;-0.01%;0.00%;0.00%;0.00%;0.00%;0.00%
14-09-09;-0.29%;-0.05%;-0.13%;-0.63%;-0.63%;-0.63%;-0.63%;-0.63%;0.00%;-0.63%;0.22%
15-09-09;-0.02%;0.01%;0.17%;0.16%;-0.80%;0.16%;0.77%;0.45%;0.00%;0.24%;-0.11%
16-09-09;0.89%;-0.01%;-0.13%;0.05%;0.97%;-0.17%;0.60%;0.46%;0.00%;-0.09%;0.53%
17-09-09;0.59%;0.04%;0.05%;0.60%;1.13%;-1.08%;-0.04%;-0.26%;0.00%;-1.03%;0.87%
18-09-09;0.00%;0.00%;0.00%;0.35%;0.69%;0.06%;0.51%;0.87%;0.00%;0.00%;0.00%
19-09-09;0.00%;0.00%;0.00%;-0.25%;-0.11%;-0.12%;0.08%;0.17%;0.00%;0.00%;0.00%
20-09-09;0.00%;0.00%;0.00%;0.00%;0.00%;-0.01%;0.00%;0.00%;0.00%;0.00%;0.00%
21-09-09;0.02%;0.07%;0.13%;0.04%;0.04%;0.04%;0.04%;0.04%;0.00%;0.04%;0.42%
22-09-09;0.00%;0.10%;0.18%;-1.01%;-1.16%;-0.27%;-0.25%;-0.24%;0.00%;-0.27%;-0.48%
23-09-09;0.57%;0.21%;0.23%;0.36%;0.53%;-0.70%;-0.25%;-0.73%;0.00%;-0.74%;0.37%
24-09-09;0.01%;0.07%;0.40%;-0.62%;-0.55%;-0.03%;0.19%;-0.10%;0.00%;-0.14%;-0.04%
25-09-09;-0.01%;-0.12%;0.08%;-1.09%;-0.91%;0.43%;0.31%;0.34%;0.00%;0.23%;-0.63%
26-09-09;0.00%;0.00%;0.00%;-0.61%;0.00%;0.12%;-0.04%;-0.07%;0.00%;0.00%;0.00%
27-09-09;0.00%;0.00%;0.00%;0.00%;0.00%;-0.01%;0.00%;0.00%;0.00%;0.00%;0.00%
28-09-09;1.01%;-0.09%;0.23%;0.68%;0.68%;0.67%;0.68%;0.68%;0.00%;0.68%;-0.13%
29-09-09;0.50%;-0.17%;-0.31%;1.24%;-0.24%;0.24%;0.13%;0.00%;0.00%;0.14%;0.44%
30-09-09;0.13%;-0.04%;0.06%;-0.06%;1.07%;0.12%;0.13%;0.16%;7.63%;0.12%;0.49%
01-10-09;-0.48%;0.06%;0.39%;0.91%;0.88%;0.74%;0.83%;1.04%;0.00%;10.95%;0.48%
02-10-09;-0.03%;0.12%;0.06%;-1.70%;0.25%;0.73%;0.40%;0.81%;0.00%;0.53%;-0.59%
03-10-09;0.00%;0.00%;0.00%;-1.20%;-1.09%;0.05%;-0.32%;-0.07%;0.00%;0.00%;0.00%
04-10-09;0.00%;0.00%;0.00%;0.00%;0.00%;-0.01%;0.00%;0.00%;0.00%;0.00%;0.00%
05-10-09;1.00%;0.04%;0.06%;0.74%;0.74%;0.73%;0.74%;0.74%;0.00%;0.74%;-0.37%
06-10-09;0.61%;-0.07%;-0.05%;0.73%;0.39%;-0.18%;0.05%;-0.04%;0.00%;-0.23%;0.78%
07-10-09;0.34%;0.08%;0.19%;1.62%;1.69%;-0.42%;0.12%;0.32%;0.00%;-0.38%;1.20%
08-10-09;-0.11%;0.09%;0.02%;0.06%;0.24%;0.09%;0.04%;0.39%;0.00%;-0.08%;0.40%
09-10-09;0.83%;-0.03%;-0.20%;0.75%;0.63%;-0.63%;-0.25%;-0.45%;0.00%;-0.55%;0.64%
10-10-09;0.00%;0.00%;0.00%;0.20%;0.68%;-0.36%;0.10%;0.45%;0.00%;0.00%;0.00%
11-10-09;0.00%;0.00%;0.00%;0.00%;0.00%;0.00%;0.00%;0.00%;0.00%;0.00%;0.00%
12-10-09;0.00%;0.05%;0.06%;0.00%;0.00%;0.00%;0.00%;0.00%;0.00%;0.00%;0.00%
13-10-09;0.57%;-0.03%;-0.03%;1.24%;1.16%;0.76%;0.77%;0.70%;0.00%;0.70%;0.90%
14-10-09;-0.41%;-0.13%;0.25%;-0.29%;0.11%;0.18%;0.23%;0.21%;0.00%;0.04%;0.30%
15-10-09;-0.65%;-0.11%;0.20%;1.38%;1.80%;-0.61%;-0.07%;-0.45%;0.00%;-0.39%;1.23%
16-10-09;0.29%;-0.08%;-0.17%;-0.24%;-0.21%;-0.80%;-0.35%;-0.51%;0.00%;-0.59%;-0.06%
17-10-09;0.00%;0.00%;0.00%;-0.89%;-1.00%;0.05%;0.08%;-0.04%;0.00%;0.00%;0.00%
18-10-09;0.00%;0.00%;0.00%;0.00%;0.00%;-0.01%;0.00%;0.00%;0.00%;0.00%;0.00%
19-10-09;0.18%;0.08%;0.27%;-0.29%;-0.29%;-0.30%;-0.29%;-0.29%;0.00%;-0.29%;-0.53%
20-10-09;-0.32%;0.11%;0.13%;0.99%;0.91%;-0.20%;-0.06%;-0.52%;0.00%;-0.25%;0.52%
21-10-09;-0.63%;0.06%;0.04%;-1.06%;-1.16%;-0.47%;-0.41%;-0.57%;0.00%;-0.66%;-0.63%
22-10-09;-0.24%;0.00%;0.11%;-0.22%;-0.42%;-0.26%;0.13%;-0.04%;0.00%;-0.01%;-0.28%
23-10-09;0.24%;-0.03%;-0.01%;-1.07%;-1.78%;-1.08%;-0.99%;-1.18%;0.00%;-1.08%;-0.52%
24-10-09;0.00%;0.00%;0.00%;-0.87%;0.67%;-0.10%;0.00%;-0.29%;0.00%;0.00%;0.00%
25-10-09;0.00%;0.00%;0.00%;0.00%;0.00%;-0.01%;0.00%;0.00%;0.00%;0.00%;0.00%
26-10-09;-0.36%;0.02%;0.19%;-0.90%;-0.90%;-0.91%;-0.90%;-0.90%;0.00%;-0.90%;-0.16%
27-10-09;-0.81%;-0.14%;-0.10%;-1.01%;0.02%;0.07%;0.27%;0.08%;0.00%;0.18%;-0.37%
28-10-09;-1.35%;-0.19%;-0.10%;-0.75%;-2.04%;0.28%;-0.16%;-0.32%;0.00%;-0.01%;-1.08%
29-10-09;1.26%;-0.02%;0.14%;-2.32%;-3.57%;-0.21%;-0.60%;-0.63%;0.00%;-0.32%;-2.18%
30-10-09;-1.36%;-0.01%;-0.35%;1.80%;0.62%;-0.10%;-0.09%;-0.45%;0.00%;0.11%;0.50%
31-10-09;0.00%;0.00%;0.00%;-1.94%;-0.77%;0.30%;0.03%;0.17%;0.00%;0.00%;0.00%
01-11-09;0.00%;0.00%;0.00%;0.00%;0.00%;-0.01%;0.00%;0.00%;0.00%;0.00%;0.00%
02-11-09;-0.76%;-0.11%;-0.09%;0.02%;0.02%;0.01%;0.02%;0.02%;0.00%;0.02%;-0.66%
03-11-09;0.05%;-0.18%;0.07%;-0.28%;-0.89%;-0.58%;-0.49%;-0.47%;0.00%;-0.55%;-0.39%
04-11-09;1.43%;0.01%;-0.14%;0.02%;-0.35%;0.36%;0.18%;0.37%;0.00%;0.49%;-0.33%
05-11-09;0.06%;0.08%;0.27%;0.35%;1.79%;-0.89%;-0.49%;-0.93%;0.00%;-0.69%;1.23%
06-11-09;0.31%;0.14%;0.14%;0.45%;-0.29%;-0.73%;-0.57%;-0.73%;0.00%;-0.72%;0.53%
07-11-09;0.00%;0.00%;0.00%;0.34%;0.67%;0.06%;0.07%;0.13%;0.00%;0.00%;0.00%
08-11-09;0.00%;0.00%;0.00%;0.00%;0.00%;0.00%;0.00%;0.00%;0.00%;0.00%;0.00%
09-11-09;0.89%;0.24%;0.26%;-0.44%;-0.44%;-0.44%;-0.44%;-0.44%;0.00%;-0.44%;0.34%
10-11-09;-0.28%;-0.10%;-0.15%;1.07%;1.29%;-1.05%;-0.81%;-1.00%;0.00%;-1.18%;1.24%
11-11-09;-0.42%;-0.22%;-0.47%;-1.26%;-0.84%;-1.09%;-1.05%;-0.86%;0.00%;-1.20%;-0.18%
12-11-09;-0.80%;-0.22%;0.00%;-0.21%;0.24%;-0.64%;-0.65%;-0.69%;0.00%;-0.69%;0.06%
13-11-09;-0.18%;-0.12%;-0.17%;-0.40%;-0.93%;0.52%;0.45%;0.82%;0.00%;0.43%;-0.70%
14-11-09;0.00%;0.00%;0.00%;0.52%;0.38%;0.03%;0.06%;0.06%;0.00%;0.00%;0.00%
15-11-09;0.00%;0.00%;0.00%;0.00%;0.00%;0.00%;0.00%;0.00%;0.00%;0.00%;0.00%
16-11-09;-0.29%;-0.10%;-0.59%;-0.81%;-0.81%;-0.82%;-0.81%;-0.81%;0.00%;-0.81%;-0.07%
17-11-09;-1.04%;-0.21%;-0.07%;0.19%;0.76%;-1.04%;-1.03%;-1.12%;0.00%;-1.29%;0.71%
18-11-09;-0.78%;-0.13%;-0.09%;-1.21%;-0.92%;-0.57%;-0.76%;-0.54%;0.00%;-0.72%;-0.40%
19-11-09;0.27%;0.11%;0.05%;-0.41%;-0.47%;-0.68%;-0.36%;-0.37%;0.00%;-0.61%;-0.34%
20-11-09;0.60%;0.13%;0.25%;-0.25%;0.07%;1.50%;1.30%;1.65%;0.00%;1.44%;-0.50%
21-11-09;0.00%;0.00%;0.00%;-0.54%;-0.35%;-0.04%;-0.02%;0.04%;0.00%;0.00%;0.00%
22-11-09;0.00%;0.00%;0.00%;0.00%;0.00%;-0.01%;0.00%;0.00%;0.00%;0.00%;0.00%
23-11-09;-0.51%;-0.11%;-0.10%;1.07%;1.07%;1.07%;1.07%;1.07%;0.00%;1.07%;0.11%
24-11-09;-0.50%;-0.24%;-0.23%;-0.07%;-0.57%;-1.82%;-1.62%;-1.87%;0.00%;-1.82%;0.29%
25-11-09;0.14%;-0.05%;0.06%;-0.74%;-0.77%;-0.11%;-0.24%;-0.20%;0.00%;-0.25%;-0.50%
26-11-09;-1.83%;-0.08%;-0.07%;0.73%;0.48%;-0.20%;-0.03%;0.03%;0.00%;-0.19%;0.54%
27-11-09;0.96%;0.05%;0.07%;-1.13%;-1.90%;0.35%;0.14%;0.23%;0.00%;0.23%;-0.74%
28-11-09;0.00%;0.00%;0.00%;-0.89%;-1.79%;0.10%;-0.07%;0.15%;0.00%;0.00%;0.00%
29-11-09;0.00%;0.00%;0.00%;0.00%;0.00%;-0.01%;0.00%;0.00%;0.00%;0.00%;0.00%
30-11-09;0.85%;0.01%;-0.38%;0.48%;0.48%;0.46%;0.48%;0.48%;0.00%;0.48%;-1.09%
01-12-09;1.62%;-0.08%;0.06%;0.19%;1.08%;-0.13%;-0.43%;-0.60%;0.00%;-0.21%;0.52%
02-12-09;0.49%;0.08%;0.16%;2.17%;2.29%;0.19%;0.45%;0.20%;0.00%;0.19%;1.61%
03-12-09;-0.38%;-0.04%;-0.19%;0.91%;1.59%;0.64%;0.83%;0.68%;0.00%;0.74%;0.91%
04-12-09;0.49%;0.10%;0.08%;0.35%;1.10%;0.49%;0.79%;0.65%;0.00%;0.63%;0.44%
05-12-09;0.00%;0.00%;0.00%;-0.14%;-0.28%;-0.28%;-0.08%;-0.04%;0.00%;0.00%;0.00%
06-12-09;0.00%;0.00%;0.00%;0.00%;0.00%;-0.01%;0.00%;0.00%;0.00%;0.00%;0.00%
07-12-09;-0.49%;-0.03%;0.15%;-0.17%;-0.17%;-0.18%;-0.17%;-0.17%;0.00%;-0.17%;-0.20%
08-12-09;0.00%;0.00%;0.00%;-0.30%;-0.26%;0.16%;0.16%;0.06%;0.00%;0.00%;0.00%
09-12-09;-0.19%;-0.11%;-0.30%;-0.98%;-0.92%;0.37%;0.23%;0.34%;0.00%;0.22%;-0.74%
10-12-09;0.89%;-0.12%;-0.35%;-0.08%;-0.56%;0.08%;0.24%;0.01%;0.00%;0.13%;-0.59%
11-12-09;1.81%;-0.20%;-0.15%;-1.08%;-1.26%;-1.72%;-1.48%;-1.68%;0.00%;-1.53%;-0.21%
12-12-09;0.00%;0.00%;0.00%;0.13%;0.78%;-0.11%;0.00%;0.00%;0.00%;0.00%;0.00%
13-12-09;0.00%;0.00%;0.00%;0.00%;0.00%;-0.01%;0.00%;0.00%;0.00%;0.00%;0.00%
14-12-09;0.67%;-0.06%;-0.05%;-0.08%;-0.08%;-0.09%;-0.08%;-0.08%;0.00%;-0.08%;0.56%
15-12-09;0.17%;0.02%;-0.22%;1.13%;0.99%;0.36%;0.68%;0.65%;0.00%;0.32%;0.69%
16-12-09;0.27%;0.14%;0.32%;-0.27%;-0.10%;0.18%;0.41%;0.34%;0.00%;0.33%;-0.15%
17-12-09;0.00%;0.22%;0.16%;0.61%;-0.23%;0.06%;0.20%;0.01%;0.00%;-0.07%;0.11%
18-12-09;0.41%;0.20%;0.05%;-1.33%;-1.48%;0.71%;0.30%;0.42%;0.00%;0.43%;-1.11%
19-12-09;0.00%;0.00%;0.00%;-0.11%;-0.49%;-0.02%;-0.02%;-0.06%;0.00%;0.00%;0.00%
20-12-09;0.00%;0.00%;0.00%;0.00%;0.00%;-0.01%;0.00%;0.00%;0.00%;0.00%;0.00%
21-12-09;0.40%;-0.05%;0.10%;0.40%;0.40%;0.40%;0.40%;0.40%;0.00%;0.40%;-0.14%
22-12-09;-0.10%;0.07%;0.09%;1.28%;-0.12%;-0.01%;0.33%;0.13%;0.00%;0.27%;0.34%
23-12-09;0.22%;0.15%;0.12%;0.95%;1.44%;0.45%;0.67%;0.78%;0.00%;0.64%;0.42%
24-12-09;0.31%;0.08%;0.14%;0.92%;1.40%;0.23%;0.50%;0.29%;0.00%;0.31%;0.72%
25-12-09;0.00%;0.00%;0.00%;0.50%;0.98%;-0.11%;0.03%;-0.05%;0.00%;0.00%;0.00%
26-12-09;0.00%;0.00%;0.00%;-0.05%;0.03%;0.00%;0.00%;0.00%;0.00%;0.00%;0.00%
27-12-09;0.00%;0.00%;0.00%;0.00%;0.00%;0.00%;0.00%;0.00%;0.00%;0.00%;0.00%
28-12-09;0.29%;0.03%;-0.07%;-0.42%;-0.42%;-0.42%;-0.42%;-0.42%;0.00%;-0.42%;0.22%
29-12-09;0.48%;-0.05%;0.05%;0.35%;0.64%;-0.16%;0.02%;-0.09%;0.00%;-0.07%;0.50%
30-12-09;0.51%;-0.11%;0.36%;0.18%;-0.02%;0.01%;0.20%;0.10%;0.00%;0.03%;0.25%
31-12-09;0.00%;0.00%;0.21%;-0.43%;0.14%;0.16%;0.12%;0.20%;6.60%;0.13%;0.17%
01-01-10;0.00%;0.00%;0.00%;-0.24%;0.90%;-0.05%;0.14%;-0.01%;0.00%;4.93%;0.00%
02-01-10;0.00%;0.00%;0.00%;0.00%;0.00%;0.00%;0.00%;0.00%;0.00%;0.00%;0.00%
03-01-10;0.00%;0.00%;0.00%;0.00%;0.00%;0.00%;0.00%;0.00%;0.00%;0.00%;0.00%
04-01-10;0.90%;0.08%;0.11%;0.00%;0.00%;0.00%;0.00%;0.00%;0.00%;0.00%;0.12%
05-01-10;0.09%;0.16%;0.07%;1.50%;1.24%;-0.18%;0.21%;-0.08%;0.00%;-0.28%;1.25%
06-01-10;0.41%;0.27%;0.05%;0.00%;0.77%;-0.10%;0.17%;0.06%;0.00%;-0.29%;0.70%
07-01-10;0.93%;0.15%;0.23%;-1.19%;-0.62%;-1.35%;-0.79%;-0.87%;0.00%;-1.26%;0.02%
08-01-10;1.00%;-0.06%;-0.15%;-0.73%;-1.40%;-0.66%;-0.30%;-0.62%;0.00%;-0.68%;-0.32%
09-01-10;0.00%;0.00%;0.00%;0.45%;0.20%;0.06%;0.20%;0.17%;0.00%;0.00%;0.00%
10-01-10;0.00%;0.00%;0.00%;0.00%;0.00%;-0.01%;0.00%;0.00%;0.00%;0.00%;0.00%
11-01-10;0.41%;-0.10%;-0.10%;-0.44%;-0.44%;-0.44%;-0.44%;-0.44%;0.00%;-0.44%;0.31%
12-01-10;-0.07%;-0.01%;0.04%;0.15%;0.55%;-0.49%;-0.02%;-0.17%;0.00%;-0.59%;0.28%
13-01-10;0.48%;-0.26%;0.03%;-0.31%;-0.33%;0.57%;0.42%;0.51%;0.00%;0.34%;-0.52%
14-01-10;0.67%;-0.13%;0.01%;-0.04%;-1.13%;-0.33%;-0.27%;-0.17%;0.00%;-0.23%;-0.10%
15-01-10;-0.59%;0.04%;0.05%;1.14%;0.73%;0.69%;0.54%;0.34%;0.00%;0.61%;0.40%
16-01-10;0.00%;0.00%;0.00%;-1.02%;-0.24%;0.17%;-0.14%;-0.07%;0.00%;0.00%;0.00%
17-01-10;0.00%;0.00%;0.00%;0.00%;0.00%;0.00%;0.00%;0.00%;0.00%;0.00%;0.00%
18-01-10;1.04%;-0.05%;-0.08%;-0.02%;-0.02%;-0.02%;-0.02%;-0.02%;0.00%;-0.02%;-0.65%
19-01-10;0.24%;-0.03%;0.09%;-0.19%;-0.23%;-0.37%;-0.39%;-0.41%;0.00%;-0.41%;0.06%
20-01-10;0.08%;0.07%;0.07%;0.69%;0.35%;0.16%;0.18%;0.25%;0.00%;0.27%;0.42%
21-01-10;-0.69%;0.09%;0.03%;-0.96%;-0.98%;0.69%;0.42%;0.66%;0.00%;0.61%;-0.79%
22-01-10;-0.11%;0.13%;0.01%;-0.78%;-0.93%;0.83%;0.53%;0.68%;0.00%;0.71%;-0.98%
23-01-10;0.00%;0.00%;0.00%;-1.47%;-1.78%;0.00%;-0.31%;-0.22%;0.00%;0.00%;0.00%
24-01-10;0.00%;0.00%;0.00%;0.00%;0.00%;0.00%;0.00%;0.00%;0.00%;0.00%;0.00%
25-01-10;0.59%;-0.12%;0.02%;1.51%;1.51%;1.51%;1.51%;1.51%;0.00%;1.51%;-0.99%
26-01-10;0.14%;-0.01%;0.06%;0.02%;-0.40%;0.09%;-0.07%;0.05%;0.00%;0.10%;0.09%
27-01-10;-0.55%;0.07%;0.11%;0.55%;-1.18%;1.09%;0.84%;0.91%;0.00%;1.03%;-0.68%
28-01-10;-0.16%;0.09%;0.11%;1.39%;0.66%;1.61%;1.63%;1.60%;0.00%;1.66%;0.02%
29-01-10;0.82%;-0.15%;-0.12%;1.05%;3.32%;2.01%;2.03%;2.06%;0.00%;2.10%;0.55%
30-01-10;0.00%;0.00%;0.00%;-0.78%;-0.67%;0.15%;-0.10%;-0.21%;0.00%;0.00%;0.00%
31-01-10;0.00%;0.00%;0.00%;0.00%;0.00%;0.00%;0.00%;0.00%;0.00%;0.00%;0.00%
01-02-10;0.54%;0.03%;0.04%;-1.64%;-1.64%;-1.64%;-1.64%;-1.64%;0.00%;-1.64%;-0.83%
02-02-10;0.52%;0.04%;0.00%;1.90%;1.09%;0.99%;0.89%;0.93%;0.00%;1.02%;0.91%
03-02-10;0.04%;0.06%;0.10%;1.40%;0.71%;0.03%;0.19%;0.09%;0.00%;0.02%;0.80%
04-02-10;-1.64%;0.15%;0.14%;0.80%;2.56%;1.18%;1.42%;1.40%;0.00%;1.30%;0.87%
05-02-10;-1.77%;0.20%;0.01%;-0.92%;-0.78%;2.14%;1.72%;2.14%;0.00%;1.97%;-1.55%
06-02-10;0.00%;0.00%;0.00%;-0.99%;-3.14%;0.15%;-0.72%;-0.46%;0.00%;0.00%;0.00%
07-02-10;0.00%;0.00%;0.00%;0.00%;0.00%;0.00%;0.00%;0.00%;0.00%;0.00%;0.00%
08-02-10;0.86%;0.12%;0.12%;-0.52%;-0.52%;-0.52%;-0.52%;-0.52%;0.00%;-0.52%;-2.13%
09-02-10;0.62%;0.08%;0.04%;-0.61%;-0.77%;-0.47%;-0.57%;-0.73%;0.00%;-0.36%;-0.43%
10-02-10;-0.10%;-0.03%;-0.01%;0.75%;1.59%;-0.07%;-0.19%;-0.05%;0.00%;-0.03%;1.30%
11-02-10;0.62%;0.03%;0.02%;-0.99%;-0.62%;-1.13%;-1.38%;-1.05%;0.00%;-1.04%;-0.14%
12-02-10;-0.17%;-0.02%;0.31%;0.23%;0.75%;-0.47%;-0.61%;-0.28%;0.00%;-0.39%;0.60%
13-02-10;0.00%;0.00%;0.00%;-0.08%;-0.12%;0.08%;-0.08%;0.26%;0.00%;0.00%;0.00%
14-02-10;0.00%;0.00%;0.00%;0.00%;0.00%;0.00%;0.00%;0.00%;0.00%;0.00%;0.00%
15-02-10;0.02%;-0.05%;0.17%;-0.74%;-0.74%;-0.75%;-0.74%;-0.74%;0.00%;-0.74%;-0.32%
16-02-10;1.17%;-0.05%;0.00%;-0.76%;-0.46%;-0.81%;-0.82%;-0.78%;0.00%;-0.78%;-0.13%
17-02-10;0.89%;0.13%;-0.08%;1.97%;1.24%;0.45%;0.62%;0.51%;0.00%;0.40%;1.20%
18-02-10;0.00%;0.13%;-0.03%;0.85%;1.38%;-0.04%;0.47%;0.00%;0.00%;0.04%;0.82%
19-02-10;-0.30%;0.04%;0.18%;1.32%;0.66%;0.74%;1.13%;0.92%;0.00%;0.86%;0.55%
20-02-10;0.00%;0.00%;0.00%;-0.39%;-1.04%;-0.05%;0.15%;0.05%;0.00%;0.00%;0.00%
21-02-10;0.00%;0.00%;0.00%;0.00%;0.00%;0.00%;0.00%;0.00%;0.00%;0.00%;0.00%
22-02-10;0.31%;0.09%;0.09%;0.15%;0.15%;0.15%;0.15%;0.15%;0.00%;0.15%;-0.15%
23-02-10;-0.73%;0.12%;0.26%;-0.28%;0.32%;-0.69%;-0.36%;-0.62%;0.00%;-0.76%;-0.01%
24-02-10;-0.05%;-0.03%;0.24%;-1.12%;-0.45%;0.17%;-0.15%;0.05%;0.00%;-0.13%;-0.86%
25-02-10;-0.56%;0.01%;-0.01%;0.84%;-0.33%;0.46%;0.48%;0.43%;0.00%;0.41%;0.17%
26-02-10;0.83%;0.09%;0.33%;-0.99%;-1.29%;-0.07%;-0.30%;-0.06%;0.00%;-0.18%;-0.82%
27-02-10;0.00%;0.00%;0.00%;0.83%;1.41%;0.16%;0.39%;0.42%;0.00%;0.00%;0.00%
28-02-10;0.00%;0.00%;0.00%;0.00%;0.00%;0.00%;0.00%;0.00%;0.00%;0.00%;0.00%
01-03-10;-1.07%;0.22%;-0.10%;-0.35%;-0.35%;-0.35%;-0.35%;-0.35%;0.00%;-0.35%;0.68%
02-03-10;-0.33%;0.27%;-0.18%;0.10%;0.73%;-0.57%;-0.46%;-0.11%;0.00%;-0.55%;0.48%
03-03-10;-1.24%;0.27%;-0.02%;0.13%;0.58%;-0.61%;-0.21%;-0.29%;0.00%;-0.66%;0.63%
04-03-10;0.75%;0.02%;0.08%;-0.39%;-0.38%;-1.11%;-0.76%;-0.91%;0.00%;-1.10%;-0.11%
05-03-10;1.00%;-0.06%;0.09%;-0.29%;-0.67%;-0.08%;-0.09%;-0.07%;0.00%;-0.15%;-0.29%
06-03-10;0.00%;0.00%;0.00%;1.28%;1.40%;-0.12%;0.24%;0.09%;0.00%;0.00%;0.00%
07-03-10;0.00%;0.00%;0.00%;0.00%;0.00%;0.00%;0.00%;0.00%;0.00%;0.00%;0.00%
08-03-10;0.22%;-0.02%;0.19%;-0.74%;-0.74%;-0.75%;-0.74%;-0.74%;0.00%;-0.74%;0.76%
09-03-10;-0.11%;-0.12%;-0.04%;-0.14%;0.65%;-0.52%;-0.06%;-0.23%;0.00%;-0.50%;0.31%
10-03-10;0.56%;-0.20%;-0.07%;0.76%;0.82%;0.92%;0.98%;1.14%;0.00%;0.81%;0.45%
11-03-10;0.07%;-0.10%;0.06%;1.01%;1.20%;0.42%;0.78%;0.69%;0.00%;0.46%;0.65%
12-03-10;0.31%;-0.17%;-0.20%;1.30%;0.73%;1.05%;1.15%;1.20%;0.00%;1.09%;0.52%
13-03-10;0.00%;0.00%;0.00%;0.40%;0.29%;0.03%;0.24%;0.23%;0.00%;0.00%;0.00%
14-03-10;0.00%;0.00%;0.00%;0.00%;0.00%;0.00%;0.00%;0.00%;0.00%;0.00%;0.00%
15-03-10;-0.67%;0.04%;0.01%;-0.86%;-0.86%;-0.87%;-0.86%;-0.86%;0.00%;-0.86%;-0.17%
16-03-10;0.60%;-0.03%;0.14%;-0.43%;-0.94%;0.10%;-0.02%;0.18%;0.00%;0.02%;-0.56%
17-03-10;-0.33%;0.02%;0.15%;2.03%;1.90%;1.18%;1.28%;1.21%;0.00%;1.04%;0.96%
18-03-10;0.10%;0.22%;0.15%;1.70%;2.39%;1.02%;1.15%;1.05%;0.00%;0.96%;1.06%
19-03-10;-0.79%;0.02%;-0.09%;-0.66%;-0.60%;-0.26%;-0.14%;-0.09%;0.00%;-0.18%;-0.44%
20-03-10;0.00%;0.00%;0.00%;-0.50%;-0.35%;-0.02%;-0.07%;0.01%;0.00%;0.00%;0.00%
21-03-10;0.00%;0.00%;0.00%;0.00%;0.00%;0.00%;0.00%;0.00%;0.00%;0.00%;0.00%
22-03-10;0.32%;0.02%;0.00%;0.35%;0.35%;0.35%;0.35%;0.35%;0.00%;0.35%;-0.41%
23-03-10;0.09%;0.09%;0.11%;1.26%;0.23%;1.13%;1.05%;1.10%;0.00%;1.03%;0.27%
24-03-10;-0.18%;0.11%;0.30%;0.74%;0.54%;0.18%;0.22%;0.22%;0.00%;0.12%;0.37%
25-03-10;-0.28%;-0.04%;-0.01%;-1.10%;-0.43%;-0.47%;-0.35%;-0.16%;0.00%;-0.22%;-0.42%
26-03-10;-0.20%;0.12%;0.18%;0.06%;-0.27%;-0.23%;-0.01%;-0.19%;0.00%;-0.07%;-0.24%
27-03-10;0.00%;0.00%;0.00%;0.15%;0.32%;0.07%;0.20%;0.10%;0.00%;0.00%;0.00%
28-03-10;0.00%;0.00%;0.00%;0.00%;0.00%;0.00%;0.00%;0.00%;0.00%;0.00%;0.00%
29-03-10;-0.05%;-0.01%;0.13%;0.14%;0.14%;0.13%;0.14%;0.14%;0.00%;0.14%;0.16%
30-03-10;0.41%;0.11%;-0.19%;0.53%;0.90%;-0.12%;0.05%;-0.26%;0.00%;-0.16%;0.72%
31-03-10;-0.02%;-0.08%;0.11%;-1.07%;-0.55%;-1.13%;-1.08%;-1.11%;3.35%;-1.12%;-0.05%
01-04-10;0.74%;0.11%;0.07%;-0.39%;-0.25%;-0.23%;-0.25%;-0.38%;0.00%;3.92%;-0.07%
02-04-10;0.00%;0.00%;0.00%;0.98%;1.69%;0.02%;0.11%;0.09%;0.00%;0.00%;0.00%
03-04-10;0.00%;0.00%;0.00%;0.05%;0.12%;-0.14%;-0.01%;-0.14%;0.00%;0.00%;0.00%
04-04-10;0.00%;0.00%;0.00%;0.00%;0.00%;0.00%;0.00%;0.00%;0.00%;0.00%;0.00%
05-04-10;0.61%;0.07%;-0.08%;-0.48%;-0.48%;-0.48%;-0.48%;-0.48%;0.00%;-0.48%;0.78%
06-04-10;0.53%;0.02%;0.26%;-0.09%;0.32%;-0.56%;-0.31%;-0.24%;0.00%;-0.47%;0.22%
07-04-10;-0.10%;-0.10%;-0.11%;0.16%;0.35%;0.00%;0.09%;0.19%;0.00%;0.09%;0.64%
08-04-10;-0.42%;-0.14%;-0.18%;-0.86%;-0.13%;-0.28%;-0.37%;-0.32%;0.00%;-0.49%;-0.23%
09-04-10;0.33%;-0.01%;0.21%;-0.24%;-0.71%;-0.05%;-0.06%;-0.14%;0.00%;-0.08%;-0.40%
10-04-10;0.00%;0.00%;0.00%;0.99%;0.74%;-0.04%;0.23%;0.04%;0.00%;0.00%;0.00%
11-04-10;0.00%;0.00%;0.00%;0.00%;0.00%;0.00%;0.00%;0.00%;0.00%;0.00%;0.00%
12-04-10;-0.28%;0.05%;0.14%;-0.42%;-0.42%;-0.42%;-0.42%;-0.42%;0.00%;-0.42%;0.45%
13-04-10;-0.24%;0.04%;0.11%;0.53%;-0.20%;0.17%;0.51%;0.29%;0.00%;0.04%;-0.09%
14-04-10;0.47%;0.01%;0.08%;-0.22%;-0.67%;0.16%;0.21%;0.24%;0.00%;0.05%;-0.23%
15-04-10;-0.25%;0.06%;-0.01%;1.28%;1.41%;0.13%;0.49%;0.21%;0.00%;0.19%;0.86%
16-04-10;-0.54%;-0.06%;0.05%;1.10%;1.02%;0.95%;1.16%;1.21%;0.00%;0.90%;0.42%
17-04-10;0.00%;0.00%;0.00%;-1.58%;-1.48%;0.22%;0.15%;0.32%;0.00%;0.00%;0.00%
18-04-10;0.00%;0.00%;0.00%;0.00%;0.00%;0.00%;0.00%;0.00%;0.00%;0.00%;0.00%
19-04-10;-0.02%;-0.02%;-0.06%;0.35%;0.35%;0.35%;0.35%;0.35%;0.00%;0.35%;-1.02%
20-04-10;0.66%;0.26%;0.16%;0.07%;-1.56%;0.40%;0.30%;0.46%;0.00%;0.44%;-0.66%
21-04-10;-0.05%;0.08%;0.10%;1.29%;1.57%;0.37%;0.57%;0.47%;0.00%;0.43%;0.92%
22-04-10;0.10%;-0.04%;0.03%;-0.87%;-0.26%;-0.57%;-0.55%;-0.52%;0.00%;-0.65%;-0.20%
23-04-10;0.08%;0.03%;-0.01%;-1.02%;-1.08%;-0.56%;-0.57%;-0.58%;0.00%;-0.48%;-0.54%
24-04-10;0.00%;0.00%;0.00%;0.56%;0.36%;-0.09%;0.05%;-0.15%;0.00%;0.00%;0.00%
25-04-10;0.00%;0.00%;0.00%;0.00%;0.00%;0.00%;0.00%;0.00%;0.00%;0.00%;0.00%
26-04-10;-0.13%;-0.01%;0.12%;-0.03%;-0.03%;-0.03%;-0.03%;-0.03%;0.00%;-0.03%;0.44%
27-04-10;-0.54%;0.06%;0.10%;-0.07%;0.75%;-0.35%;-0.15%;-0.34%;0.00%;-0.33%;0.26%
28-04-10;0.23%;0.14%;0.09%;-1.54%;-0.85%;0.81%;0.60%;0.76%;0.00%;0.60%;-1.41%
29-04-10;0.76%;-0.02%;0.05%;-0.25%;-1.04%;0.27%;0.00%;-0.17%;0.00%;0.42%;-0.08%
30-04-10;0.29%;-0.05%;0.16%;0.44%;0.14%;-0.59%;-0.62%;-0.82%;0.00%;-0.74%;0.64%
01-05-10;0.00%;0.00%;0.00%;-0.79%;0.63%;0.18%;0.12%;0.12%;0.00%;0.00%;0.00%
02-05-10;0.00%;0.00%;0.00%;0.00%;0.00%;0.00%;0.00%;0.00%;0.00%;0.00%;0.00%
03-05-10;0.32%;-0.10%;-0.04%;-0.72%;-0.72%;-0.72%;-0.72%;-0.72%;0.00%;-0.72%;-0.40%
04-05-10;-0.58%;0.01%;0.27%;0.57%;-0.88%;0.16%;0.27%;0.24%;0.00%;0.23%;0.17%
05-05-10;-0.63%;0.08%;0.29%;-1.76%;-0.94%;1.02%;0.48%;1.03%;0.00%;0.82%;-1.41%
06-05-10;-0.88%;-0.07%;-0.22%;-0.18%;-1.15%;1.00%;0.21%;0.66%;0.00%;0.93%;-0.98%
07-05-10;-0.47%;0.20%;-0.29%;-2.82%;-2.22%;0.10%;-0.99%;-0.29%;0.00%;0.00%;-2.08%
08-05-10;0.00%;0.00%;0.00%;-2.29%;-2.29%;-0.27%;-1.44%;-1.84%;0.00%;0.00%;0.00%
09-05-10;0.00%;0.00%;0.00%;0.00%;0.00%;0.00%;0.00%;0.00%;0.00%;0.00%;0.00%
10-05-10;1.94%;0.23%;0.03%;1.02%;1.02%;1.02%;1.02%;1.02%;0.00%;1.02%;-0.96%
11-05-10;0.13%;-0.01%;0.17%;3.84%;3.31%;-0.81%;-0.04%;-1.04%;0.00%;-0.95%;2.63%
12-05-10;0.72%;0.20%;0.21%;-0.34%;-0.43%;0.37%;0.07%;0.98%;0.00%;0.38%;0.11%
13-05-10;-0.30%;0.05%;0.13%;1.11%;0.84%;-0.06%;0.35%;0.16%;0.00%;-0.12%;0.60%
14-05-10;-0.70%;0.20%;0.33%;0.02%;1.34%;0.63%;0.66%;1.17%;0.00%;0.54%;0.14%
15-05-10;0.00%;0.00%;0.00%;-2.53%;-1.62%;0.27%;-0.48%;0.10%;0.00%;0.00%;0.00%
16-05-10;0.00%;0.00%;0.00%;0.00%;0.00%;0.00%;0.00%;0.00%;0.00%;0.00%;0.00%
17-05-10;0.32%;0.18%;0.51%;0.39%;0.39%;0.39%;0.39%;0.39%;0.00%;0.39%;-0.82%
18-05-10;-0.05%;-0.03%;-0.02%;0.12%;-1.30%;0.77%;0.51%;0.60%;0.00%;0.80%;-0.41%
19-05-10;-0.18%;-0.04%;0.04%;0.40%;0.77%;0.93%;0.78%;0.70%;0.00%;0.75%;0.05%
20-05-10;-1.48%;-0.01%;0.13%;-0.26%;-1.92%;1.22%;0.50%;0.63%;0.00%;1.19%;-0.83%
21-05-10;0.00%;0.00%;0.00%;-2.95%;-3.13%;0.23%;-0.93%;-0.57%;0.00%;0.00%;0.00%
22-05-10;0.00%;0.00%;0.00%;0.94%;0.48%;0.08%;-0.30%;-0.67%;0.00%;0.00%;0.00%
23-05-10;0.00%;0.00%;0.00%;0.00%;0.00%;0.00%;0.00%;0.00%;0.00%;0.00%;0.00%
24-05-10;-0.17%;0.20%;0.02%;-0.18%;-0.18%;-0.18%;-0.18%;-0.18%;0.00%;-0.18%;-2.30%
25-05-10;-1.09%;0.16%;0.29%;-2.39%;-0.93%;-1.61%;-1.55%;-1.57%;0.00%;-1.52%;-0.81%
26-05-10;1.29%;0.16%;-0.05%;-0.61%;-3.25%;0.97%;-0.09%;0.64%;0.00%;0.86%;-1.10%
27-05-10;0.68%;0.01%;0.14%;-0.51%;2.24%;-1.13%;-0.66%;-1.29%;0.00%;-0.97%;0.79%
28-05-10;0.48%;-0.08%;0.10%;1.60%;1.02%;-1.64%;-1.02%;-1.18%;0.00%;-1.37%;1.67%
29-05-10;0.00%;0.00%;0.00%;-0.40%;1.42%;0.11%;0.42%;0.53%;0.00%;0.00%;0.00%
30-05-10;0.00%;0.00%;0.00%;0.00%;0.00%;0.00%;0.00%;0.00%;0.00%;0.00%;0.00%
31-05-10;1.14%;0.01%;-0.02%;-0.52%;-0.52%;-0.52%;-0.52%;-0.52%;0.00%;-0.52%;0.12%
01-06-10;-1.01%;-0.05%;0.04%;0.22%;1.30%;0.28%;0.22%;0.26%;0.00%;0.26%;0.57%
02-06-10;1.01%;-0.01%;-0.11%;-0.48%;-1.63%;0.47%;0.47%;0.80%;0.00%;0.47%;-0.60%
03-06-10;0.11%;-0.01%;-0.13%;1.24%;0.46%;0.22%;0.09%;0.11%;0.00%;0.30%;0.82%
04-06-10;-0.52%;0.11%;0.52%;1.19%;1.86%;0.00%;0.47%;0.52%;0.00%;0.10%;0.72%
05-06-10;0.00%;0.00%;0.00%;-2.85%;-1.21%;0.36%;-0.28%;0.15%;0.00%;0.00%;0.00%
06-06-10;0.00%;0.00%;0.00%;0.00%;0.00%;0.00%;0.00%;0.00%;0.00%;0.00%;0.00%
07-06-10;-0.07%;0.04%;-0.08%;1.06%;1.06%;1.06%;1.06%;1.06%;0.00%;1.06%;-1.05%
08-06-10;0.29%;0.05%;0.06%;-0.99%;-1.84%;0.82%;0.45%;0.50%;0.00%;0.80%;-0.70%
09-06-10;0.57%;-0.05%;-0.03%;0.92%;0.68%;0.56%;0.19%;0.22%;0.00%;0.52%;0.47%
10-06-10;0.87%;-0.10%;0.07%;-0.57%;-0.58%;-1.07%;-0.97%;-1.12%;0.00%;-1.05%;0.03%
11-06-10;0.53%;0.02%;0.05%;1.49%;0.46%;-1.08%;-0.85%;-0.72%;0.00%;-0.86%;1.01%
12-06-10;0.00%;0.00%;0.00%;0.51%;1.12%;0.25%;0.09%;0.33%;0.00%;0.00%;0.00%
13-06-10;0.00%;0.00%;0.00%;0.00%;0.00%;0.00%;0.00%;0.00%;0.00%;0.00%;0.00%
14-06-10;0.36%;0.02%;-0.05%;-0.04%;-0.04%;-0.04%;-0.04%;-0.04%;0.00%;-0.04%;0.51%
15-06-10;1.02%;-0.01%;-0.11%;0.51%;0.95%;-0.66%;0.06%;-0.09%;0.00%;-0.48%;0.61%
16-06-10;0.53%;-0.10%;-0.09%;1.77%;1.02%;0.15%;0.51%;0.36%;0.00%;0.21%;1.06%
17-06-10;0.43%;-0.06%;-0.10%;-0.82%;-0.47%;-1.05%;-0.69%;-0.85%;0.00%;-1.07%;-0.11%
18-06-10;0.78%;0.07%;-0.18%;0.14%;0.41%;0.20%;0.53%;0.34%;0.00%;-0.01%;0.23%
19-06-10;0.00%;0.00%;0.00%;0.22%;0.66%;-0.04%;0.29%;0.18%;0.00%;0.00%;0.00%
20-06-10;0.00%;0.00%;0.00%;0.00%;0.00%;0.00%;0.00%;0.00%;0.00%;0.00%;0.00%
21-06-10;0.01%;0.13%;0.13%;0.45%;0.45%;0.45%;0.45%;0.45%;0.00%;0.45%;0.66%
22-06-10;-0.81%;0.04%;0.01%;0.02%;2.14%;-0.43%;0.18%;0.11%;0.00%;-0.46%;0.83%
23-06-10;0.19%;0.05%;0.24%;-0.90%;-0.65%;0.68%;0.38%;0.71%;0.00%;0.48%;-0.52%
24-06-10;-0.24%;0.06%;0.06%;-0.34%;-0.25%;0.59%;0.38%;0.34%;0.00%;0.51%;-0.04%
25-06-10;1.01%;-0.18%;-0.02%;-0.46%;-0.07%;0.82%;0.64%;0.66%;0.00%;0.77%;-0.40%
26-06-10;0.00%;0.00%;0.00%;-0.26%;-0.48%;-0.01%;-0.03%;0.01%;0.00%;0.00%;0.00%
27-06-10;0.00%;0.00%;0.00%;0.00%;0.00%;0.00%;0.00%;0.00%;0.00%;0.00%;0.00%
28-06-10;0.00%;0.00%;0.00%;0.00%;0.00%;0.00%;0.00%;0.00%;0.00%;0.00%;0.00%
29-06-10;-0.92%;0.17%;0.00%;-0.04%;0.12%;-0.21%;-0.12%;-0.18%;0.00%;-0.34%;0.05%
30-06-10;-0.26%;0.12%;0.07%;-2.27%;-1.90%;1.10%;0.50%;0.94%;0.57%;0.97%;-1.67%
01-07-10;-0.82%;0.03%;0.06%;0.11%;0.06%;0.83%;0.73%;0.75%;0.00%;0.18%;-0.05%
02-07-10;0.74%;0.07%;-0.06%;-0.84%;-1.29%;-0.25%;-0.22%;-0.43%;0.00%;-0.34%;-0.57%
03-07-10;0.00%;0.00%;0.00%;0.06%;0.47%;-0.08%;0.19%;-0.03%;0.00%;0.00%;0.00%
04-07-10;0.00%;0.00%;0.00%;0.00%;0.00%;0.00%;0.00%;0.00%;0.00%;0.00%;0.00%
05-07-10;-0.54%;-0.07%;0.26%;-1.28%;-1.28%;-1.29%;-1.28%;-1.28%;0.00%;-1.28%;-0.32%
06-07-10;0.80%;0.06%;0.02%;-0.44%;-0.20%;-0.10%;-0.22%;-0.16%;0.00%;-0.16%;-0.15%
07-07-10;1.21%;0.10%;-0.10%;1.41%;1.64%;-0.26%;0.11%;-0.01%;0.00%;-0.30%;0.77%
08-07-10;0.96%;0.15%;0.05%;2.08%;0.15%;0.07%;0.25%;0.33%;0.00%;0.17%;1.03%
09-07-10;0.24%;0.00%;-0.09%;1.13%;1.07%;-0.13%;0.32%;0.21%;0.00%;-0.09%;0.75%
10-07-10;0.00%;0.00%;0.00%;0.61%;1.18%;-0.03%;0.25%;0.38%;0.00%;0.00%;0.00%
11-07-10;0.00%;0.00%;0.00%;0.00%;0.00%;0.00%;0.00%;0.00%;0.00%;0.00%;0.00%
12-07-10;-0.20%;0.01%;0.09%;0.37%;0.37%;0.37%;0.37%;0.37%;0.00%;0.37%;0.75%
13-07-10;0.88%;0.07%;0.06%;0.13%;0.21%;0.27%;0.32%;0.28%;0.00%;0.13%;0.13%
14-07-10;0.26%;0.05%;0.06%;0.92%;-0.17%;-0.79%;-0.25%;-0.47%;0.00%;-0.67%;0.24%
15-07-10;0.14%;-0.04%;0.08%;0.29%;0.38%;-0.04%;0.28%;0.31%;0.00%;-0.08%;0.32%
16-07-10;0.00%;0.00%;0.00%;0.00%;-0.42%;0.20%;0.28%;0.10%;0.00%;0.00%;0.00%
17-07-10;0.00%;0.00%;0.00%;-2.11%;-0.86%;0.14%;0.16%;0.12%;0.00%;0.00%;0.00%
18-07-10;0.00%;0.00%;0.00%;0.00%;0.00%;0.00%;0.00%;0.00%;0.00%;0.00%;0.00%
19-07-10;-0.16%;0.08%;0.13%;-0.65%;-0.65%;-0.65%;-0.65%;-0.65%;0.00%;-0.65%;-1.35%
20-07-10;0.69%;-0.12%;0.05%;0.08%;-0.26%;0.06%;0.20%;0.19%;0.00%;0.14%;0.07%
21-07-10;1.00%;0.08%;0.04%;0.02%;0.56%;-0.29%;-0.38%;-0.28%;0.00%;-0.37%;0.63%
22-07-10;0.37%;-0.16%;-0.10%;-1.53%;0.07%;-0.96%;-0.82%;-0.73%;0.00%;-1.07%;-0.09%
23-07-10;0.49%;0.03%;0.05%;0.78%;-0.29%;-1.23%;-0.85%;-0.91%;0.00%;-1.20%;0.79%
24-07-10;0.00%;0.00%;0.00%;0.66%;0.82%;-0.12%;0.15%;0.23%;0.00%;0.00%;0.00%
25-07-10;0.00%;0.00%;0.00%;0.00%;0.00%;0.00%;0.00%;0.00%;0.00%;0.00%;0.00%
26-07-10;0.85%;0.04%;0.09%;0.33%;0.33%;0.33%;0.33%;0.33%;0.00%;0.33%;0.65%
27-07-10;0.37%;-0.05%;0.02%;1.03%;0.36%;-0.06%;0.34%;0.24%;0.00%;-0.07%;0.57%
28-07-10;-0.15%;0.18%;0.11%;0.00%;0.46%;-0.11%;0.26%;0.17%;0.00%;-0.11%;0.33%
29-07-10;0.10%;0.23%;0.10%;0.55%;0.74%;0.75%;0.83%;0.79%;0.00%;0.68%;-0.04%
30-07-10;0.17%;0.18%;0.20%;-0.15%;0.20%;0.02%;0.07%;0.08%;0.00%;-0.07%;0.17%
31-07-10;0.00%;0.00%;0.00%;-0.30%;-0.24%;0.27%;0.02%;0.25%;0.00%;0.00%;0.00%
01-08-10;0.00%;0.00%;0.00%;0.00%;0.00%;0.00%;0.00%;0.00%;0.00%;0.00%;0.00%
02-08-10;1.07%;0.06%;-0.07%;0.07%;0.07%;0.07%;0.07%;0.07%;0.00%;0.07%;0.10%
03-08-10;-0.25%;-0.10%;0.08%;1.33%;1.09%;-1.13%;-0.71%;-0.96%;0.00%;-1.08%;1.07%
04-08-10;0.70%;-0.21%;-0.12%;0.17%;-0.21%;0.33%;0.41%;0.47%;0.00%;0.10%;-0.10%
05-08-10;0.48%;0.09%;0.10%;-0.25%;-0.06%;-0.24%;-0.23%;-0.11%;0.00%;-0.24%;0.06%
06-08-10;0.48%;-0.03%;-0.03%;-0.10%;-0.12%;-0.06%;-0.04%;0.06%;0.00%;-0.15%;0.05%
07-08-10;0.00%;0.00%;0.00%;-0.06%;-0.06%;0.16%;0.24%;0.30%;0.00%;0.00%;0.00%
08-08-10;0.00%;0.00%;0.00%;0.00%;0.00%;0.00%;0.00%;0.00%;0.00%;0.00%;0.00%
09-08-10;0.68%;0.08%;-0.02%;-0.18%;-0.18%;-0.18%;-0.18%;-0.18%;0.00%;-0.18%;-0.06%
10-08-10;-0.27%;0.25%;0.10%;0.02%;0.01%;-0.45%;-0.38%;-0.15%;0.00%;-0.49%;0.18%
11-08-10;-1.72%;0.18%;0.09%;-0.87%;-1.16%;0.22%;0.06%;0.54%;0.00%;0.24%;-0.61%
12-08-10;-0.11%;0.07%;-0.01%;-2.88%;-1.96%;0.25%;-0.52%;0.08%;0.00%;-0.03%;-1.64%
13-08-10;1.62%;-0.10%;-0.04%;-1.32%;-1.31%;-0.76%;-1.08%;-0.85%;0.00%;-0.72%;-0.77%
14-08-10;0.00%;0.00%;0.00%;-0.22%;0.45%;0.09%;-0.14%;0.08%;0.00%;0.00%;0.00%
15-08-10;0.00%;0.00%;0.00%;0.00%;0.00%;0.00%;0.00%;0.00%;0.00%;0.00%;0.00%
16-08-10;0.02%;0.00%;0.18%;0.07%;0.07%;0.07%;0.07%;0.07%;0.00%;0.07%;0.44%
17-08-10;0.68%;0.13%;0.07%;-0.47%;-0.23%;-0.40%;-0.51%;-0.51%;0.00%;-0.73%;0.36%
18-08-10;0.43%;0.26%;0.25%;0.47%;0.19%;-0.75%;-0.54%;-0.58%;0.00%;-0.68%;0.45%
19-08-10;0.27%;0.28%;0.07%;-0.48%;-0.54%;-0.48%;-0.35%;0.06%;0.00%;-0.57%;-0.05%
20-08-10;-0.09%;-0.08%;0.12%;-0.19%;0.97%;1.08%;1.09%;1.21%;0.00%;0.95%;0.19%
21-08-10;0.00%;0.00%;0.00%;-1.19%;-0.61%;0.01%;-0.29%;0.06%;0.00%;0.00%;0.00%
22-08-10;0.00%;0.00%;0.00%;0.00%;0.00%;0.00%;0.00%;0.00%;0.00%;0.00%;0.00%
23-08-10;0.22%;-0.08%;0.12%;0.60%;0.60%;0.60%;0.60%;0.60%;0.00%;0.60%;0.03%
24-08-10;-0.29%;0.02%;0.05%;-0.88%;-1.02%;-0.81%;-0.73%;-0.64%;0.00%;-0.84%;-0.47%
25-08-10;-0.92%;0.15%;0.06%;-0.75%;-0.74%;0.86%;0.51%;0.71%;0.00%;0.55%;-0.60%
26-08-10;0.05%;0.18%;0.10%;-0.27%;-0.91%;0.23%;0.03%;0.05%;0.00%;0.21%;-0.47%
27-08-10;0.45%;0.20%;0.03%;-0.47%;-0.44%;-0.78%;-0.74%;-1.43%;0.00%;-0.80%;-0.29%
28-08-10;0.00%;0.00%;0.00%;1.11%;0.41%;-0.37%;-0.11%;-0.50%;0.00%;0.00%;0.00%
29-08-10;0.00%;0.00%;0.00%;0.00%;0.00%;0.00%;0.00%;0.00%;0.00%;0.00%;0.00%
30-08-10;0.22%;0.06%;0.17%;-0.52%;-0.52%;-0.52%;-0.52%;-0.52%;0.00%;-0.52%;0.29%
31-08-10;0.81%;0.00%;0.42%;-0.80%;-0.06%;-0.15%;-0.22%;-0.31%;0.00%;-0.30%;-0.20%
01-09-10;1.10%;0.03%;0.02%;0.50%;0.54%;1.01%;0.67%;0.61%;0.00%;0.77%;#N/D
02-09-10;0.30%;0.02%;0.03%;1.83%;1.04%;-1.34%;-0.65%;-0.81%;0.00%;-0.99%;#N/D
03-09-10;0.63%;-0.09%;0.06%;0.39%;0.27%;-0.46%;-0.11%;-0.32%;0.00%;-0.30%;#N/D
04-09-10;0.00%;0.00%;0.00%;1.10%;0.85%;-0.23%;0.17%;0.04%;0.00%;0.00%;#N/D
05-09-10;0.00%;0.00%;0.00%;0.00%;0.00%;0.00%;0.00%;0.00%;0.00%;0.00%;#N/D
06-09-10;0.10%;-0.20%;-0.09%;-0.29%;-0.29%;-0.29%;-0.29%;-0.29%;0.00%;-0.29%;#N/D
07-09-10;-0.46%;-0.20%;-0.03%;0.76%;1.14%;0.29%;0.39%;0.33%;0.00%;0.33%;#N/D
08-09-10;1.15%;0.02%;-0.08%;-0.90%;-0.33%;0.55%;0.19%;0.33%;0.00%;0.21%;#N/D
09-09-10;0.81%;-0.11%;-0.11%;0.39%;-0.21%;-0.22%;0.02%;-0.34%;0.00%;-0.07%;#N/D
10-09-10;0.38%;-0.25%;-0.07%;0.26%;0.03%;-0.69%;-0.41%;-0.75%;0.00%;-0.46%;#N/D
11-09-10;0.00%;0.00%;0.00%;0.20%;0.39%;-0.18%;0.14%;-0.09%;0.00%;0.00%;#N/D
12-09-10;0.00%;0.00%;0.00%;0.00%;0.00%;0.00%;0.00%;0.00%;0.00%;0.00%;#N/D
13-09-10;0.92%;-0.03%;0.03%;0.14%;0.14%;0.14%;0.14%;0.14%;0.00%;0.14%;#N/D
14-09-10;0.70%;-0.05%;-0.04%;1.14%;1.82%;-0.13%;0.28%;-0.03%;0.00%;-0.23%;#N/D
15-09-10;0.29%;-0.11%;-0.55%;0.08%;-0.05%;-0.04%;0.08%;-0.20%;0.00%;-0.24%;#N/D
16-09-10;-0.14%;-0.05%;-0.11%;0.26%;0.43%;0.14%;0.37%;0.25%;0.00%;0.17%;#N/D
17-09-10;0.00%;0.00%;0.00%;-0.18%;-0.68%;-0.18%;0.23%;0.18%;0.00%;0.00%;#N/D
18-09-10;0.00%;0.00%;0.00%;-0.08%;0.48%;0.02%;0.02%;-0.03%;0.00%;0.00%;#N/D
19-09-10;0.00%;0.00%;0.00%;0.00%;0.00%;0.00%;0.00%;0.00%;0.00%;0.00%;#N/D
20-09-10;0.00%;0.00%;0.00%;0.00%;0.00%;0.00%;0.00%;0.00%;0.00%;0.00%;#N/D
21-09-10;0.04%;0.01%;-0.08%;1.71%;1.17%;0.38%;0.60%;0.51%;0.00%;0.38%;#N/D
22-09-10;-0.83%;0.07%;0.03%;0.07%;0.23%;0.50%;0.45%;0.36%;0.00%;0.24%;#N/D
23-09-10;-0.78%;0.08%;0.08%;-0.65%;-0.37%;-0.51%;-0.43%;-0.63%;0.00%;-0.75%;#N/D
24-09-10;0.01%;-0.13%;0.10%;-1.43%;-0.88%;-0.76%;-0.96%;-0.77%;0.00%;-0.81%;#N/D
25-09-10;0.00%;0.00%;0.00%;1.68%;0.58%;-0.16%;0.19%;-0.02%;0.00%;0.00%;#N/D
26-09-10;0.00%;0.00%;0.00%;0.00%;0.00%;0.00%;0.00%;0.00%;0.00%;0.00%;#N/D
27-09-10;0.78%;0.03%;0.01%;-0.80%;-0.80%;-0.80%;-0.80%;-0.80%;0.00%;-0.80%;#N/D
28-09-10;0.36%;-0.01%;-0.08%;-0.35%;0.64%;0.11%;0.09%;0.36%;0.00%;-0.15%;#N/D
29-09-10;-0.43%;-0.17%;-0.20%;0.30%;-0.10%;0.06%;0.12%;0.10%;0.00%;-0.08%;#N/D
30-09-10;0.20%;-0.26%;-0.47%;0.07%;0.93%;0.06%;0.27%;0.27%;5.72%;0.08%;#N/D
01-10-10;0.17%;-0.11%;-0.13%;-0.73%;0.16%;-0.35%;-0.09%;0.00%;0.00%;4.80%;#N/D
02-10-10;0.00%;0.00%;0.00%;0.43%;0.98%;-0.01%;0.29%;0.13%;0.00%;0.00%;#N/D
03-10-10;0.00%;0.00%;0.00%;0.00%;0.00%;0.00%;0.00%;0.00%;0.00%;0.00%;#N/D
04-10-10;-0.27%;0.05%;-0.06%;-0.59%;-0.59%;-0.59%;-0.59%;-0.59%;0.00%;-0.59%;#N/D
05-10-10;-0.20%;0.01%;0.01%;0.22%;1.40%;1.15%;1.11%;1.15%;0.00%;0.97%;#N/D
06-10-10;-0.30%;0.01%;-0.16%;1.64%;0.20%;-0.35%;0.04%;-0.27%;0.00%;-0.35%;#N/D
07-10-10;-0.94%;0.03%;0.05%;0.15%;0.50%;-0.13%;0.02%;0.06%;0.00%;-0.40%;#N/D
08-10-10;-0.03%;0.00%;0.03%;0.18%;-0.26%;0.03%;0.36%;0.31%;0.00%;0.09%;#N/D
09-10-10;0.00%;0.00%;0.00%;0.28%;-0.14%;0.09%;0.12%;0.11%;0.00%;0.00%;#N/D
10-10-10;0.00%;0.00%;0.00%;0.00%;0.00%;0.00%;0.00%;0.00%;0.00%;0.00%;#N/D
11-10-10;0.00%;0.00%;0.00%;0.00%;0.00%;0.00%;0.00%;0.00%;0.00%;0.00%;#N/D
12-10-10;-0.52%;0.02%;-0.03%;0.25%;0.80%;0.19%;0.19%;0.19%;0.00%;0.19%;#N/D
13-10-10;2.13%;-0.11%;-0.11%;-1.07%;-1.64%;-0.81%;-0.74%;-0.64%;0.00%;-0.85%;#N/D
14-10-10;-0.43%;-0.07%;-0.14%;0.52%;1.03%;-0.73%;-0.22%;-0.31%;0.00%;-0.66%;#N/D
15-10-10;-0.62%;0.02%;-0.21%;0.75%;1.27%;0.32%;0.59%;0.56%;0.00%;0.43%;#N/D
16-10-10;0.00%;0.00%;0.00%;-0.21%;-0.49%;-0.20%;-0.10%;-0.15%;0.00%;0.00%;#N/D
17-10-10;0.00%;0.00%;0.00%;0.00%;0.00%;0.01%;0.00%;0.00%;0.00%;0.00%;#N/D
18-10-10;0.23%;0.14%;0.07%;0.04%;0.04%;0.04%;0.04%;0.04%;0.00%;0.04%;#N/D
19-10-10;0.28%;0.10%;0.06%;1.05%;-0.12%;0.80%;0.60%;0.55%;0.00%;0.69%;#N/D
20-10-10;0.08%;0.09%;0.05%;-0.67%;-0.45%;0.87%;0.65%;0.73%;0.00%;0.89%;#N/D
21-10-10;0.33%;0.06%;0.03%;1.11%;0.37%;0.03%;0.15%;-0.21%;0.00%;0.03%;#N/D
22-10-10;0.28%;-0.04%;0.03%;0.28%;0.48%;-0.06%;0.14%;-0.05%;0.00%;0.02%;#N/D
23-10-10;0.00%;0.00%;0.00%;-0.16%;-0.09%;-0.01%;-0.01%;-0.01%;0.00%;0.00%;#N/D
24-10-10;0.00%;0.00%;0.00%;0.00%;0.00%;0.01%;0.00%;0.00%;0.00%;0.00%;#N/D
25-10-10;0.23%;-0.02%;0.19%;0.20%;0.20%;0.21%;0.20%;0.20%;0.00%;0.20%;#N/D
26-10-10;0.47%;-0.06%;0.14%;0.25%;0.61%;-0.21%;-0.01%;-0.04%;0.00%;-0.30%;#N/D
27-10-10;0.78%;-0.07%;0.02%;0.65%;1.24%;0.94%;1.16%;1.24%;0.00%;1.13%;#N/D
28-10-10;0.13%;-0.03%;-0.05%;-0.11%;-0.90%;0.44%;0.61%;0.59%;0.00%;0.70%;#N/D
29-10-10;0.50%;-0.03%;-0.02%;0.07%;-0.18%;-0.43%;-0.27%;-0.49%;0.00%;-0.54%;#N/D
30-10-10;0.00%;0.00%;0.00%;0.07%;0.27%;0.14%;0.12%;0.21%;0.00%;0.00%;#N/D
31-10-10;0.00%;0.00%;0.00%;0.00%;0.00%;0.01%;0.00%;0.00%;0.00%;0.00%;#N/D
01-11-10;0.00%;0.00%;0.00%;0.00%;0.00%;0.01%;0.00%;0.00%;0.00%;0.00%;#N/D
02-11-10;1.18%;0.03%;0.10%;-0.53%;0.74%;-0.57%;-0.57%;-0.49%;0.00%;-0.62%;#N/D
03-11-10;-0.30%;0.06%;-0.05%;0.50%;-0.07%;-0.30%;-0.15%;-0.19%;0.00%;-0.37%;#N/D
04-11-10;-0.14%;0.11%;0.05%;0.24%;0.97%;0.28%;0.31%;0.25%;0.00%;0.23%;#N/D
05-11-10;-0.23%;0.14%;0.01%;0.93%;0.19%;-1.26%;-0.82%;-0.90%;0.00%;-1.44%;#N/D
06-11-10;0.00%;0.00%;0.00%;0.11%;0.42%;-0.15%;0.00%;0.18%;0.00%;0.00%;#N/D
07-11-10;0.00%;0.00%;0.00%;0.00%;0.00%;0.01%;0.00%;0.00%;0.00%;0.00%;#N/D
08-11-10;0.70%;0.09%;0.09%;-0.57%;-0.57%;-0.56%;-0.57%;-0.57%;0.00%;-0.57%;#N/D
09-11-10;0.43%;0.02%;0.11%;0.16%;0.25%;0.31%;0.31%;0.25%;0.00%;0.40%;#N/D
10-11-10;-0.13%;-0.04%;0.00%;-0.86%;-0.62%;-0.88%;-0.65%;-0.85%;0.00%;-0.66%;#N/D
11-11-10;-0.15%;0.09%;-0.04%;0.00%;0.07%;0.57%;0.12%;0.15%;0.00%;0.65%;#N/D
12-11-10;-0.60%;0.00%;0.01%;-0.21%;-0.82%;-0.11%;-0.15%;-0.03%;0.00%;-0.03%;#N/D
13-11-10;0.00%;0.00%;0.00%;-0.93%;-1.56%;-0.21%;-0.34%;-0.72%;0.00%;0.00%;#N/D
14-11-10;0.00%;0.00%;0.00%;0.00%;0.00%;0.01%;0.00%;0.00%;0.00%;0.00%;#N/D
15-11-10;-0.29%;-0.07%;0.05%;0.13%;0.13%;0.14%;0.13%;0.13%;0.00%;0.13%;#N/D
16-11-10;-1.24%;0.04%;-0.05%;0.44%;-0.03%;0.20%;0.22%;0.08%;0.00%;0.52%;#N/D
17-11-10;0.23%;0.16%;0.06%;-1.69%;-1.14%;0.20%;-0.37%;-0.20%;0.00%;0.16%;#N/D
18-11-10;0.61%;0.13%;0.06%;0.50%;-0.31%;0.35%;0.12%;-0.15%;0.00%;0.31%;#N/D
19-11-10;0.53%;0.00%;-0.03%;0.68%;0.65%;-1.14%;-0.72%;-1.04%;0.00%;-0.91%;#N/D
20-11-10;0.00%;0.00%;0.00%;0.10%;0.09%;0.09%;0.00%;0.22%;0.00%;0.00%;#N/D
21-11-10;0.00%;0.00%;0.00%;0.00%;0.00%;0.01%;0.00%;0.00%;0.00%;0.00%;#N/D
22-11-10;0.31%;0.04%;0.04%;-0.10%;-0.10%;-0.09%;-0.10%;-0.10%;0.00%;-0.10%;#N/D
23-11-10;-0.62%;0.23%;0.19%;-0.59%;-0.13%;-0.12%;-0.32%;-0.11%;0.00%;-0.28%;#N/D
24-11-10;0.74%;0.18%;0.06%;-1.24%;-1.69%;0.60%;-0.12%;0.40%;0.00%;0.46%;#N/D
25-11-10;-0.12%;0.00%;0.10%;1.07%;0.75%;-0.26%;-0.13%;-0.24%;0.00%;0.14%;#N/D
26-11-10;-0.31%;0.06%;-0.01%;0.09%;0.15%;-0.13%;-0.10%;-0.06%;0.00%;-0.06%;#N/D
27-11-10;0.00%;0.00%;0.00%;-1.09%;-1.65%;0.04%;-0.23%;0.06%;0.00%;0.00%;#N/D
28-11-10;0.00%;0.00%;0.00%;0.00%;0.00%;0.01%;0.00%;0.00%;0.00%;0.00%;#N/D
29-11-10;-0.09%;0.15%;0.03%;0.22%;0.22%;0.22%;0.22%;0.22%;0.00%;0.22%;#N/D
30-11-10;-0.29%;0.07%;0.27%;-0.03%;0.72%;0.71%;0.46%;0.74%;0.00%;0.74%;#N/D
01-12-10;0.07%;-0.01%;-0.07%;-0.30%;-0.14%;0.39%;-0.17%;-0.20%;0.00%;0.30%;#N/D
02-12-10;0.31%;0.04%;-0.04%;1.41%;1.48%;-0.84%;-0.38%;-0.94%;0.00%;-0.52%;#N/D
03-12-10;-0.04%;-0.07%;0.00%;1.57%;1.37%;-0.18%;0.30%;0.13%;0.00%;-0.12%;#N/D
04-12-10;0.00%;0.00%;0.00%;0.79%;0.70%;0.02%;0.49%;0.25%;0.00%;0.00%;#N/D
05-12-10;0.00%;0.00%;0.00%;0.00%;0.00%;0.01%;0.00%;0.00%;0.00%;0.00%;#N/D
06-12-10;-0.07%;0.01%;0.03%;-0.60%;-0.60%;-0.59%;-0.60%;-0.60%;0.00%;-0.60%;#N/D
07-12-10;0.58%;0.08%;0.09%;-0.73%;-0.12%;-0.28%;-0.41%;-0.09%;0.00%;-0.54%;#N/D
08-12-10;0.00%;0.00%;0.00%;0.37%;0.37%;-0.50%;0.24%;-0.09%;0.00%;0.00%;#N/D
09-12-10;-0.40%;0.03%;0.10%;-0.91%;-2.06%;-1.01%;-0.92%;-0.70%;0.00%;-0.70%;#N/D
10-12-10;-0.09%;-0.06%;-0.06%;0.23%;-0.03%;-0.08%;-0.22%;-0.44%;0.00%;-0.15%;#N/D
11-12-10;0.00%;0.00%;0.00%;0.42%;-0.15%;-0.05%;0.04%;-0.12%;0.00%;0.00%;#N/D
12-12-10;0.00%;0.00%;0.00%;0.00%;0.00%;0.01%;0.00%;0.00%;0.00%;0.00%;#N/D
13-12-10;-0.04%;-0.10%;0.02%;-0.11%;-0.11%;-0.10%;-0.11%;-0.11%;0.00%;-0.11%;#N/D
14-12-10;0.43%;-0.05%;0.09%;0.50%;0.51%;-0.26%;0.03%;-0.19%;0.00%;-0.21%;#N/D
15-12-10;0.47%;0.10%;0.03%;0.20%;0.55%;-0.31%;-0.04%;-0.34%;0.00%;0.01%;#N/D
16-12-10;0.14%;0.07%;0.06%;-0.56%;-0.69%;0.00%;-0.08%;-0.11%;0.00%;0.07%;#N/D
17-12-10;0.12%;-0.03%;-0.06%;-0.01%;-0.80%;-0.03%;-0.35%;-0.76%;0.00%;-0.04%;#N/D
18-12-10;0.00%;0.00%;0.00%;-0.17%;0.33%;0.46%;-0.03%;-0.08%;0.00%;0.00%;#N/D
19-12-10;0.00%;0.00%;0.00%;0.00%;0.00%;0.01%;0.00%;0.00%;0.00%;0.00%;#N/D
20-12-10;-0.20%;0.04%;0.05%;-0.33%;-0.33%;-0.33%;-0.33%;-0.33%;0.00%;-0.33%;#N/D
21-12-10;-0.66%;0.13%;0.07%;-0.12%;-0.67%;-0.15%;-0.21%;-0.03%;0.00%;-0.28%;#N/D
22-12-10;-0.99%;0.01%;0.05%;0.42%;0.70%;-0.47%;-0.33%;-0.31%;0.00%;-0.50%;#N/D
23-12-10;0.15%;0.05%;-0.05%;0.44%;0.45%;0.31%;0.31%;0.34%;0.00%;0.24%;#N/D
24-12-10;0.20%;0.07%;0.05%;-0.12%;0.01%;-0.21%;-0.09%;-0.12%;0.00%;-0.11%;#N/D
25-12-10;0.00%;0.00%;0.00%;0.07%;-0.08%;0.01%;0.06%;0.00%;0.00%;0.00%;#N/D
26-12-10;0.00%;0.00%;0.00%;0.00%;0.00%;0.01%;0.00%;0.00%;0.00%;0.00%;#N/D
27-12-10;-1.11%;0.06%;-0.01%;0.04%;0.04%;0.05%;0.04%;0.04%;0.00%;0.04%;#N/D
28-12-10;-0.14%;0.01%;-0.01%;0.24%;0.19%;0.43%;0.46%;0.51%;0.00%;0.36%;#N/D
29-12-10;0.84%;-0.01%;-0.02%;-0.12%;-0.25%;-0.50%;-0.34%;-0.67%;0.00%;-0.33%;#N/D
30-12-10;0.67%;0.04%;-0.03%;0.02%;0.70%;-0.06%;-0.13%;0.01%;0.00%;-0.27%;#N/D
31-12-10;0.00%;0.02%;0.08%;-0.18%;0.78%;0.12%;0.24%;0.01%;7.57%;0.00%;#N/D
01-01-11;0.00%;0.00%;0.00%;0.26%;0.49%;0.19%;0.26%;0.15%;0.00%;5.03%;#N/D
02-01-11;0.00%;0.00%;0.00%;0.00%;0.00%;0.01%;0.00%;0.00%;0.00%;0.00%;0.00%
03-01-11;0.73%;-0.03%;0.05%;-0.08%;-0.08%;-0.07%;-0.08%;-0.08%;0.00%;-0.08%;0.13%
04-01-11;1.02%;-0.59%;-0.55%;0.20%;0.64%;-0.36%;-0.15%;-0.15%;0.00%;-0.42%;0.54%
05-01-11;0.34%;-0.94%;-0.14%;4.47%;4.49%;4.35%;4.63%;4.72%;0.00%;4.36%;2.33%
06-01-11;-0.53%;-0.18%;-0.09%;1.08%;1.04%;1.04%;1.29%;1.48%;0.00%;1.39%;0.58%
07-01-11;-0.57%;0.01%;-0.04%;0.12%;-0.30%;0.23%;0.23%;0.27%;0.00%;0.22%;-0.14%
08-01-11;0.00%;0.00%;0.00%;-0.18%;-0.68%;0.20%;-0.04%;0.00%;0.00%;0.00%;0.00%
09-01-11;0.00%;0.00%;0.00%;0.00%;0.00%;0.00%;0.00%;0.00%;0.00%;0.00%;0.00%
10-01-11;-1.34%;-0.02%;-0.04%;0.45%;0.45%;0.45%;0.45%;0.45%;0.00%;0.45%;-0.38%
11-01-11;-0.60%;0.09%;0.21%;-0.04%;-0.54%;0.45%;0.28%;0.21%;0.00%;0.42%;-0.58%
12-01-11;0.81%;0.11%;0.00%;-0.08%;0.01%;-0.69%;-0.56%;-0.61%;0.00%;-0.60%;0.05%
13-01-11;1.05%;0.21%;0.22%;0.70%;1.17%;-0.67%;-0.21%;-0.37%;0.00%;-0.56%;0.77%
14-01-11;-0.05%;0.19%;0.09%;-0.38%;-0.91%;-0.78%;-0.39%;-0.71%;0.00%;-0.91%;-0.12%
15-01-11;0.00%;0.00%;0.00%;0.28%;-0.26%;-0.04%;0.10%;-0.02%;0.00%;0.00%;0.00%
16-01-11;0.00%;0.00%;0.00%;0.00%;0.00%;0.01%;0.00%;0.00%;0.00%;0.00%;0.00%
17-01-11;0.20%;0.05%;-0.30%;0.68%;0.68%;0.69%;0.68%;0.68%;0.00%;0.68%;0.17%
18-01-11;0.00%;-0.06%;-0.02%;-0.49%;-0.82%;-0.41%;-0.43%;-0.37%;0.00%;-0.37%;-0.32%
19-01-11;-0.40%;-0.10%;0.00%;0.74%;0.46%;-0.06%;0.33%;0.02%;0.00%;0.07%;0.23%
20-01-11;-0.53%;0.03%;0.00%;-0.51%;0.23%;0.14%;0.23%;0.16%;0.00%;0.04%;-0.17%
21-01-11;0.13%;-0.04%;0.02%;-0.40%;-0.91%;0.45%;0.43%;0.24%;0.00%;0.65%;-0.63%
22-01-11;0.00%;0.00%;0.00%;0.57%;-0.56%;0.11%;0.19%;-0.22%;0.00%;0.00%;0.00%
23-01-11;0.00%;0.00%;0.00%;0.00%;0.00%;0.01%;0.00%;0.00%;0.00%;0.00%;0.00%
24-01-11;0.14%;0.08%;0.24%;-0.33%;-0.33%;-0.32%;-0.33%;-0.33%;0.00%;-0.33%;-0.25%
25-01-11;-0.84%;0.00%;0.06%;0.87%;0.14%;0.20%;0.42%;0.26%;0.00%;0.13%;-0.07%
26-01-11;0.17%;-0.07%;-0.03%;-0.22%;-0.19%;0.00%;-0.02%;0.05%;0.00%;-0.13%;-0.22%
27-01-11;-1.27%;-0.17%;-0.07%;0.11%;0.12%;-0.67%;-0.36%;-0.53%;0.00%;-0.46%;0.28%
28-01-11;-1.74%;-0.23%;-0.08%;-0.85%;-1.12%;-1.02%;-0.99%;-1.14%;0.00%;-1.07%;-0.74%
29-01-11;0.00%;0.00%;0.00%;-1.45%;-1.37%;0.15%;-0.15%;-0.21%;0.00%;0.00%;0.00%
30-01-11;0.00%;0.00%;0.00%;0.00%;0.00%;0.01%;0.00%;0.00%;0.00%;0.00%;0.00%
31-01-11;0.04%;-0.07%;-0.23%;-0.36%;-0.36%;-0.35%;-0.36%;-0.36%;0.00%;-0.36%;-1.66%
01-02-11;0.61%;0.07%;0.14%;0.63%;-0.46%;0.14%;0.16%;-0.41%;0.00%;0.17%;0.05%
02-02-11;-1.33%;0.10%;0.07%;0.95%;0.33%;-0.88%;-0.44%;-0.44%;0.00%;-0.74%;0.69%
03-02-11;-1.19%;0.03%;0.02%;0.19%;0.39%;-0.07%;0.18%;0.15%;0.00%;-0.02%;-0.07%
04-02-11;0.73%;0.04%;0.01%;0.01%;0.03%;0.16%;0.13%;0.24%;0.00%;0.22%;-0.42%
05-02-11;0.00%;0.00%;0.00%;0.13%;-0.30%;-0.28%;0.00%;-0.18%;0.00%;0.00%;0.00%
06-02-11;0.00%;0.00%;0.00%;0.00%;0.00%;0.01%;0.00%;0.00%;0.00%;0.00%;0.00%
07-02-11;-0.39%;0.06%;0.09%;-0.67%;-0.67%;-0.66%;-0.67%;-0.67%;0.00%;-0.67%;-0.34%
08-02-11;-0.85%;0.01%;0.00%;0.55%;-0.16%;0.01%;0.11%;-0.08%;0.00%;-0.04%;0.12%
09-02-11;-2.11%;-0.03%;0.04%;0.93%;0.21%;0.10%;0.56%;0.23%;0.00%;0.32%;-0.06%
10-02-11;0.59%;-0.02%;0.08%;-0.94%;-2.08%;-0.55%;-0.59%;-0.75%;0.00%;-0.60%;-1.28%
11-02-11;1.90%;0.02%;-0.10%;-0.53%;-2.10%;-0.27%;-0.42%;-0.44%;0.00%;-0.20%;-0.85%
12-02-11;0.00%;0.00%;0.00%;0.24%;0.18%;0.18%;-0.06%;0.02%;0.00%;0.00%;0.00%
13-02-11;0.00%;0.00%;0.00%;0.00%;0.00%;0.01%;0.00%;0.00%;0.00%;0.00%;0.00%
14-02-11;0.52%;-0.01%;-0.04%;-0.53%;-0.53%;-0.52%;-0.53%;-0.53%;0.00%;-0.53%;0.42%
15-02-11;-0.56%;0.02%;0.12%;-0.43%;0.59%;-0.67%;-0.76%;-0.80%;0.00%;-0.73%;0.38%
16-02-11;-0.59%;0.06%;0.09%;0.09%;0.00%;0.18%;0.19%;0.07%;0.00%;0.13%;0.12%
17-02-11;-1.05%;0.17%;0.08%;1.33%;1.16%;0.76%;0.81%;0.72%;0.00%;0.75%;0.49%
18-02-11;-0.58%;0.15%;0.03%;0.36%;0.10%;0.01%;0.05%;0.01%;0.00%;-0.20%;-0.07%
19-02-11;0.00%;0.00%;0.00%;0.22%;0.90%;-0.08%;0.18%;0.10%;0.00%;0.00%;0.00%
20-02-11;0.00%;0.00%;0.00%;0.00%;0.00%;0.01%;0.00%;0.00%;0.00%;0.00%;0.00%
21-02-11;-0.53%;0.02%;0.11%;-0.85%;-0.85%;-0.85%;-0.85%;-0.85%;0.00%;-0.85%;-0.28%
22-02-11;-1.21%;0.14%;0.05%;-0.37%;-0.18%;0.05%;0.01%;-0.04%;0.00%;-0.04%;-0.18%
23-02-11;-1.51%;0.08%;0.00%;-1.09%;-1.30%;0.67%;0.45%;0.61%;0.00%;0.39%;-1.22%
24-02-11;0.25%;0.02%;-0.02%;0.08%;0.17%;0.71%;0.63%;0.47%;0.00%;0.69%;-0.34%
25-02-11;1.34%;0.13%;0.14%;0.69%;0.07%;0.99%;0.81%;0.96%;0.00%;0.88%;0.06%
26-02-11;0.00%;0.00%;0.00%;1.08%;1.13%;0.03%;0.05%;0.20%;0.00%;0.00%;0.00%
27-02-11;0.00%;0.00%;0.00%;0.00%;0.00%;0.01%;0.00%;0.00%;0.00%;0.00%;0.00%
28-02-11;1.28%;0.26%;0.43%;-0.54%;-0.54%;-0.53%;-0.54%;-0.54%;0.00%;-0.54%;0.79%
01-03-11;-0.77%;0.25%;0.09%;0.69%;0.66%;-0.01%;0.17%;0.17%;0.00%;-0.09%;0.71%
02-03-11;0.27%;0.43%;0.17%;-0.55%;0.65%;0.25%;0.40%;0.44%;0.00%;0.25%;-0.13%
03-03-11;1.74%;0.11%;-0.04%;0.14%;0.45%;0.27%;0.40%;0.40%;0.00%;0.34%;0.26%
04-03-11;0.32%;-0.21%;-0.03%;0.22%;0.42%;-1.22%;-0.74%;-0.79%;0.00%;-0.84%;0.74%
05-03-11;0.00%;0.00%;0.00%;-0.26%;0.98%;0.22%;0.11%;0.23%;0.00%;0.00%;0.00%
06-03-11;0.00%;0.00%;0.00%;0.00%;0.00%;0.01%;0.00%;0.00%;0.00%;0.00%;0.00%
07-03-11;-0.72%;-0.01%;-0.02%;-0.27%;-0.27%;-0.27%;-0.27%;-0.27%;0.00%;-0.27%;0.23%
08-03-11;-0.19%;0.03%;0.11%;-0.59%;-0.44%;0.14%;0.22%;0.35%;0.00%;0.11%;-0.43%
09-03-11;-0.62%;0.07%;0.16%;0.67%;0.83%;0.35%;0.36%;0.47%;0.00%;0.50%;0.55%
10-03-11;-1.47%;0.06%;0.10%;-0.09%;0.00%;0.15%;0.07%;0.20%;0.00%;0.00%;-0.02%
11-03-11;-0.96%;0.01%;0.00%;-0.50%;-0.31%;1.70%;1.18%;1.53%;0.00%;1.46%;-0.68%
12-03-11;0.00%;0.00%;0.00%;0.13%;-0.63%;0.14%;-0.07%;-0.08%;0.00%;0.00%;0.00%
13-03-11;0.00%;0.00%;0.00%;0.00%;0.00%;0.01%;0.00%;0.00%;0.00%;0.00%;0.00%
14-03-11;-0.01%;0.01%;0.10%;-0.11%;-0.11%;-0.10%;-0.11%;-0.11%;0.00%;-0.11%;-0.39%
15-03-11;0.58%;0.06%;0.20%;-1.38%;0.44%;-0.12%;-0.13%;-0.24%;0.00%;-0.33%;-0.10%
16-03-11;-0.56%;0.12%;0.07%;-1.45%;-1.34%;0.95%;0.36%;0.58%;0.00%;0.84%;-0.61%
17-03-11;-0.10%;0.22%;0.11%;-1.03%;0.23%;0.14%;-0.05%;0.16%;0.00%;-0.11%;-0.55%
18-03-11;-0.26%;0.28%;0.10%;1.82%;-0.16%;0.08%;0.38%;0.16%;0.00%;0.28%;0.42%
19-03-11;0.00%;0.00%;0.00%;0.58%;0.66%;0.01%;0.32%;0.11%;0.00%;0.00%;0.00%
20-03-11;0.00%;0.00%;0.00%;0.00%;0.00%;0.01%;0.00%;0.00%;0.00%;0.00%;0.00%
21-03-11;2.19%;0.02%;-0.01%;-0.65%;-0.65%;-0.64%;-0.65%;-0.65%;0.00%;-0.65%;0.02%
22-03-11;1.42%;0.07%;-0.06%;1.22%;0.70%;-0.48%;-0.10%;-0.25%;0.00%;-0.34%;0.94%
23-03-11;0.78%;0.08%;0.04%;0.53%;1.17%;0.16%;0.35%;0.34%;0.00%;0.26%;0.69%
24-03-11;0.78%;-0.04%;0.10%;0.24%;0.51%;0.26%;0.06%;0.06%;0.00%;0.19%;0.72%
25-03-11;-0.12%;0.01%;0.09%;0.47%;0.50%;-0.54%;-0.34%;-0.23%;0.00%;-0.48%;0.54%
26-03-11;0.00%;0.00%;0.00%;0.14%;0.81%;-0.08%;-0.01%;0.04%;0.00%;0.00%;0.00%
27-03-11;0.00%;0.00%;0.00%;0.00%;0.00%;0.01%;0.00%;0.00%;0.00%;0.00%;0.00%
28-03-11;0.10%;0.15%;0.06%;-0.15%;-0.15%;-0.14%;-0.15%;-0.15%;0.00%;-0.15%;0.16%
29-03-11;-0.65%;-0.08%;-0.02%;-0.14%;-0.27%;0.13%;0.22%;0.23%;0.00%;0.18%;-0.09%
30-03-11;0.67%;-0.09%;0.07%;0.56%;0.66%;0.20%;0.28%;0.25%;0.00%;0.29%;0.27%
31-03-11;0.57%;-0.12%;0.10%;0.95%;1.50%;0.08%;0.12%;-0.03%;4.84%;0.02%;0.92%
01-04-11;1.65%;0.01%;0.05%;-0.62%;0.43%;-0.58%;-0.43%;-0.51%;0.00%;3.84%;0.26%
02-04-11;0.00%;0.00%;0.00%;0.50%;1.23%;-0.04%;0.20%;0.27%;0.00%;0.00%;0.00%
03-04-11;0.00%;0.00%;0.00%;0.00%;0.00%;0.01%;0.00%;0.00%;0.00%;0.00%;0.00%
04-04-11;0.45%;0.15%;0.11%;-0.54%;-0.54%;-0.53%;-0.54%;-0.54%;0.00%;-0.54%;0.79%
05-04-11;0.49%;0.11%;-0.02%;-0.16%;0.21%;-0.39%;-0.17%;-0.31%;0.00%;-0.49%;0.25%
06-04-11;0.32%;0.04%;-0.02%;-0.04%;0.25%;-0.02%;0.16%;0.15%;0.00%;0.10%;0.23%
07-04-11;-0.66%;0.04%;-0.02%;-0.05%;0.27%;-0.53%;-0.12%;-0.42%;0.00%;-0.45%;0.29%
08-04-11;-0.07%;0.09%;0.04%;-0.19%;-0.02%;0.08%;0.12%;0.12%;0.00%;0.08%;-0.14%
09-04-11;0.00%;0.00%;0.00%;0.47%;0.32%;-0.11%;0.23%;0.02%;0.00%;0.00%;0.00%
10-04-11;0.00%;0.00%;0.00%;0.00%;0.00%;0.01%;0.00%;0.00%;0.00%;0.00%;0.00%
11-04-11;-0.34%;0.11%;0.14%;-0.65%;-0.65%;-0.64%;-0.65%;-0.65%;0.00%;-0.65%;-0.18%
12-04-11;-1.29%;0.05%;0.13%;-0.03%;-0.30%;0.21%;0.28%;0.16%;0.00%;0.17%;-0.26%
13-04-11;0.45%;-0.02%;0.08%;-0.51%;-1.33%;0.85%;0.54%;0.56%;0.00%;0.59%;-0.87%
14-04-11;0.18%;0.03%;-0.07%;0.16%;0.46%;-0.13%;-0.18%;-0.26%;0.00%;-0.22%;0.08%
15-04-11;0.20%;0.04%;0.03%;-0.19%;-0.26%;-0.02%;-0.10%;-0.10%;0.00%;-0.03%;-0.01%
16-04-11;0.00%;0.00%;0.00%;0.12%;-0.05%;0.23%;0.00%;0.17%;0.00%;0.00%;0.00%
17-04-11;0.00%;0.00%;0.00%;0.00%;0.00%;0.01%;0.00%;0.00%;0.00%;0.00%;0.00%
18-04-11;-0.49%;0.13%;0.22%;-0.02%;-0.02%;-0.01%;-0.02%;-0.02%;0.00%;-0.02%;0.28%
19-04-11;0.57%;0.03%;0.01%;-1.08%;-1.16%;0.71%;0.23%;0.50%;0.00%;0.49%;-0.82%
20-04-11;0.80%;0.02%;0.08%;0.38%;0.18%;-0.17%;-0.08%;-0.19%;0.00%;-0.20%;0.44%
21-04-11;0.38%;0.06%;0.04%;1.12%;1.62%;-0.90%;-0.48%;-0.80%;0.00%;-0.82%;1.05%
22-04-11;0.00%;0.01%;0.02%;0.82%;0.92%;0.07%;0.18%;0.11%;0.00%;0.00%;0.00%
23-04-11;0.00%;0.00%;0.00%;0.01%;0.01%;0.03%;0.00%;0.00%;0.00%;0.00%;0.00%
24-04-11;0.00%;0.00%;0.00%;0.00%;0.00%;0.01%;0.00%;0.00%;0.00%;0.00%;0.00%
25-04-11;0.19%;0.10%;0.07%;-0.46%;-0.46%;-0.45%;-0.46%;-0.46%;0.00%;-0.46%;0.30%
26-04-11;0.25%;0.03%;0.17%;-0.29%;-0.21%;0.06%;0.05%;0.04%;0.00%;-0.03%;-0.03%
27-04-11;-0.19%;-0.02%;0.06%;0.18%;-0.52%;-0.35%;-0.38%;-0.39%;0.00%;-0.50%;0.03%
28-04-11;0.07%;0.00%;0.06%;-0.27%;-0.70%;-0.78%;-0.61%;-0.76%;0.00%;-0.63%;-0.23%
29-04-11;1.12%;0.01%;-0.05%;0.49%;-0.62%;-0.24%;-0.19%;-0.28%;0.00%;-0.51%;-0.42%
30-04-11;0.00%;0.00%;0.00%;0.29%;0.29%;0.12%;0.19%;0.30%;0.00%;0.00%;0.00%
01-05-11;0.00%;0.00%;0.00%;0.00%;0.00%;0.01%;0.00%;0.00%;0.00%;0.00%;0.00%
02-05-11;0.12%;0.02%;0.02%;0.01%;0.01%;0.02%;0.01%;0.01%;0.00%;0.01%;0.40%
03-05-11;-0.25%;-0.01%;0.08%;0.59%;0.59%;0.35%;0.52%;0.47%;0.00%;0.34%;0.27%
04-05-11;-0.84%;-0.03%;-0.01%;-0.32%;-1.39%;0.38%;0.29%;0.42%;0.00%;0.31%;-0.71%
05-05-11;0.53%;0.05%;0.08%;-0.82%;-1.26%;0.04%;0.12%;0.17%;0.00%;0.00%;-0.94%
06-05-11;0.48%;0.07%;0.02%;0.00%;0.36%;1.33%;0.81%;1.18%;0.00%;1.14%;-0.19%
07-05-11;0.00%;0.00%;0.00%;0.32%;0.16%;0.13%;-0.07%;0.05%;0.00%;0.00%;0.00%
08-05-11;0.00%;0.00%;0.00%;0.00%;0.00%;0.01%;0.00%;0.00%;0.00%;0.00%;0.00%
09-05-11;0.27%;0.08%;0.10%;-0.25%;-0.25%;-0.24%;-0.25%;-0.25%;0.00%;-0.25%;0.35%
10-05-11;0.56%;0.00%;-0.01%;-0.28%;0.00%;0.25%;-0.07%;0.24%;0.00%;0.11%;0.29%
11-05-11;-0.16%;0.02%;0.06%;0.48%;-0.02%;-0.53%;-0.31%;-0.42%;0.00%;-0.45%;0.37%
12-05-11;0.29%;0.01%;0.09%;-0.13%;0.42%;0.56%;0.50%;0.60%;0.00%;0.48%;-0.26%
13-05-11;-0.20%;0.01%;0.02%;-0.39%;-1.51%;0.10%;-0.10%;0.10%;0.00%;0.05%;-0.37%
14-05-11;0.00%;0.00%;0.00%;-0.57%;-0.19%;0.08%;0.02%;0.07%;0.00%;0.00%;0.00%
15-05-11;0.00%;0.00%;0.00%;0.00%;0.00%;0.01%;0.00%;0.00%;0.00%;0.00%;0.00%
16-05-11;0.03%;0.02%;-0.11%;-0.61%;-0.61%;-0.60%;-0.61%;-0.61%;0.00%;-0.61%;-0.73%
17-05-11;-0.10%;0.02%;0.07%;0.41%;0.18%;0.94%;1.00%;0.95%;0.00%;0.88%;0.18%
18-05-11;0.15%;0.06%;-0.01%;0.50%;0.76%;1.10%;0.96%;1.16%;0.00%;1.04%;0.27%
19-05-11;-0.80%;0.09%;-0.01%;0.46%;0.31%;-0.61%;-0.40%;-0.37%;0.00%;-0.50%;0.38%
20-05-11;0.07%;0.02%;0.02%;-0.36%;-0.81%;-0.65%;-0.58%;-0.56%;0.00%;-0.64%;-0.28%
21-05-11;0.00%;0.00%;0.00%;-0.66%;0.03%;0.13%;-0.10%;0.03%;0.00%;0.00%;0.00%
22-05-11;0.00%;0.00%;0.00%;0.00%;0.00%;0.01%;0.00%;0.00%;0.00%;0.00%;0.00%
23-05-11;-0.34%;0.05%;0.07%;-0.09%;-0.09%;-0.08%;-0.09%;-0.09%;0.00%;-0.09%;-0.48%
24-05-11;-0.15%;-0.05%;0.04%;-0.77%;-1.44%;1.00%;0.68%;0.91%;0.00%;0.93%;-0.79%
25-05-11;0.19%;-0.09%;-0.04%;-0.13%;0.70%;-0.29%;-0.24%;-0.43%;0.00%;-0.29%;0.27%
26-05-11;0.63%;0.03%;0.00%;0.31%;-0.62%;0.05%;-0.14%;-0.09%;0.00%;-0.04%;0.05%
27-05-11;0.05%;0.00%;-0.06%;0.27%;1.12%;-0.06%;-0.25%;-0.34%;0.00%;-0.25%;0.60%
28-05-11;0.00%;0.00%;0.00%;0.88%;1.27%;0.04%;0.19%;0.04%;0.00%;0.00%;0.00%
29-05-11;0.00%;0.00%;0.00%;0.00%;0.00%;0.01%;0.00%;0.00%;0.00%;0.00%;0.00%
30-05-11;0.03%;0.06%;0.06%;-0.57%;-0.57%;-0.56%;-0.57%;-0.57%;0.00%;-0.57%;0.49%
31-05-11;0.06%;0.04%;0.02%;-0.01%;0.04%;0.01%;0.00%;0.00%;0.00%;0.00%;0.04%
01-06-11;-0.09%;0.08%;0.16%;0.75%;1.25%;-0.49%;-0.21%;-0.26%;0.00%;-0.47%;0.62%
02-06-11;0.31%;0.05%;0.03%;-1.02%;0.26%;0.55%;0.46%;0.53%;0.00%;0.35%;-0.42%
03-06-11;0.11%;0.00%;0.11%;-0.64%;-0.50%;0.08%;-0.01%;0.03%;0.00%;0.12%;0.02%
04-06-11;0.00%;0.00%;0.00%;-0.39%;-0.28%;0.04%;0.05%;0.13%;0.00%;0.00%;0.00%
05-06-11;0.00%;0.00%;0.00%;0.00%;0.00%;0.01%;0.00%;0.00%;0.00%;0.00%;0.00%
06-06-11;-1.15%;0.00%;0.07%;0.19%;0.19%;0.21%;0.19%;0.19%;0.00%;0.19%;-0.06%
07-06-11;0.02%;-0.06%;0.02%;-0.76%;-0.54%;0.02%;0.05%;0.01%;0.00%;0.02%;-0.79%
08-06-11;0.07%;0.01%;-0.05%;-0.14%;0.05%;-0.40%;-0.25%;-0.18%;0.00%;-0.30%;-0.05%
09-06-11;-0.90%;0.00%;0.01%;-0.62%;-0.48%;0.28%;-0.08%;0.20%;0.00%;0.14%;-0.42%
10-06-11;-0.41%;0.00%;-0.17%;0.42%;-0.32%;-0.08%;-0.28%;-0.01%;0.00%;-0.04%;0.01%
11-06-11;0.00%;0.00%;0.00%;-1.49%;-1.17%;0.13%;-0.21%;0.04%;0.00%;0.00%;0.00%
12-06-11;0.00%;0.00%;0.00%;0.00%;0.00%;0.01%;0.00%;0.00%;0.00%;0.00%;0.00%
13-06-11;-1.33%;0.06%;0.05%;0.17%;0.17%;0.18%;0.17%;0.17%;0.00%;0.17%;-0.90%
14-06-11;-0.29%;-0.04%;0.00%;-0.20%;-0.58%;-0.25%;-0.35%;-0.26%;0.00%;-0.21%;-0.30%
15-06-11;-1.44%;-0.03%;-0.12%;1.15%;0.68%;-0.41%;-0.11%;-0.26%;0.00%;-0.19%;0.35%
16-06-11;-0.85%;0.01%;-0.07%;-1.33%;-0.22%;0.58%;0.06%;0.42%;0.00%;0.36%;-0.99%
17-06-11;1.66%;-0.02%;0.06%;-0.15%;-1.12%;0.78%;0.10%;0.50%;0.00%;0.66%;-0.45%
18-06-11;0.00%;0.00%;0.00%;0.55%;-0.32%;-0.07%;0.11%;-0.07%;0.00%;0.00%;0.00%
19-06-11;0.00%;0.00%;0.00%;0.00%;0.00%;0.01%;0.00%;0.00%;0.00%;0.00%;0.00%
20-06-11;0.07%;0.02%;-0.09%;0.07%;0.07%;0.08%;0.07%;0.07%;0.00%;0.07%;0.18%
21-06-11;1.14%;0.01%;-0.07%;0.43%;-0.14%;0.34%;0.22%;0.34%;0.00%;0.34%;0.22%
22-06-11;0.24%;0.01%;-0.02%;1.17%;0.93%;-0.42%;-0.26%;-0.29%;0.00%;-0.40%;0.71%
23-06-11;-0.38%;0.01%;0.04%;0.04%;0.51%;0.27%;0.41%;0.35%;0.00%;0.21%;0.17%
24-06-11;-0.05%;-0.05%;-0.06%;-0.85%;-0.45%;0.76%;0.08%;0.48%;0.00%;0.54%;-0.31%
25-06-11;0.00%;0.00%;0.00%;-0.48%;0.93%;0.04%;-0.02%;-0.15%;0.00%;0.00%;0.00%
26-06-11;0.00%;0.00%;0.00%;0.00%;0.00%;0.02%;0.00%;0.00%;0.00%;0.00%;0.00%
27-06-11;0.00%;0.00%;0.00%;0.00%;0.00%;0.01%;0.00%;0.00%;0.00%;0.00%;0.00%
28-06-11;1.19%;0.00%;0.08%;0.29%;-0.48%;-0.35%;-0.16%;-0.17%;0.00%;-0.20%;0.10%
29-06-11;0.35%;0.00%;-0.02%;1.01%;0.64%;-0.35%;-0.04%;-0.16%;0.00%;-0.14%;0.77%
30-06-11;0.47%;0.02%;-0.18%;0.96%;0.70%;-0.52%;-0.06%;-0.11%;4.02%;-0.39%;0.62%
01-07-11;0.23%;0.08%;0.02%;0.67%;0.56%;-0.70%;-0.18%;-0.49%;0.00%;0.43%;0.40%
02-07-11;0.00%;0.00%;0.00%;0.95%;0.92%;-0.02%;0.15%;0.08%;0.00%;0.00%;0.00%
03-07-11;0.00%;0.00%;0.00%;0.00%;0.00%;0.01%;0.00%;0.00%;0.00%;0.00%;0.00%
04-07-11;-0.36%;0.10%;0.03%;-0.46%;-0.46%;-0.45%;-0.46%;-0.46%;0.00%;-0.46%;0.50%
05-07-11;0.60%;0.02%;0.08%;0.19%;0.97%;-0.13%;-0.08%;-0.14%;0.00%;-0.14%;0.35%
06-07-11;-0.47%;0.01%;-0.02%;-0.14%;-0.25%;0.16%;0.18%;0.18%;0.00%;0.02%;-0.02%
07-07-11;0.01%;-0.03%;0.02%;-0.30%;-0.44%;0.05%;-0.18%;0.07%;0.00%;-0.02%;-0.29%
08-07-11;-0.15%;0.01%;0.02%;0.05%;-0.14%;-0.87%;-0.49%;-0.65%;0.00%;-0.72%;0.23%
09-07-11;0.00%;0.00%;0.00%;-0.69%;-0.30%;0.38%;-0.03%;0.18%;0.00%;0.00%;0.00%
10-07-11;0.00%;0.00%;0.00%;0.00%;0.00%;0.01%;0.00%;0.00%;0.00%;0.00%;0.00%
11-07-11;-0.27%;0.09%;-0.01%;0.19%;0.19%;0.20%;0.19%;0.19%;0.00%;0.19%;-0.37%
12-07-11;-0.52%;0.06%;0.05%;-1.40%;-1.08%;0.91%;0.17%;0.71%;0.00%;0.73%;-0.86%
13-07-11;-0.12%;0.01%;-0.03%;-0.33%;-1.66%;0.32%;0.05%;0.17%;0.00%;0.24%;-0.50%
14-07-11;-0.42%;0.03%;-0.02%;0.20%;0.69%;-0.81%;-0.47%;-0.82%;0.00%;-0.81%;0.24%
15-07-11;0.46%;0.09%;0.05%;-1.07%;-0.56%;-0.40%;-0.32%;-0.35%;0.00%;-0.35%;-0.51%
16-07-11;0.00%;0.00%;0.00%;0.18%;0.02%;0.06%;0.01%;0.06%;0.00%;0.00%;0.00%
17-07-11;0.00%;0.00%;0.00%;0.00%;0.00%;0.01%;0.00%;0.00%;0.00%;0.00%;0.00%
18-07-11;-0.98%;0.05%;0.10%;0.03%;0.03%;0.04%;0.03%;0.03%;0.00%;0.03%;0.13%
19-07-11;-0.18%;0.00%;-0.05%;-0.85%;-0.77%;0.34%;0.19%;0.39%;0.00%;0.38%;-0.56%
20-07-11;-1.02%;0.04%;0.00%;0.96%;0.08%;-0.41%;-0.31%;-0.39%;0.00%;-0.53%;0.25%
21-07-11;0.22%;0.02%;-0.07%;0.76%;0.89%;0.09%;0.30%;0.22%;0.00%;0.18%;0.16%
22-07-11;0.19%;0.02%;0.06%;1.33%;0.45%;-0.25%;0.28%;-0.04%;0.00%;-0.15%;0.50%
23-07-11;0.00%;0.00%;0.00%;0.37%;0.87%;0.25%;0.22%;0.14%;0.00%;0.00%;0.00%
24-07-11;0.00%;0.00%;0.00%;0.00%;0.00%;0.01%;0.00%;0.00%;0.00%;0.00%;0.00%
25-07-11;-0.16%;0.05%;0.02%;-0.06%;-0.06%;-0.05%;-0.06%;-0.06%;0.00%;-0.06%;0.39%
26-07-11;-1.73%;0.05%;0.05%;-0.33%;-0.19%;0.18%;0.25%;0.26%;0.00%;0.24%;-0.11%
27-07-11;-2.20%;0.00%;-0.01%;-0.71%;-0.07%;-0.70%;-0.57%;-0.67%;0.00%;-0.82%;-0.46%
28-07-11;0.32%;-0.04%;0.02%;-2.10%;-1.00%;-0.29%;-0.52%;-0.31%;0.00%;-0.35%;-1.18%
29-07-11;-0.19%;0.10%;0.03%;-0.74%;-0.57%;-0.19%;-0.39%;-0.06%;0.00%;-0.27%;-0.34%
30-07-11;0.00%;0.00%;0.00%;-0.50%;-0.66%;0.37%;0.14%;0.56%;0.00%;0.00%;0.00%
31-07-11;0.00%;0.00%;0.00%;0.00%;0.00%;0.01%;0.00%;0.00%;0.00%;0.00%;0.00%
01-08-11;0.94%;0.14%;0.06%;0.33%;0.33%;0.34%;0.33%;0.33%;0.00%;0.33%;-0.16%
02-08-11;-1.69%;0.13%;0.09%;-0.43%;1.11%;0.39%;0.15%;0.70%;0.00%;0.24%;0.47%
03-08-11;-1.68%;0.16%;0.04%;-2.26%;-1.91%;0.17%;-0.34%;0.12%;0.00%;-0.10%;-1.34%
04-08-11;-3.83%;0.22%;0.14%;-0.01%;-1.69%;0.57%;0.30%;0.56%;0.00%;0.47%;-1.07%
05-08-11;-1.73%;0.31%;0.03%;-4.06%;-2.36%;0.66%;-0.28%;0.39%;0.00%;0.34%;-2.98%
06-08-11;0.00%;0.00%;0.00%;-1.19%;-3.02%;-0.16%;-0.68%;-0.47%;0.00%;0.00%;0.00%
07-08-11;0.00%;0.00%;0.00%;0.00%;0.00%;0.02%;0.00%;0.00%;0.00%;0.00%;0.00%
08-08-11;-6.24%;0.41%;0.20%;0.55%;0.55%;0.56%;0.55%;0.55%;0.00%;0.55%;-1.27%
09-08-11;4.73%;0.16%;-0.05%;-3.32%;-3.07%;2.42%;0.32%;0.96%;0.00%;1.93%;-3.56%
10-08-11;2.14%;0.10%;0.06%;2.86%;-2.14%;0.14%;-0.70%;0.07%;0.00%;0.07%;0.83%
11-08-11;2.39%;0.11%;0.02%;-3.12%;1.14%;0.26%;-0.41%;-0.17%;0.00%;-0.14%;-1.33%
12-08-11;0.73%;-0.01%;0.03%;3.38%;1.16%;-0.19%;-0.54%;-0.76%;0.00%;0.22%;2.26%
13-08-11;0.00%;0.00%;0.00%;1.22%;0.04%;0.13%;0.41%;0.00%;0.00%;0.00%;0.00%
14-08-11;0.00%;0.00%;0.00%;0.00%;0.00%;0.02%;0.00%;0.00%;0.00%;0.00%;0.00%
15-08-11;0.00%;0.02%;0.02%;0.00%;0.00%;0.02%;0.00%;0.00%;0.00%;0.00%;0.00%
16-08-11;-0.51%;-0.02%;0.44%;1.13%;1.48%;-0.97%;-0.03%;-0.41%;0.00%;-0.90%;1.57%
17-08-11;0.28%;0.04%;-0.02%;-0.20%;1.04%;0.61%;0.66%;0.91%;0.00%;0.48%;0.20%
18-08-11;-1.57%;0.23%;-0.01%;-0.61%;-0.37%;-0.65%;-0.57%;-0.57%;0.00%;-0.95%;0.02%
19-08-11;-0.53%;0.34%;0.10%;-3.89%;-2.32%;0.94%;0.11%;0.77%;0.00%;0.58%;-2.11%
20-08-11;0.00%;0.00%;0.00%;-1.42%;-2.57%;-0.05%;-0.18%;-0.10%;0.00%;0.00%;0.00%
21-08-11;0.00%;0.00%;0.00%;0.00%;0.00%;0.02%;0.00%;0.00%;0.00%;0.00%;0.00%
22-08-11;-0.24%;0.07%;-0.01%;-0.41%;-0.41%;-0.39%;-0.41%;-0.41%;0.00%;-0.41%;-1.06%
23-08-11;0.90%;0.15%;0.13%;-0.15%;-0.53%;-0.18%;-0.31%;-0.11%;0.00%;-0.12%;-0.40%
24-08-11;0.05%;0.30%;0.07%;2.22%;1.94%;-0.28%;-0.72%;-0.49%;0.00%;-0.09%;1.07%
25-08-11;-0.95%;0.20%;0.01%;0.78%;-0.92%;-0.50%;-0.47%;-0.51%;0.00%;-0.16%;0.27%
26-08-11;0.01%;0.30%;-0.02%;-1.17%;-0.49%;0.13%;0.09%;-0.03%;0.00%;0.03%;-0.86%
27-08-11;0.00%;0.00%;0.00%;0.73%;0.29%;0.10%;-0.07%;0.07%;0.00%;0.00%;0.00%
28-08-11;0.00%;0.00%;0.00%;0.00%;0.00%;0.02%;0.00%;0.00%;0.00%;0.00%;0.00%
29-08-11;1.69%;0.15%;0.15%;0.01%;0.01%;0.02%;0.01%;0.01%;0.00%;0.01%;0.37%
30-08-11;1.24%;0.27%;0.13%;1.91%;2.44%;-0.55%;-0.25%;-0.44%;0.00%;-0.47%;1.49%
31-08-11;0.47%;0.08%;0.46%;0.65%;1.11%;0.39%;0.53%;0.40%;0.00%;0.20%;1.08%
01-09-11;0.34%;-0.10%;0.21%;0.72%;1.37%;-0.72%;0.14%;-0.09%;0.00%;-0.53%;0.96%
02-09-11;-0.98%;0.15%;0.11%;-1.22%;-0.09%;-0.33%;-0.42%;-0.32%;0.00%;-0.56%;-0.13%
03-09-11;0.00%;0.00%;0.00%;-2.34%;-1.56%;0.31%;-0.09%;0.08%;0.00%;0.00%;0.00%
04-09-11;0.00%;0.00%;0.00%;0.00%;0.00%;0.02%;0.00%;0.00%;0.00%;0.00%;0.00%
05-09-11;-2.76%;0.28%;0.16%;-0.06%;-0.06%;-0.05%;-0.06%;-0.06%;0.00%;-0.06%;-1.12%
06-09-11;-0.08%;0.42%;0.20%;-1.41%;-2.74%;0.59%;0.22%;0.44%;0.00%;0.44%;-1.54%
07-09-11;2.01%;0.11%;-0.04%;-0.65%;0.21%;0.42%;-0.38%;0.23%;0.00%;0.36%;-0.37%
08-09-11;-0.26%;-0.25%;-0.04%;2.44%;1.89%;-0.42%;-0.03%;-0.24%;0.00%;-0.30%;1.46%
09-09-11;-1.97%;-0.16%;0.00%;-0.20%;0.55%;0.25%;0.22%;0.23%;0.00%;0.13%;-0.19%
10-09-11;0.00%;0.00%;0.00%;-3.03%;-2.11%;0.22%;-0.50%;-0.11%;0.00%;0.00%;0.00%
11-09-11;0.00%;0.00%;0.00%;0.00%;0.00%;0.02%;0.00%;0.00%;0.00%;0.00%;0.00%
12-09-11;-2.03%;0.17%;0.09%;0.76%;0.76%;0.77%;0.76%;0.76%;0.00%;0.76%;-1.33%
13-09-11;0.52%;-0.06%;-0.08%;0.50%;-0.67%;1.44%;0.74%;1.25%;0.00%;1.56%;-0.63%
14-09-11;0.41%;-0.11%;0.01%;1.40%;-0.25%;0.15%;0.20%;0.08%;0.00%;0.32%;0.21%
15-09-11;0.37%;-0.18%;-0.21%;1.18%;-0.97%;0.23%;0.30%;-0.04%;0.00%;0.26%;-0.13%
16-09-11;-0.37%;-0.10%;0.05%;2.48%;1.53%;0.20%;0.64%;0.09%;0.00%;0.36%;0.90%
17-09-11;0.00%;0.00%;0.00%;0.56%;1.36%;0.20%;0.18%;0.09%;0.00%;0.00%;0.00%
18-09-11;0.00%;0.00%;0.00%;0.00%;0.00%;0.02%;0.00%;0.00%;0.00%;0.00%;0.00%
19-09-11;0.00%;0.00%;0.00%;0.00%;0.00%;0.02%;0.00%;0.00%;0.00%;0.00%;0.00%
20-09-11;0.94%;-0.04%;0.03%;-1.51%;-2.69%;0.39%;-0.22%;0.03%;0.00%;0.15%;-0.82%
21-09-11;-1.13%;-0.25%;-0.31%;2.31%;2.03%;1.81%;1.91%;1.65%;0.00%;1.84%;0.54%
22-09-11;-4.63%;0.35%;0.14%;0.28%;1.26%;2.58%;2.29%;2.23%;0.00%;2.43%;-0.28%
23-09-11;-1.09%;0.58%;0.15%;-0.06%;-2.28%;4.55%;2.93%;3.18%;0.00%;4.23%;-2.25%
24-09-11;0.00%;0.00%;0.00%;0.52%;-2.19%;-0.21%;-0.48%;-1.28%;0.00%;0.00%;0.00%
25-09-11;0.00%;0.00%;0.00%;0.00%;0.00%;0.02%;0.00%;0.00%;0.00%;0.00%;0.00%
26-09-11;0.73%;0.02%;0.11%;-0.44%;-0.44%;-0.42%;-0.44%;-0.44%;0.00%;-0.44%;-0.79%
27-09-11;2.23%;-0.09%;-0.07%;-0.08%;-2.57%;-1.62%;-1.79%;-2.36%;0.00%;-1.40%;-0.91%
28-09-11;-0.48%;-0.10%;0.04%;1.14%;3.22%;-1.87%;-1.34%;-1.83%;0.00%;-1.59%;1.71%
29-09-11;-0.01%;0.00%;0.02%;-0.62%;0.59%;0.86%;0.55%;0.95%;0.00%;0.84%;-0.52%
30-09-11;-0.27%;-0.05%;0.11%;1.94%;1.68%;1.37%;1.09%;1.44%;-4.85%;1.30%;0.80%
01-10-11;0.00%;0.00%;0.00%;-2.29%;-1.58%;0.18%;-0.81%;-0.01%;0.00%;-6.31%;0.00%
02-10-11;0.00%;0.00%;0.00%;0.00%;0.00%;0.01%;0.00%;0.00%;0.00%;0.00%;0.00%
03-10-11;-2.59%;0.24%;0.22%;1.28%;1.28%;1.29%;1.28%;1.28%;0.00%;1.28%;-1.10%
04-10-11;-3.38%;0.35%;-0.19%;-1.88%;-2.43%;1.12%;-0.13%;0.47%;0.00%;0.80%;-1.80%
05-10-11;1.78%;0.21%;0.02%;1.45%;-1.03%;1.46%;0.03%;0.77%;0.00%;1.47%;-0.57%
06-10-11;3.92%;-0.25%;-0.05%;1.51%;0.13%;-0.77%;-0.33%;-0.62%;0.00%;-0.51%;1.01%
07-10-11;-0.46%;-0.27%;-0.27%;1.03%;1.77%;-1.64%;-0.52%;-0.85%;0.00%;-1.47%;1.60%
08-10-11;0.00%;0.00%;0.00%;0.21%;2.27%;-0.11%;0.59%;0.47%;0.00%;0.00%;0.00%
09-10-11;0.00%;0.00%;0.00%;0.00%;0.00%;0.01%;0.00%;0.00%;0.00%;0.00%;0.00%
10-10-11;0.00%;0.00%;0.00%;0.00%;0.00%;0.01%;0.00%;0.00%;0.00%;0.00%;0.00%
11-10-11;1.53%;-0.14%;-0.09%;0.82%;-0.18%;-1.90%;-1.57%;-1.84%;0.00%;-1.84%;1.14%
12-10-11;1.28%;-0.21%;-0.18%;0.01%;1.01%;-0.30%;0.51%;0.59%;0.00%;-0.22%;0.70%
13-10-11;0.36%;-0.02%;0.17%;-0.61%;-0.53%;-2.22%;-0.91%;-1.35%;0.00%;-2.03%;0.47%
14-10-11;-0.15%;0.20%;-0.10%;-0.16%;1.18%;0.63%;0.68%;0.89%;0.00%;0.39%;0.35%
15-10-11;0.00%;0.00%;0.00%;1.46%;0.54%;-0.21%;0.58%;0.27%;0.00%;0.00%;0.00%
16-10-11;0.00%;0.00%;0.00%;0.00%;0.00%;0.01%;0.00%;0.00%;0.00%;0.00%;0.00%
17-10-11;0.08%;0.05%;0.13%;-0.94%;-0.94%;-0.93%;-0.94%;-0.94%;0.00%;-0.94%;0.63%
18-10-11;1.31%;-0.01%;-0.09%;-0.76%;1.12%;0.74%;0.79%;0.79%;0.00%;0.47%;-0.40%
19-10-11;0.72%;-0.13%;-0.02%;2.30%;0.11%;1.86%;1.71%;1.85%;0.00%;1.82%;0.89%
20-10-11;-0.13%;-0.10%;-0.08%;-0.58%;0.48%;-0.40%;0.35%;-0.25%;0.00%;-0.36%;-0.07%
21-10-11;1.08%;-0.07%;-0.03%;0.54%;-1.51%;1.24%;1.27%;1.17%;0.00%;1.23%;-0.24%
22-10-11;0.00%;0.00%;0.00%;2.32%;1.35%;-0.08%;0.74%;-0.03%;0.00%;0.00%;0.00%
23-10-11;0.00%;0.00%;0.00%;0.00%;0.00%;0.01%;0.00%;0.00%;0.00%;0.00%;0.00%
24-10-11;1.49%;-0.05%;0.00%;-0.55%;-0.55%;-0.54%;-0.55%;-0.55%;0.00%;-0.55%;0.92%
25-10-11;-1.10%;-0.18%;0.02%;0.37%;2.04%;-1.14%;-0.62%;-0.90%;0.00%;-1.10%;1.30%
26-10-11;0.56%;-0.23%;-0.11%;-1.99%;-0.03%;-0.28%;-0.18%;-0.30%;0.00%;-0.65%;-0.86%
27-10-11;3.16%;-0.62%;-0.26%;-0.15%;-0.01%;-0.48%;-0.45%;-0.25%;0.00%;-0.54%;0.52%
28-10-11;0.23%;-0.75%;-0.73%;2.29%;1.60%;-2.18%;-0.39%;-1.23%;0.00%;-1.83%;1.90%
29-10-11;0.00%;0.00%;0.00%;0.27%;1.63%;0.11%;0.40%;0.38%;0.00%;0.00%;0.00%
30-10-11;0.00%;0.00%;0.00%;0.00%;0.00%;0.01%;0.00%;0.00%;0.00%;0.00%;0.00%
31-10-11;0.00%;0.00%;0.00%;0.00%;0.00%;0.01%;0.00%;0.00%;0.00%;0.00%;0.00%
01-11-11;0.00%;0.00%;0.00%;-2.99%;-1.45%;0.38%;-0.39%;0.25%;0.00%;0.00%;0.00%
02-11-11;-0.99%;0.13%;0.25%;-3.91%;-3.09%;0.10%;-1.57%;-0.50%;0.00%;-0.36%;-1.81%
03-11-11;0.14%;-0.01%;-0.03%;3.51%;3.12%;2.20%;2.60%;2.35%;0.00%;2.26%;1.28%
04-11-11;-0.15%;-0.20%;0.00%;0.66%;-1.12%;-0.93%;-0.60%;-0.47%;0.00%;-0.80%;0.07%
05-11-11;0.00%;0.00%;0.00%;-0.31%;1.60%;0.08%;0.19%;0.21%;0.00%;0.00%;0.00%
06-11-11;0.00%;0.00%;0.00%;0.00%;0.00%;0.01%;0.00%;0.00%;0.00%;0.00%;0.00%
07-11-11;1.33%;0.04%;0.10%;-0.69%;-0.69%;-0.67%;-0.69%;-0.69%;0.00%;-0.69%;-0.35%
08-11-11;0.50%;0.14%;0.05%;1.27%;1.16%;1.11%;1.06%;1.24%;0.00%;1.09%;0.89%
09-11-11;-1.50%;0.32%;0.19%;0.50%;-0.38%;-0.47%;-0.29%;-0.31%;0.00%;-0.41%;0.49%
10-11-11;-0.06%;0.14%;-0.08%;-2.37%;-0.51%;0.59%;-0.23%;0.41%;0.00%;0.56%;-1.59%
11-11-11;0.96%;-0.17%;-0.10%;0.02%;-2.57%;0.03%;-0.08%;-0.13%;0.00%;0.13%;-0.32%
12-11-11;0.00%;0.00%;0.00%;2.23%;1.79%;-0.02%;0.20%;0.00%;0.00%;0.00%;0.00%
13-11-11;0.00%;0.00%;0.00%;0.00%;0.00%;0.01%;0.00%;0.00%;0.00%;0.00%;0.00%
14-11-11;-0.19%;-0.15%;-0.06%;-0.24%;-0.24%;-0.22%;-0.24%;-0.24%;0.00%;-0.24%;0.90%
15-11-11;0.39%;-0.15%;-0.26%;-0.57%;0.95%;0.37%;0.31%;0.41%;0.00%;0.34%;0.00%
16-11-11;0.35%;-0.01%;0.04%;0.84%;0.34%;0.96%;0.71%;0.96%;0.00%;1.12%;0.28%
17-11-11;-1.44%;0.10%;0.08%;-0.08%;-0.03%;0.93%;0.76%;0.67%;0.00%;0.92%;-0.18%
18-11-11;-0.47%;0.12%;0.09%;-1.50%;-0.96%;-0.14%;-0.32%;-0.33%;0.00%;-0.11%;-0.95%
19-11-11;0.00%;0.00%;0.00%;-0.44%;-1.89%;-0.03%;-0.22%;-0.18%;0.00%;0.00%;0.00%
20-11-11;0.00%;0.00%;0.00%;0.00%;0.00%;0.01%;0.00%;0.00%;0.00%;0.00%;0.00%
21-11-11;-1.55%;0.19%;0.16%;-0.19%;-0.19%;-0.18%;-0.19%;-0.19%;0.00%;-0.19%;-0.83%
22-11-11;-1.13%;0.16%;-0.02%;-0.73%;-1.04%;1.64%;1.03%;1.26%;0.00%;1.58%;-1.24%
23-11-11;-2.20%;0.12%;0.14%;-0.38%;-0.11%;-0.08%;-0.41%;-0.35%;0.00%;-0.05%;-0.19%
24-11-11;-0.07%;0.16%;-0.03%;-0.96%;-1.47%;1.11%;0.57%;0.96%;0.00%;1.22%;-1.25%
25-11-11;-1.22%;0.28%;0.01%;-0.64%;-0.03%;-0.47%;-0.47%;-0.36%;0.00%;-0.36%;-0.32%
26-11-11;0.00%;0.00%;0.00%;-0.18%;-1.22%;-0.31%;-0.20%;-0.26%;0.00%;0.00%;0.00%
27-11-11;0.00%;0.00%;0.00%;0.00%;0.00%;0.01%;0.00%;0.00%;0.00%;0.00%;0.00%
28-11-11;2.01%;0.20%;0.06%;0.84%;0.84%;0.86%;0.84%;0.84%;0.00%;0.84%;-0.26%
29-11-11;0.07%;-0.07%;0.03%;2.01%;1.70%;-0.99%;-0.76%;-1.01%;0.00%;-1.10%;1.45%
30-11-11;2.08%;-0.06%;0.10%;1.27%;1.41%;0.61%;0.56%;0.50%;0.00%;0.61%;0.84%
01-12-11;-0.36%;-0.23%;-0.04%;2.56%;0.73%;-1.26%;-0.71%;-1.08%;0.00%;-1.32%;1.91%
02-12-11;0.00%;-0.08%;0.07%;-0.72%;2.56%;-0.52%;-0.30%;-0.30%;0.00%;-0.71%;0.36%
03-12-11;0.00%;0.00%;0.00%;0.27%;0.18%;0.20%;0.36%;0.35%;0.00%;0.00%;0.00%
04-12-11;0.00%;0.00%;0.00%;0.00%;0.00%;0.01%;0.00%;0.00%;0.00%;0.00%;0.00%
05-12-11;-0.71%;0.24%;0.15%;-0.16%;-0.16%;-0.15%;-0.16%;-0.16%;0.00%;-0.16%;0.09%
06-12-11;-0.22%;0.16%;-0.08%;1.02%;0.60%;0.31%;0.59%;0.40%;0.00%;0.04%;0.52%
07-12-11;1.16%;0.14%;0.06%;-0.55%;-1.40%;-0.07%;0.00%;0.05%;0.00%;-0.08%;-0.65%
08-12-11;0.00%;0.00%;0.00%;0.32%;0.62%;0.14%;0.21%;0.06%;0.00%;0.00%;0.00%
09-12-11;0.54%;0.03%;0.00%;-2.69%;-2.01%;-0.73%;-0.88%;-0.85%;0.00%;-0.79%;-1.12%
10-12-11;0.00%;0.00%;0.00%;1.07%;-1.42%;-0.13%;-0.04%;-0.10%;0.00%;0.00%;0.00%
11-12-11;0.00%;0.00%;0.00%;0.00%;0.00%;0.01%;0.00%;0.00%;0.00%;0.00%;0.00%
12-12-11;-0.47%;0.03%;0.10%;0.34%;0.34%;0.35%;0.34%;0.34%;0.00%;0.34%;0.44%
13-12-11;0.17%;0.03%;0.00%;-0.83%;-0.26%;0.90%;0.51%;0.76%;0.00%;0.72%;-1.06%
14-12-11;-1.09%;0.08%;-0.06%;-0.61%;-0.66%;0.30%;0.06%;0.15%;0.00%;0.20%;-0.19%
15-12-11;0.31%;0.15%;0.07%;-1.11%;-0.76%;0.83%;0.33%;0.51%;0.00%;0.65%;-0.87%
16-12-11;0.07%;0.16%;-0.10%;0.45%;-0.70%;0.18%;0.12%;-0.01%;0.00%;0.11%;0.02%
17-12-11;0.00%;0.00%;0.00%;0.32%;0.82%;0.22%;0.18%;0.10%;0.00%;0.00%;0.00%
18-12-11;0.00%;0.00%;0.00%;0.00%;0.00%;0.02%;0.00%;0.00%;0.00%;0.00%;0.00%
19-12-11;0.02%;0.07%;0.01%;-0.34%;-0.34%;-0.33%;-0.34%;-0.34%;0.00%;-0.34%;0.14%
20-12-11;0.57%;-0.03%;0.01%;-0.39%;-1.13%;0.68%;0.65%;0.61%;0.00%;0.58%;-0.60%
21-12-11;0.36%;-0.05%;0.00%;2.18%;1.03%;-0.44%;-0.04%;-0.31%;0.00%;-0.32%;1.07%
22-12-11;0.08%;-0.04%;-0.05%;0.78%;2.46%;0.68%;0.82%;0.86%;0.00%;0.76%;0.70%
23-12-11;-0.03%;0.03%;0.07%;0.35%;-0.09%;-0.42%;-0.30%;-0.38%;0.00%;-0.46%;0.32%
24-12-11;0.00%;0.00%;0.00%;0.75%;0.88%;-0.08%;0.04%;-0.07%;0.00%;0.00%;0.00%
25-12-11;0.00%;0.00%;0.00%;0.00%;0.00%;0.02%;0.00%;0.00%;0.00%;0.00%;0.00%
26-12-11;-0.39%;0.03%;-0.09%;0.03%;0.03%;0.05%;0.03%;0.03%;0.00%;0.03%;0.36%
27-12-11;0.31%;0.06%;0.13%;0.08%;0.02%;0.05%;0.03%;0.03%;0.00%;0.03%;-0.01%
28-12-11;-0.63%;0.18%;0.06%;0.30%;-0.11%;0.31%;0.36%;0.38%;0.00%;0.24%;-0.01%
29-12-11;0.45%;0.24%;0.14%;-1.31%;-1.22%;0.23%;0.02%;0.13%;0.00%;-0.01%;-0.86%
30-12-11;0.11%;0.16%;0.21%;0.77%;0.07%;0.05%;0.00%;-0.06%;2.79%;-0.05%;0.37%
31-12-11;0.00%;0.00%;0.00%;0.43%;0.24%;0.07%;0.17%;0.03%;0.00%;0.00%;0.00%
01-01-12;0.00%;0.00%;0.00%;0.00%;0.00%;0.02%;0.00%;0.00%;0.00%;3.43%;0.00%
02-01-12;-0.40%;0.06%;0.06%;-0.43%;-0.43%;-0.42%;-0.43%;-0.43%;0.00%;-0.43%;-0.07%
03-01-12;0.23%;-0.01%;0.04%;0.10%;-0.11%;-0.18%;-0.19%;-0.19%;0.00%;-0.19%;0.00%
04-01-12;0.69%;0.07%;-0.06%;0.93%;1.73%;-0.89%;-0.15%;-0.47%;0.00%;-0.75%;0.88%
05-01-12;-0.18%;0.26%;0.09%;-0.61%;-0.66%;-0.47%;-0.44%;-0.43%;0.00%;-0.41%;0.02%
06-01-12;0.24%;0.20%;0.03%;-0.63%;-0.63%;-0.09%;-0.21%;-0.14%;0.00%;-0.08%;-0.30%
07-01-12;0.00%;0.00%;0.00%;-0.44%;-0.58%;0.05%;-0.02%;-0.09%;0.00%;0.00%;0.00%
08-01-12;0.00%;0.00%;0.00%;0.00%;0.00%;0.01%;0.00%;0.00%;0.00%;0.00%;0.00%
09-01-12;0.15%;-0.03%;0.08%;-0.44%;-0.44%;-0.43%;-0.44%;-0.44%;0.00%;-0.44%;-0.45%
10-01-12;0.07%;-0.12%;0.04%;0.63%;0.98%;0.66%;0.67%;0.62%;0.00%;0.56%;0.55%
11-01-12;-0.16%;0.05%;0.10%;0.55%;1.20%;-0.71%;-0.50%;-0.81%;0.00%;-0.71%;0.79%
12-01-12;0.30%;0.14%;0.02%;-0.63%;-0.38%;-0.12%;-0.44%;-0.42%;0.00%;-0.36%;-0.13%
13-01-12;-0.18%;0.20%;0.16%;-0.82%;-0.57%;-0.96%;-0.85%;-0.97%;0.00%;-1.08%;-0.12%
14-01-12;0.00%;0.00%;0.00%;-0.52%;-0.06%;0.18%;-0.18%;0.04%;0.00%;0.00%;0.00%
15-01-12;0.00%;0.00%;0.00%;0.00%;0.00%;0.01%;0.00%;0.00%;0.00%;0.00%;0.00%
16-01-12;0.25%;0.35%;0.40%;0.10%;0.10%;0.11%;0.10%;0.10%;0.00%;0.10%;-0.13%
17-01-12;0.11%;0.03%;0.10%;-0.08%;-0.31%;-0.13%;-0.18%;-0.20%;0.00%;-0.20%;-0.10%
18-01-12;0.39%;0.05%;0.04%;-0.10%;1.27%;-0.87%;-0.61%;-0.78%;0.00%;-0.86%;0.64%
19-01-12;0.40%;0.10%;-0.01%;0.95%;0.95%;0.01%;0.34%;0.23%;0.00%;0.07%;0.78%
20-01-12;0.17%;0.04%;0.17%;-0.15%;0.03%;-1.16%;-0.56%;-0.82%;0.00%;-1.04%;0.37%
21-01-12;0.00%;0.00%;0.00%;0.21%;0.37%;-0.09%;0.25%;0.29%;0.00%;0.00%;0.00%
22-01-12;0.00%;0.00%;0.00%;0.00%;0.00%;0.01%;0.00%;0.00%;0.00%;0.00%;0.00%
23-01-12;-0.54%;0.04%;0.11%;-0.07%;-0.07%;-0.06%;-0.07%;-0.07%;0.00%;-0.07%;0.08%
24-01-12;-0.14%;0.08%;0.03%;-0.19%;-0.30%;-0.79%;-0.35%;-0.63%;0.00%;-0.76%;-0.05%
25-01-12;-0.50%;0.06%;0.08%;0.59%;0.83%;1.04%;1.14%;1.16%;0.00%;1.04%;0.34%
26-01-12;-0.02%;0.09%;0.03%;0.64%;0.34%;0.27%;0.41%;0.41%;0.00%;0.13%;0.36%
27-01-12;0.15%;0.02%;-0.02%;-1.04%;-0.09%;-1.29%;-0.88%;-1.31%;0.00%;-1.62%;-0.25%
28-01-12;0.00%;0.00%;0.00%;-0.36%;0.16%;0.19%;0.13%;0.22%;0.00%;0.00%;0.00%
29-01-12;0.00%;0.00%;0.00%;0.00%;0.00%;0.01%;0.00%;0.00%;0.00%;0.00%;0.00%
30-01-12;-0.09%;0.01%;0.10%;-0.06%;-0.06%;-0.05%;-0.06%;-0.06%;0.00%;-0.06%;0.15%
31-01-12;0.68%;0.07%;0.06%;0.17%;-0.28%;0.91%;0.67%;0.89%;0.00%;0.75%;-0.25%
01-02-12;0.81%;0.08%;0.02%;0.11%;1.27%;0.10%;0.04%;0.14%;0.00%;-0.05%;0.45%
02-02-12;0.48%;0.04%;0.09%;1.14%;0.81%;-0.19%;0.18%;-0.06%;0.00%;-0.21%;0.81%
03-02-12;0.90%;-0.05%;0.04%;-0.64%;0.54%;-0.78%;-0.66%;-0.59%;0.00%;-0.83%;0.36%
04-02-12;0.00%;0.00%;0.00%;1.10%;0.42%;-0.21%;0.26%;0.17%;0.00%;0.00%;0.00%
05-02-12;0.00%;0.00%;0.00%;0.00%;0.00%;0.01%;0.00%;0.00%;0.00%;0.00%;0.00%
06-02-12;-0.08%;-0.14%;0.06%;-1.05%;-1.05%;-1.04%;-1.05%;-1.05%;0.00%;-1.05%;0.38%
07-02-12;-0.29%;-0.06%;0.03%;0.49%;0.41%;0.66%;0.61%;0.60%;0.00%;0.51%;0.22%
08-02-12;0.02%;0.00%;0.03%;0.15%;-0.10%;-0.37%;0.05%;-0.25%;0.00%;-0.23%;-0.01%
09-02-12;0.75%;-0.03%;0.06%;-0.35%;0.56%;-0.59%;-0.45%;-0.63%;0.00%;-0.60%;0.12%
10-02-12;0.13%;0.03%;0.03%;-0.15%;-0.29%;-0.48%;-0.27%;-0.33%;0.00%;-0.39%;-0.07%
11-02-12;0.00%;0.00%;0.00%;-1.14%;-1.85%;0.18%;-0.29%;0.08%;0.00%;0.00%;0.00%
12-02-12;0.00%;0.00%;0.00%;0.00%;0.00%;0.01%;0.00%;0.00%;0.00%;0.00%;0.00%
13-02-12;0.42%;0.07%;0.00%;0.65%;0.65%;0.66%;0.65%;0.65%;0.00%;0.65%;-0.44%
14-02-12;0.10%;0.04%;0.03%;0.72%;1.02%;0.00%;0.20%;0.27%;0.00%;-0.04%;0.72%
15-02-12;0.80%;-0.03%;-0.03%;0.59%;0.43%;1.16%;0.91%;1.10%;0.00%;1.00%;0.31%
16-02-12;0.17%;0.04%;0.09%;0.05%;1.05%;-0.05%;-0.13%;0.00%;0.00%;-0.05%;0.34%
17-02-12;1.01%;0.13%;0.02%;1.23%;-0.08%;0.66%;0.65%;0.78%;0.00%;0.79%;0.55%
18-02-12;0.00%;0.00%;0.00%;0.62%;1.26%;-0.03%;0.39%;0.13%;0.00%;0.00%;0.00%
19-02-12;0.00%;0.00%;0.00%;0.00%;0.00%;0.01%;0.00%;0.00%;0.00%;0.00%;0.00%
20-02-12;-0.11%;0.06%;0.05%;-0.55%;-0.55%;-0.53%;-0.55%;-0.55%;0.00%;-0.55%;0.38%
21-02-12;-0.45%;-0.20%;-0.08%;0.30%;0.02%;-0.34%;-0.17%;-0.36%;0.00%;-0.36%;0.02%
22-02-12;-0.05%;-0.28%;-0.04%;-0.28%;-0.33%;-0.14%;0.16%;0.24%;0.00%;-0.14%;-0.21%
23-02-12;-0.43%;-0.16%;0.03%;0.00%;0.44%;0.56%;0.60%;0.73%;0.00%;0.43%;0.15%
24-02-12;0.35%;-0.12%;-0.02%;-0.09%;-1.01%;-0.43%;-0.21%;-0.35%;0.00%;-0.52%;-0.22%
25-02-12;0.00%;0.00%;0.00%;0.49%;0.78%;0.08%;0.49%;0.21%;0.00%;0.00%;0.00%
26-02-12;0.00%;0.00%;0.00%;0.00%;0.00%;0.01%;0.00%;0.00%;0.00%;0.00%;0.00%
27-02-12;-0.10%;-0.03%;0.06%;-0.42%;-0.42%;-0.40%;-0.42%;-0.42%;0.00%;-0.42%;-0.02%
28-02-12;0.50%;-0.06%;-0.02%;0.30%;-0.58%;0.65%;0.49%;0.59%;0.00%;0.46%;-0.11%
29-02-12;0.26%;-0.13%;-0.18%;-0.42%;0.36%;-0.72%;-0.60%;-0.70%;0.00%;-0.81%;0.18%
01-03-12;0.51%;-0.06%;-0.01%;-0.55%;0.75%;-0.22%;-0.10%;-0.15%;0.00%;-0.24%;0.15%
02-03-12;-0.11%;0.05%;-0.01%;1.36%;0.66%;0.89%;1.02%;1.13%;0.00%;0.91%;0.68%
03-03-12;0.00%;0.00%;0.00%;-0.46%;0.33%;0.19%;-0.02%;0.43%;0.00%;0.00%;0.00%
04-03-12;0.00%;0.00%;0.00%;0.00%;0.00%;0.01%;0.00%;0.00%;0.00%;0.00%;0.00%
05-03-12;-0.82%;0.24%;0.13%;0.80%;0.80%;0.81%;0.80%;0.80%;0.00%;0.80%;0.38%
06-03-12;-0.42%;0.23%;0.07%;-0.37%;-1.23%;0.05%;0.03%;0.09%;0.00%;0.12%;-0.56%
07-03-12;-0.09%;0.15%;0.06%;-1.13%;-1.34%;1.00%;0.25%;0.73%;0.00%;0.95%;-1.16%
08-03-12;0.65%;0.03%;0.02%;0.83%;0.05%;0.38%;0.42%;0.26%;0.00%;0.39%;0.42%
09-03-12;0.09%;-0.04%;-0.02%;0.21%;0.09%;-1.33%;-0.89%;-1.09%;0.00%;-1.34%;0.38%
10-03-12;0.00%;0.00%;0.00%;0.12%;0.70%;0.01%;-0.05%;0.19%;0.00%;0.00%;0.00%
11-03-12;0.00%;0.00%;0.00%;0.00%;0.00%;0.02%;0.00%;0.00%;0.00%;0.00%;0.00%
12-03-12;0.07%;-0.17%;0.02%;-0.32%;-0.32%;-0.31%;-0.32%;-0.32%;0.00%;-0.32%;0.12%
13-03-12;0.08%;-0.27%;-0.04%;0.11%;-0.61%;0.37%;0.40%;0.46%;0.00%;0.28%;-0.21%
14-03-12;0.46%;-0.30%;0.00%;1.45%;1.50%;-0.17%;0.16%;0.18%;0.00%;-0.02%;0.85%
15-03-12;0.59%;-0.20%;-0.17%;0.00%;0.24%;-0.22%;0.21%;0.02%;0.00%;0.21%;0.04%
16-03-12;0.08%;-0.04%;-0.01%;0.43%;-0.37%;-0.32%;-0.30%;-0.40%;0.00%;-0.24%;0.17%
17-03-12;0.00%;0.00%;0.00%;0.49%;-0.19%;-0.06%;0.16%;-0.06%;0.00%;0.00%;0.00%
18-03-12;0.00%;0.00%;0.00%;0.00%;0.00%;0.01%;0.00%;0.00%;0.00%;0.00%;0.00%
19-03-12;1.02%;0.00%;0.07%;-0.75%;-0.75%;-0.74%;-0.75%;-0.75%;0.00%;-0.75%;-0.26%
20-03-12;-0.50%;-0.05%;-0.05%;0.76%;0.21%;0.38%;0.57%;0.38%;0.00%;0.40%;0.33%
21-03-12;0.13%;0.01%;0.03%;-0.10%;-0.50%;0.58%;0.43%;0.47%;0.00%;0.57%;-0.40%
22-03-12;-0.50%;0.23%;0.05%;-0.45%;-0.34%;0.08%;-0.14%;-0.11%;0.00%;-0.13%;-0.11%
23-03-12;0.59%;0.16%;0.05%;-0.05%;-0.11%;0.61%;0.41%;0.49%;0.00%;0.56%;-0.41%
24-03-12;0.00%;0.00%;0.00%;0.30%;0.13%;0.12%;0.00%;-0.08%;0.00%;0.00%;0.00%
25-03-12;0.00%;0.00%;0.00%;0.00%;0.00%;0.01%;0.00%;0.00%;0.00%;0.00%;0.00%
26-03-12;0.85%;-0.13%;0.02%;0.37%;0.37%;0.38%;0.37%;0.37%;0.00%;0.37%;0.37%
27-03-12;0.60%;-0.10%;-0.05%;0.49%;-0.38%;-0.65%;-0.50%;-0.62%;0.00%;-0.66%;0.41%
28-03-12;-0.35%;-0.03%;0.06%;-0.05%;1.08%;0.16%;0.09%;0.03%;0.00%;0.02%;0.30%
29-03-12;-0.28%;0.03%;0.02%;-0.17%;-0.62%;0.53%;0.44%;0.56%;0.00%;0.47%;-0.37%
30-03-12;0.38%;-0.08%;-0.16%;-0.32%;-0.87%;0.26%;0.05%;0.11%;6.14%;0.21%;-0.50%
31-03-12;0.00%;0.00%;0.00%;0.51%;0.86%;0.00%;0.06%;-0.12%;0.00%;0.00%;0.00%
01-04-12;0.00%;0.00%;0.00%;0.00%;0.00%;0.01%;0.00%;0.00%;0.00%;5.68%;0.00%
02-04-12;0.41%;0.03%;0.11%;-0.47%;-0.47%;-0.46%;-0.47%;-0.47%;0.00%;-0.47%;0.21%
03-04-12;-0.64%;0.06%;-0.02%;0.60%;0.27%;-0.33%;-0.32%;-0.30%;0.00%;-0.35%;0.30%
04-04-12;-0.40%;0.04%;-0.04%;-1.29%;0.01%;-0.91%;-0.65%;-0.75%;0.00%;-0.74%;-0.14%
05-04-12;0.20%;0.08%;0.05%;-1.58%;-1.41%;0.32%;-0.09%;0.26%;0.00%;0.33%;-0.80%
06-04-12;0.00%;0.00%;0.00%;-0.11%;0.01%;0.12%;-0.21%;-0.06%;0.00%;0.00%;0.00%
07-04-12;0.00%;0.00%;0.00%;-0.08%;-0.05%;0.22%;0.04%;0.12%;0.00%;0.00%;0.00%
08-04-12;0.00%;0.00%;0.00%;0.00%;0.00%;0.01%;0.00%;0.00%;0.00%;0.00%;0.00%
09-04-12;-0.78%;0.16%;0.13%;0.27%;0.27%;0.28%;0.27%;0.27%;0.00%;0.27%;0.15%
10-04-12;-0.68%;0.09%;0.00%;-0.48%;-0.79%;0.29%;0.02%;0.18%;0.00%;0.21%;-0.32%
11-04-12;-0.37%;0.01%;-0.02%;-1.44%;-0.79%;0.35%;-0.03%;0.20%;0.00%;0.19%;-0.92%
12-04-12;0.10%;0.03%;0.09%;0.65%;0.08%;0.01%;0.00%;-0.06%;0.00%;0.07%;0.07%
13-04-12;-0.40%;0.09%;-0.01%;0.69%;0.17%;-0.68%;-0.43%;-0.49%;0.00%;-0.70%;0.30%
14-04-12;0.00%;0.00%;0.00%;-1.23%;0.26%;0.12%;-0.06%;0.11%;0.00%;0.00%;0.00%
15-04-12;0.00%;0.00%;0.00%;0.00%;0.00%;0.02%;0.00%;0.00%;0.00%;0.00%;0.00%
16-04-12;-0.16%;0.14%;0.15%;0.12%;0.12%;0.14%;0.12%;0.12%;0.00%;0.12%;-0.27%
17-04-12;0.06%;0.04%;0.02%;0.39%;-0.17%;0.51%;0.46%;0.51%;0.00%;0.49%;0.07%
18-04-12;0.10%;0.03%;0.05%;1.35%;-0.21%;-0.27%;0.02%;-0.17%;0.00%;-0.23%;0.33%
19-04-12;0.42%;0.06%;0.03%;0.07%;0.67%;0.37%;0.29%;0.35%;0.00%;0.31%;-0.07%
20-04-12;0.95%;-0.04%;0.08%;-0.14%;0.34%;0.34%;0.42%;0.45%;0.00%;0.34%;0.15%
21-04-12;0.00%;0.00%;0.00%;0.33%;-0.17%;-0.06%;0.20%;0.21%;0.00%;0.00%;0.00%
22-04-12;0.00%;0.00%;0.00%;0.00%;0.00%;0.01%;0.00%;0.00%;0.00%;0.00%;0.00%
23-04-12;-0.77%;0.07%;-0.02%;-0.59%;-0.59%;-0.58%;-0.59%;-0.59%;0.00%;-0.59%;0.15%
24-04-12;0.15%;0.04%;0.07%;-0.62%;-0.60%;0.84%;0.60%;0.79%;0.00%;0.73%;-0.60%
25-04-12;0.05%;-0.05%;-0.02%;0.09%;-0.20%;-0.52%;-0.26%;-0.53%;0.00%;-0.51%;0.00%
26-04-12;-0.10%;0.01%;0.01%;0.97%;-0.07%;-0.11%;0.14%;0.02%;0.00%;-0.13%;0.30%
27-04-12;0.37%;0.02%;-0.03%;0.29%;0.10%;-0.21%;-0.15%;-0.25%;0.00%;-0.34%;0.00%
28-04-12;0.00%;0.00%;0.00%;0.42%;0.37%;0.05%;0.29%;0.21%;0.00%;0.00%;0.00%
29-04-12;0.00%;0.00%;0.00%;0.00%;0.00%;0.01%;0.00%;0.00%;0.00%;0.00%;0.00%
30-04-12;0.22%;0.07%;0.11%;-0.30%;-0.30%;-0.29%;-0.30%;-0.30%;0.00%;-0.30%;0.28%
01-05-12;0.00%;0.00%;0.00%;-0.34%;0.67%;0.14%;0.20%;0.25%;0.00%;0.00%;0.00%
02-05-12;-0.48%;0.12%;0.05%;0.53%;0.26%;0.30%;0.50%;0.39%;0.00%;0.30%;0.30%
03-05-12;-0.60%;0.01%;-0.03%;-0.44%;0.41%;0.10%;0.03%;0.21%;0.00%;-0.04%;0.00%
04-05-12;0.07%;0.05%;0.07%;-1.07%;-1.06%;-0.46%;-0.39%;-0.33%;0.00%;-0.53%;-0.73%
05-05-12;0.00%;0.00%;0.00%;-1.50%;-1.11%;0.16%;0.00%;0.03%;0.00%;0.00%;0.00%
06-05-12;0.00%;0.00%;0.00%;0.00%;0.00%;0.02%;0.00%;0.00%;0.00%;0.00%;0.00%
07-05-12;0.33%;0.11%;0.10%;0.00%;0.00%;0.02%;0.00%;0.00%;0.00%;0.00%;-0.81%
08-05-12;-0.49%;0.07%;-0.05%;-0.03%;-0.82%;0.34%;0.25%;0.18%;0.00%;0.27%;-0.09%
09-05-12;-0.42%;0.12%;0.07%;-0.38%;-0.50%;0.55%;0.22%;0.38%;0.00%;0.43%;-0.33%
10-05-12;-0.14%;-0.01%;-0.02%;0.21%;-0.53%;0.87%;0.63%;0.63%;0.00%;0.95%;-0.57%
11-05-12;-0.13%;-0.02%;0.01%;-0.41%;-0.50%;-0.79%;-0.69%;-0.88%;0.00%;-0.79%;-0.28%
12-05-12;0.00%;0.00%;0.00%;-0.20%;-0.99%;0.10%;-0.10%;-0.19%;0.00%;0.00%;0.00%
13-05-12;0.00%;0.00%;0.00%;0.00%;0.00%;0.02%;0.00%;0.00%;0.00%;0.00%;0.00%
14-05-12;-1.12%;0.10%;0.07%;0.30%;0.30%;0.32%;0.30%;0.30%;0.00%;0.30%;-0.17%
15-05-12;-1.10%;0.17%;0.25%;-0.71%;-1.18%;0.81%;0.26%;0.32%;0.00%;0.74%;-1.07%
16-05-12;-0.88%;0.09%;0.03%;0.31%;0.63%;1.09%;0.83%;0.84%;0.00%;1.15%;-0.14%
17-05-12;-0.77%;0.20%;0.00%;-0.01%;-1.59%;0.78%;0.22%;0.16%;0.00%;0.73%;-0.48%
18-05-12;-0.69%;0.17%;-0.04%;-0.49%;0.23%;0.67%;0.03%;0.31%;0.00%;0.60%;-0.59%
19-05-12;0.00%;0.00%;0.00%;-1.08%;-1.54%;0.06%;-0.39%;-0.44%;0.00%;0.00%;0.00%
20-05-12;0.00%;0.00%;0.00%;0.00%;0.00%;0.02%;0.00%;0.00%;0.00%;0.00%;0.00%
21-05-12;0.00%;0.00%;0.00%;0.00%;0.00%;0.02%;0.00%;0.00%;0.00%;0.00%;0.00%
22-05-12;-0.07%;-0.07%;0.03%;1.26%;0.95%;0.07%;0.06%;0.25%;0.00%;0.14%;-0.30%
23-05-12;-0.75%;0.03%;-0.02%;0.91%;0.86%;0.14%;0.44%;0.30%;0.00%;0.20%;0.05%
24-05-12;0.39%;0.18%;-0.09%;-0.12%;-1.51%;1.11%;0.48%;0.78%;0.00%;0.93%;-0.67%
25-05-12;0.53%;0.17%;0.17%;-0.10%;0.13%;-0.42%;-0.56%;-0.75%;0.00%;-0.46%;0.21%
26-05-12;0.00%;0.00%;0.00%;-0.23%;0.02%;0.02%;-0.09%;-0.10%;0.00%;0.00%;0.00%
27-05-12;0.00%;0.00%;0.00%;0.00%;0.00%;0.02%;0.00%;0.00%;0.00%;0.00%;0.00%
28-05-12;-0.05%;0.16%;0.09%;0.54%;0.54%;0.55%;0.54%;0.54%;0.00%;0.54%;0.32%
29-05-12;0.19%;-0.06%;0.01%;0.08%;0.76%;-0.06%;0.01%;-0.06%;0.00%;-0.06%;0.43%
30-05-12;0.03%;0.14%;0.06%;1.31%;1.71%;0.41%;0.51%;0.38%;0.00%;0.35%;1.05%
31-05-12;0.88%;0.17%;0.20%;-0.52%;-0.33%;1.37%;0.76%;1.06%;0.00%;1.14%;-0.53%
01-06-12;-0.75%;0.04%;-0.11%;0.04%;0.20%;0.55%;0.19%;0.19%;0.00%;0.34%;0.12%
02-06-12;0.00%;0.00%;0.00%;-2.11%;-1.37%;0.29%;-0.44%;-0.10%;0.00%;0.00%;0.00%
03-06-12;0.00%;0.00%;0.00%;0.00%;0.00%;0.01%;0.00%;0.00%;0.00%;0.00%;0.00%
04-06-12;-1.63%;-0.13%;0.11%;-0.02%;-0.02%;0.00%;-0.02%;-0.02%;0.00%;-0.02%;-1.07%
05-06-12;0.03%;-0.26%;-0.03%;-0.93%;-2.05%;-0.88%;-0.89%;-0.80%;0.00%;-0.78%;-1.00%
06-06-12;1.27%;-0.18%;-0.10%;0.01%;-0.14%;-0.70%;-0.65%;-0.16%;0.00%;-0.61%;-0.14%
07-06-12;0.30%;-0.19%;0.04%;1.38%;1.11%;-1.01%;-0.21%;-0.33%;0.00%;-0.82%;1.02%
08-06-12;1.24%;-0.03%;-0.04%;-0.69%;-0.11%;-1.39%;-0.74%;-0.90%;0.00%;-1.30%;-0.14%
09-06-12;0.00%;0.00%;0.00%;-0.15%;-0.87%;0.12%;-0.04%;0.16%;0.00%;0.00%;0.00%
10-06-12;0.00%;0.00%;0.00%;0.00%;0.00%;0.02%;0.00%;0.00%;0.00%;0.00%;0.00%
11-06-12;-0.77%;-0.02%;-0.07%;0.47%;0.47%;0.48%;0.47%;0.47%;0.00%;0.47%;0.35%
12-06-12;-0.40%;0.01%;0.04%;-0.84%;0.64%;-0.42%;-0.23%;-0.45%;0.00%;-0.44%;-0.29%
13-06-12;-0.45%;0.02%;0.02%;1.09%;0.25%;0.18%;0.31%;0.58%;0.00%;0.43%;0.40%
14-06-12;0.30%;0.03%;-0.03%;-0.52%;0.33%;-0.42%;-0.13%;-0.13%;0.00%;-0.39%;-0.36%
15-06-12;0.77%;-0.01%;-0.29%;0.34%;-0.71%;-0.12%;-0.06%;-0.02%;0.00%;-0.15%;0.12%
16-06-12;0.00%;0.00%;0.00%;1.04%;1.28%;0.24%;0.24%;0.25%;0.00%;0.00%;0.00%
17-06-12;0.00%;0.00%;0.00%;0.00%;0.00%;0.02%;0.00%;0.00%;0.00%;0.00%;0.00%
18-06-12;0.32%;0.00%;0.00%;-0.45%;-0.45%;-0.43%;-0.45%;-0.45%;0.00%;-0.45%;0.66%
19-06-12;0.33%;-0.01%;-0.02%;0.60%;1.29%;0.36%;0.49%;0.53%;0.00%;0.33%;0.48%
20-06-12;0.65%;0.02%;0.05%;0.20%;-0.04%;-1.13%;-0.57%;-0.84%;0.00%;-1.05%;0.34%
21-06-12;-0.63%;0.00%;-0.04%;0.45%;0.75%;0.24%;0.55%;0.31%;0.00%;0.24%;0.20%
22-06-12;-0.04%;-0.03%;0.09%;-1.26%;-1.09%;0.80%;0.52%;0.53%;0.00%;0.59%;-0.87%
23-06-12;0.00%;0.00%;0.00%;-0.10%;-1.63%;-0.05%;-0.11%;-0.07%;0.00%;0.00%;0.00%
24-06-12;0.00%;0.00%;0.00%;0.00%;0.00%;0.02%;0.00%;0.00%;0.00%;0.00%;0.00%
25-06-12;-0.63%;0.16%;-0.01%;0.86%;0.86%;0.87%;0.86%;0.86%;0.00%;0.86%;0.07%
26-06-12;-0.02%;0.11%;0.07%;-0.61%;-0.59%;0.98%;0.72%;0.80%;0.00%;0.83%;-0.50%
27-06-12;0.25%;0.12%;0.09%;0.33%;0.45%;0.02%;0.14%;0.06%;0.00%;0.15%;0.34%
28-06-12;-0.04%;0.22%;-0.02%;0.28%;0.01%;-0.67%;-0.61%;-0.63%;0.00%;-0.69%;0.15%
29-06-12;1.24%;-0.06%;0.22%;0.72%;0.18%;0.97%;0.88%;0.90%;-0.15%;0.86%;0.16%
30-06-12;0.00%;0.00%;0.00%;2.94%;3.33%;-0.03%;0.77%;0.24%;0.00%;0.00%;0.00%
01-07-12;0.00%;0.00%;0.00%;0.00%;0.00%;0.02%;0.00%;0.00%;0.00%;0.59%;0.00%
02-07-12;0.00%;0.00%;0.00%;0.00%;0.00%;0.01%;0.00%;0.00%;0.00%;0.00%;0.00%
03-07-12;0.39%;-0.23%;-0.08%;-1.17%;-1.12%;-1.27%;-1.36%;-1.09%;0.00%;-1.56%;1.71%
04-07-12;-0.03%;-0.14%;-0.10%;-0.22%;0.52%;-1.12%;-0.80%;-0.74%;0.00%;-1.10%;0.33%
05-07-12;0.13%;-0.02%;0.34%;-0.12%;0.00%;0.01%;-0.13%;-0.03%;0.00%;-0.03%;-0.03%
06-07-12;-0.25%;0.01%;-0.10%;-0.67%;-0.13%;0.07%;-0.04%;0.28%;0.00%;-0.04%;-0.20%
07-07-12;0.00%;0.00%;0.00%;-1.04%;-0.96%;0.21%;-0.08%;0.09%;0.00%;0.00%;0.00%
08-07-12;0.00%;0.00%;0.00%;0.00%;0.00%;0.01%;0.00%;0.00%;0.00%;0.00%;0.00%
09-07-12;-0.64%;0.07%;-0.05%;0.66%;0.66%;0.68%;0.66%;0.66%;0.00%;0.66%;-0.36%
10-07-12;-0.45%;-0.02%;-0.07%;-0.90%;-1.54%;-0.40%;-0.46%;-0.39%;0.00%;-0.48%;-0.59%
11-07-12;0.25%;-0.06%;-0.07%;-1.15%;-0.87%;-0.58%;-0.66%;-0.58%;0.00%;-0.72%;-0.68%
12-07-12;-0.20%;0.10%;0.01%;-0.16%;-0.35%;-0.01%;-0.06%;0.12%;0.00%;-0.16%;-0.19%
13-07-12;0.37%;0.11%;-0.10%;-0.66%;-1.68%;0.40%;0.15%;0.47%;0.00%;0.27%;-0.45%
14-07-12;0.00%;0.00%;0.00%;1.49%;1.31%;0.02%;0.18%;0.29%;0.00%;0.00%;0.00%
15-07-12;0.00%;0.00%;0.00%;0.00%;0.00%;0.02%;0.00%;0.00%;0.00%;0.00%;0.00%
16-07-12;0.00%;0.00%;0.00%;0.00%;0.00%;0.02%;0.00%;0.00%;0.00%;0.00%;0.00%
17-07-12;0.28%;0.13%;-0.12%;-0.72%;-0.63%;-0.56%;-0.57%;-0.26%;0.00%;-0.71%;0.53%
18-07-12;0.37%;0.01%;-0.04%;-0.01%;0.40%;-0.28%;-0.25%;0.00%;0.00%;-0.32%;0.23%
19-07-12;-0.26%;-0.03%;0.00%;0.73%;-0.31%;0.06%;0.15%;-0.01%;0.00%;-0.08%;0.22%
20-07-12;-0.15%;-0.02%;0.02%;0.14%;0.53%;-0.55%;-0.37%;-0.53%;0.00%;-0.57%;0.06%
21-07-12;0.00%;0.00%;0.00%;-1.33%;-0.45%;0.09%;-0.08%;0.16%;0.00%;0.00%;0.00%
22-07-12;0.00%;0.00%;0.00%;0.00%;0.00%;0.02%;0.00%;0.00%;0.00%;0.00%;0.00%
23-07-12;-0.85%;0.06%;-0.02%;0.47%;0.47%;0.49%;0.47%;0.47%;0.00%;0.47%;-0.38%
24-07-12;-0.32%;0.05%;-0.04%;-0.53%;-1.58%;1.01%;0.61%;0.66%;0.00%;1.05%;-0.91%
25-07-12;-0.45%;-0.10%;0.01%;-0.71%;-0.28%;-0.04%;-0.12%;-0.29%;0.00%;0.04%;-0.40%
26-07-12;-0.95%;0.01%;0.04%;-0.26%;-0.58%;-0.13%;-0.20%;-0.24%;0.00%;-0.17%;0.03%
27-07-12;0.30%;0.03%;-0.07%;0.80%;-0.15%;-1.25%;-0.88%;-1.11%;0.00%;-1.35%;-0.13%
28-07-12;0.00%;0.00%;0.00%;1.80%;2.73%;-0.22%;0.34%;0.29%;0.00%;0.00%;0.00%
29-07-12;0.00%;0.00%;0.00%;0.00%;0.00%;0.02%;0.00%;0.00%;0.00%;0.00%;0.00%
30-07-12;-0.29%;0.01%;0.01%;-0.46%;-0.46%;-0.45%;-0.46%;-0.46%;0.00%;-0.46%;0.80%
31-07-12;-0.26%;0.00%;0.07%;0.15%;0.60%;-0.01%;-0.01%;0.23%;0.00%;-0.17%;0.26%
01-08-12;-1.04%;-0.02%;-0.02%;-0.45%;0.20%;-0.04%;0.15%;0.15%;0.00%;-0.18%;-0.16%
02-08-12;-1.22%;0.05%;-0.03%;0.08%;0.47%;0.20%;0.44%;0.47%;0.00%;0.27%;-0.12%
03-08-12;1.52%;0.04%;0.02%;-0.77%;-0.69%;0.45%;0.17%;0.49%;0.00%;0.28%;-0.60%
04-08-12;0.00%;0.00%;0.00%;1.98%;0.83%;-0.14%;0.48%;0.18%;0.00%;0.00%;0.00%
05-08-12;0.00%;0.00%;0.00%;0.00%;0.00%;0.02%;0.00%;0.00%;0.00%;0.00%;0.00%
06-08-12;-0.13%;-0.08%;0.08%;-0.85%;-0.85%;-0.83%;-0.85%;-0.85%;0.00%;-0.85%;0.95%
07-08-12;-0.70%;-0.03%;0.05%;0.26%;1.14%;-0.24%;-0.02%;-0.09%;0.00%;-0.40%;0.28%
08-08-12;0.36%;0.02%;-0.02%;0.34%;-0.28%;-0.57%;-0.15%;-0.30%;0.00%;-0.33%;-0.06%
09-08-12;-0.21%;0.08%;0.03%;0.04%;0.30%;0.03%;-0.01%;0.09%;0.00%;0.01%;0.14%
10-08-12;0.45%;0.06%;0.07%;-0.34%;0.41%;-0.48%;-0.57%;-0.65%;0.00%;-0.49%;-0.10%
11-08-12;0.00%;0.00%;0.00%;0.05%;0.01%;0.15%;-0.07%;-0.14%;0.00%;0.00%;0.00%
12-08-12;0.00%;0.00%;0.00%;0.00%;0.00%;0.02%;0.00%;0.00%;0.00%;0.00%;0.00%
13-08-12;-0.13%;0.03%;0.04%;0.68%;0.68%;0.69%;0.68%;0.68%;0.00%;0.68%;0.42%
14-08-12;0.18%;0.02%;-0.02%;0.69%;0.17%;0.84%;0.94%;0.90%;0.00%;0.85%;0.27%
15-08-12;0.00%;0.00%;0.00%;0.10%;0.49%;-0.14%;-0.05%;-0.17%;0.00%;0.00%;0.00%
16-08-12;0.58%;0.05%;0.13%;-0.06%;-0.36%;-0.29%;-0.15%;-0.23%;0.00%;-0.05%;0.00%
17-08-12;0.98%;0.07%;0.05%;1.24%;0.56%;0.32%;0.53%;0.30%;0.00%;0.39%;0.55%
18-08-12;0.00%;0.00%;0.00%;0.20%;-0.49%;0.15%;-0.02%;0.02%;0.00%;0.00%;0.00%
19-08-12;0.00%;0.00%;0.00%;0.00%;0.00%;0.02%;0.00%;0.00%;0.00%;0.00%;0.00%
20-08-12;0.24%;0.05%;0.14%;0.10%;0.10%;0.12%;0.10%;0.10%;0.00%;0.10%;0.31%
21-08-12;-0.24%;0.07%;0.06%;0.26%;0.11%;0.34%;0.46%;0.30%;0.00%;0.28%;0.21%
22-08-12;-0.80%;-0.03%;0.01%;-0.35%;0.01%;-0.63%;-0.29%;-0.54%;0.00%;-0.64%;-0.26%
23-08-12;-0.21%;0.00%;-0.02%;-0.49%;-0.67%;0.21%;0.01%;0.25%;0.00%;-0.06%;-0.33%
24-08-12;-0.35%;0.03%;0.03%;-0.71%;-0.03%;-0.36%;-0.30%;-0.40%;0.00%;-0.52%;-0.63%
25-08-12;0.00%;0.00%;0.00%;0.05%;-0.89%;0.04%;-0.09%;0.09%;0.00%;0.00%;0.00%
26-08-12;0.00%;0.00%;0.00%;0.00%;0.00%;0.02%;0.00%;0.00%;0.00%;0.00%;0.00%
27-08-12;-0.61%;0.04%;0.04%;0.35%;0.35%;0.37%;0.35%;0.35%;0.00%;0.35%;0.22%
28-08-12;0.00%;0.10%;0.09%;0.02%;-0.50%;0.04%;0.05%;0.04%;0.00%;-0.04%;-0.30%
29-08-12;-0.05%;0.14%;0.06%;-0.27%;-0.51%;-0.03%;0.03%;-0.02%;0.00%;-0.10%;-0.21%
30-08-12;-0.60%;0.10%;0.06%;-0.08%;-0.41%;-0.05%;-0.01%;-0.02%;0.00%;-0.01%;-0.34%
31-08-12;0.65%;0.17%;0.25%;-0.75%;-0.77%;0.24%;0.07%;0.10%;0.00%;0.12%;-0.46%
01-09-12;0.00%;0.00%;0.00%;0.56%;0.31%;0.08%;0.20%;0.09%;0.00%;0.00%;0.00%
02-09-12;0.00%;0.00%;0.00%;0.00%;0.00%;0.02%;0.00%;0.00%;0.00%;0.00%;0.00%
03-09-12;-0.38%;0.06%;0.05%;-0.19%;-0.19%;-0.18%;-0.19%;-0.19%;0.00%;-0.19%;0.39%
04-09-12;-0.36%;0.04%;-0.02%;0.31%;0.77%;0.20%;0.18%;0.18%;0.00%;0.18%;0.15%
05-09-12;-0.14%;-0.04%;0.01%;-0.51%;-0.61%;0.04%;0.09%;0.20%;0.00%;-0.04%;-0.26%
06-09-12;0.49%;-0.05%;0.01%;-0.06%;-0.78%;0.04%;0.20%;0.15%;0.00%;0.03%;-0.27%
07-09-12;0.76%;-0.10%;0.01%;1.16%;0.46%;-0.93%;-0.44%;-0.55%;0.00%;-0.75%;0.58%
08-09-12;0.00%;0.00%;0.00%;1.12%;1.92%;0.15%;0.62%;0.24%;0.00%;0.00%;0.00%
09-09-12;0.00%;0.00%;0.00%;0.00%;0.00%;0.02%;0.00%;0.00%;0.00%;0.00%;0.00%
10-09-12;0.22%;-0.09%;-0.03%;-0.53%;-0.53%;-0.51%;-0.53%;-0.53%;0.00%;-0.53%;0.64%
11-09-12;0.31%;-0.07%;0.02%;-0.38%;0.20%;0.01%;0.25%;0.23%;0.00%;0.05%;0.09%
12-09-12;-0.30%;-0.03%;0.02%;0.31%;0.22%;-0.05%;0.16%;0.11%;0.00%;-0.11%;0.25%
13-09-12;0.23%;0.00%;0.02%;0.14%;0.31%;-0.39%;0.10%;-0.20%;0.00%;-0.25%;0.23%
14-09-12;0.71%;-0.13%;-0.08%;0.83%;0.22%;-0.04%;-0.02%;-0.16%;0.00%;-0.14%;0.39%
15-09-12;0.00%;0.00%;0.00%;1.35%;3.22%;-0.24%;0.72%;-0.04%;0.00%;0.00%;0.00%
16-09-12;0.00%;0.00%;0.00%;0.00%;0.00%;0.02%;0.00%;0.00%;0.00%;0.00%;0.00%
17-09-12;0.00%;0.00%;0.00%;0.00%;0.00%;0.02%;0.00%;0.00%;0.00%;0.00%;0.00%
18-09-12;0.00%;0.00%;0.00%;-0.39%;-0.13%;0.09%;0.13%;0.13%;0.00%;0.00%;0.00%
19-09-12;0.00%;0.00%;0.00%;-0.38%;-0.57%;0.11%;-0.13%;-0.05%;0.00%;0.00%;0.00%
20-09-12;-0.11%;0.01%;0.04%;-0.35%;-0.42%;-0.54%;-0.62%;-0.60%;0.00%;-0.68%;0.71%
21-09-12;0.46%;0.07%;0.04%;-0.11%;-0.69%;0.54%;0.15%;0.40%;0.00%;0.41%;-0.19%
22-09-12;0.00%;0.00%;0.00%;0.27%;0.84%;0.03%;0.04%;0.03%;0.00%;0.00%;0.00%
23-09-12;0.00%;0.00%;0.00%;0.00%;0.00%;0.02%;0.00%;0.00%;0.00%;0.00%;0.00%
24-09-12;-0.38%;0.17%;0.09%;0.09%;0.09%;0.11%;0.09%;0.09%;0.00%;0.09%;0.36%
25-09-12;-0.22%;0.05%;0.06%;0.28%;0.53%;0.89%;0.56%;0.80%;0.00%;0.74%;0.15%
26-09-12;-0.02%;0.10%;0.07%;-1.25%;-1.16%;-0.88%;-0.97%;-1.01%;0.00%;-0.91%;-0.73%
27-09-12;0.21%;0.13%;0.00%;-1.11%;-1.00%;0.35%;-0.48%;0.11%;0.00%;0.15%;-0.60%
28-09-12;0.38%;0.05%;0.19%;0.53%;0.51%;-0.32%;-0.10%;-0.13%;4.10%;-0.30%;0.51%
29-09-12;0.00%;0.00%;0.00%;-0.66%;0.43%;0.08%;0.10%;0.12%;0.00%;0.00%;0.00%
30-09-12;0.00%;0.00%;0.00%;0.00%;0.00%;0.02%;0.00%;0.00%;0.00%;0.00%;0.00%
01-10-12;0.06%;-0.15%;-0.07%;0.70%;0.70%;0.71%;0.70%;0.70%;0.00%;5.25%;0.35%
02-10-12;0.30%;-0.19%;0.07%;0.42%;0.11%;-0.12%;0.04%;0.08%;0.00%;-0.15%;0.23%
03-10-12;0.03%;0.01%;0.04%;-0.01%;0.05%;0.02%;0.04%;0.08%;0.00%;-0.07%;0.13%
04-10-12;0.62%;0.09%;0.09%;0.10%;-0.24%;0.18%;0.19%;0.37%;0.00%;0.14%;0.15%
05-10-12;0.59%;0.08%;0.06%;0.63%;0.16%;-0.19%;0.18%;0.06%;0.00%;-0.14%;0.21%
06-10-12;0.00%;0.00%;0.00%;0.43%;0.36%;-0.10%;0.20%;0.02%;0.00%;0.00%;0.00%
07-10-12;0.00%;0.00%;0.00%;0.00%;0.00%;0.02%;0.00%;0.00%;0.00%;0.00%;0.00%
08-10-12;0.01%;0.08%;0.05%;-0.08%;-0.08%;-0.06%;-0.08%;-0.08%;0.00%;-0.08%;0.41%
09-10-12;-0.36%;0.05%;0.01%;-0.18%;-0.65%;0.51%;0.32%;0.44%;0.00%;0.44%;-0.19%
10-10-12;-0.38%;0.06%;0.07%;-1.07%;-0.23%;-0.02%;-0.29%;-0.27%;0.00%;-0.10%;-0.39%
11-10-12;0.23%;0.08%;0.05%;-0.41%;-0.24%;0.27%;0.16%;0.28%;0.00%;0.21%;-0.35%
12-10-12;-0.01%;0.01%;0.05%;-0.18%;-0.08%;-0.38%;-0.22%;-0.29%;0.00%;-0.47%;0.05%
13-10-12;0.00%;0.00%;0.00%;-0.21%;0.07%;0.13%;0.15%;0.33%;0.00%;0.00%;0.00%
14-10-12;0.00%;0.00%;0.00%;0.00%;0.00%;0.02%;0.00%;0.00%;0.00%;0.00%;0.00%
15-10-12;0.00%;0.00%;0.00%;0.00%;0.00%;0.02%;0.00%;0.00%;0.00%;0.00%;0.00%
16-10-12;0.83%;0.04%;0.09%;0.55%;-0.12%;0.05%;0.25%;0.33%;0.00%;0.03%;0.25%
17-10-12;0.44%;-0.05%;0.00%;0.96%;0.52%;-0.41%;0.04%;-0.14%;0.00%;-0.30%;0.46%
18-10-12;0.22%;0.03%;0.06%;0.92%;0.93%;0.00%;0.52%;0.20%;0.00%;0.14%;0.49%
19-10-12;-1.03%;0.04%;0.04%;0.07%;0.33%;0.08%;0.14%;0.17%;0.00%;0.08%;0.18%
20-10-12;0.00%;0.00%;0.00%;-1.30%;-0.72%;0.16%;-0.12%;0.02%;0.00%;0.00%;0.00%
21-10-12;0.00%;0.00%;0.00%;0.00%;0.00%;0.02%;0.00%;0.00%;0.00%;0.00%;0.00%
22-10-12;-0.37%;0.07%;0.10%;0.36%;0.36%;0.37%;0.36%;0.36%;0.00%;0.36%;-0.59%
23-10-12;-0.14%;0.02%;0.02%;0.19%;0.42%;0.25%;0.37%;0.20%;0.00%;0.30%;0.09%
24-10-12;0.19%;0.01%;0.00%;-0.39%;0.15%;1.24%;0.84%;1.09%;0.00%;1.20%;-0.14%
25-10-12;-0.14%;-0.07%;0.01%;-0.01%;-0.15%;0.10%;0.09%;-0.01%;0.00%;0.08%;0.10%
26-10-12;0.28%;-0.02%;0.04%;-0.30%;-0.15%;-0.72%;-0.57%;-0.71%;0.00%;-0.61%;-0.16%
27-10-12;0.00%;0.00%;0.00%;-0.19%;-0.85%;0.19%;-0.25%;-0.15%;0.00%;0.00%;0.00%
28-10-12;0.00%;0.00%;0.00%;0.00%;0.00%;0.02%;0.00%;0.00%;0.00%;0.00%;0.00%
29-10-12;0.14%;0.03%;0.08%;0.30%;0.30%;0.31%;0.30%;0.30%;0.00%;0.30%;-0.11%
30-10-12;0.10%;0.05%;0.06%;0.10%;0.30%;0.46%;0.25%;0.31%;0.00%;0.35%;0.13%
31-10-12;0.13%;-0.07%;-0.14%;0.00%;-0.11%;-0.39%;-0.31%;-0.41%;0.00%;-0.41%;-0.09%
01-11-12;0.00%;0.00%;0.00%;-0.05%;0.23%;0.08%;-0.05%;-0.06%;0.00%;0.00%;0.00%
02-11-12;0.00%;0.00%;0.00%;0.90%;0.44%;-0.02%;0.04%;-0.10%;0.00%;0.00%;0.00%
03-11-12;0.00%;0.00%;0.00%;-0.56%;0.50%;0.02%;-0.07%;0.01%;0.00%;0.00%;0.00%
04-11-12;0.00%;0.00%;0.00%;0.00%;0.00%;0.01%;0.00%;0.00%;0.00%;0.00%;0.00%
05-11-12;-0.03%;0.09%;0.08%;0.12%;0.12%;0.13%;0.12%;0.12%;0.00%;0.12%;0.59%
06-11-12;0.23%;-0.07%;0.01%;0.17%;-0.03%;0.46%;0.37%;0.53%;0.00%;0.35%;0.10%
07-11-12;-0.37%;0.03%;0.03%;0.09%;0.04%;-0.57%;-0.35%;-0.43%;0.00%;-0.52%;0.14%
08-11-12;-0.47%;0.10%;0.08%;-1.70%;0.09%;0.19%;-0.09%;0.13%;0.00%;-0.03%;-0.79%
09-11-12;-0.20%;0.09%;0.04%;-1.26%;-1.51%;-0.20%;-0.39%;-0.38%;0.00%;-0.30%;-0.71%
10-11-12;0.00%;0.00%;0.00%;-0.03%;-0.43%;0.05%;-0.24%;-0.05%;0.00%;0.00%;0.00%
11-11-12;0.00%;0.00%;0.00%;0.00%;0.00%;0.02%;0.00%;0.00%;0.00%;0.00%;0.00%
12-11-12;-0.21%;0.11%;0.11%;0.33%;0.33%;0.35%;0.33%;0.33%;0.00%;0.33%;-0.04%
13-11-12;-0.30%;0.02%;0.03%;-0.09%;-0.13%;0.07%;0.04%;0.04%;0.00%;0.04%;-0.12%
14-11-12;-0.46%;-0.01%;0.00%;0.59%;0.08%;0.83%;0.66%;0.70%;0.00%;0.77%;-0.10%
15-11-12;0.02%;0.01%;-0.01%;-1.02%;-0.04%;0.08%;0.07%;0.04%;0.00%;0.12%;-0.41%
16-11-12;0.00%;0.09%;0.07%;-0.32%;-0.71%;-0.05%;-0.28%;-0.21%;0.00%;-0.07%;-0.33%
17-11-12;0.00%;0.00%;0.00%;-0.04%;-0.46%;0.05%;-0.19%;-0.07%;0.00%;0.00%;0.00%
18-11-12;0.00%;0.00%;0.00%;0.00%;0.00%;0.01%;0.00%;0.00%;0.00%;0.00%;0.00%
19-11-12;0.24%;0.00%;0.03%;0.11%;0.11%;0.13%;0.11%;0.11%;0.00%;0.11%;0.12%
20-11-12;-0.23%;-0.02%;0.01%;1.41%;0.07%;-0.83%;-0.34%;-0.70%;0.00%;-0.77%;0.44%
21-11-12;-0.65%;0.00%;0.00%;-0.35%;-0.23%;-0.50%;-0.26%;-0.34%;0.00%;-0.39%;-0.11%
22-11-12;-0.26%;-0.09%;-0.02%;0.02%;-0.09%;-0.27%;-0.09%;-0.18%;0.00%;-0.23%;-0.12%
23-11-12;0.05%;-0.08%;-0.01%;0.14%;0.16%;-0.31%;-0.22%;-0.34%;0.00%;-0.34%;-0.03%
24-11-12;0.00%;0.00%;0.00%;1.11%;1.03%;0.03%;0.20%;0.13%;0.00%;0.00%;0.00%
25-11-12;0.00%;0.00%;0.00%;0.00%;0.00%;0.01%;0.00%;0.00%;0.00%;0.00%;0.00%
26-11-12;-0.21%;0.05%;0.10%;0.38%;0.38%;0.40%;0.38%;0.38%;0.00%;0.38%;0.81%
27-11-12;-0.34%;0.09%;0.06%;0.43%;0.52%;0.71%;0.74%;0.66%;0.00%;0.60%;0.24%
28-11-12;-0.09%;0.08%;0.03%;-0.22%;0.17%;0.09%;0.21%;0.30%;0.00%;0.03%;-0.14%
29-11-12;0.45%;0.02%;0.01%;0.49%;-0.38%;0.33%;0.19%;0.28%;0.00%;0.13%;-0.08%
30-11-12;-0.01%;-0.03%;-0.05%;0.36%;0.78%;-0.46%;-0.05%;-0.22%;0.00%;-0.47%;0.30%
01-12-12;0.00%;0.00%;0.00%;0.06%;0.32%;0.06%;0.20%;0.13%;0.00%;0.00%;0.00%
02-12-12;0.00%;0.00%;0.00%;0.00%;0.00%;0.01%;0.00%;0.00%;0.00%;0.00%;0.00%
03-12-12;0.30%;0.01%;0.08%;0.20%;0.20%;0.22%;0.20%;0.20%;0.00%;0.20%;0.25%
04-12-12;-0.21%;-0.10%;-0.05%;0.10%;0.26%;0.17%;0.46%;0.23%;0.00%;0.19%;0.10%
05-12-12;0.12%;-0.10%;0.02%;-0.06%;-0.09%;0.04%;0.17%;0.13%;0.00%;-0.05%;0.00%
06-12-12;-0.13%;-0.10%;-0.04%;-0.06%;0.82%;-0.12%;0.08%;-0.12%;0.00%;-0.18%;0.34%
07-12-12;-0.08%;-0.03%;-0.02%;-0.17%;-0.08%;-0.37%;-0.38%;-0.28%;0.00%;-0.46%;0.06%
08-12-12;0.00%;0.00%;0.00%;0.13%;0.27%;-0.04%;-0.02%;-0.11%;0.00%;0.00%;0.00%
09-12-12;0.00%;0.00%;0.00%;0.00%;0.00%;0.01%;0.00%;0.00%;0.00%;0.00%;0.00%
10-12-12;-0.02%;0.09%;0.10%;-0.19%;-0.19%;-0.18%;-0.19%;-0.19%;0.00%;-0.19%;0.08%
11-12-12;1.26%;0.11%;0.00%;-0.06%;0.33%;-0.18%;0.01%;0.08%;0.00%;-0.16%;0.15%
12-12-12;0.71%;0.05%;0.04%;0.29%;0.22%;-0.34%;-0.07%;-0.34%;0.00%;-0.32%;0.36%
13-12-12;-0.03%;0.11%;0.05%;0.22%;0.69%;0.00%;0.20%;0.00%;0.00%;0.03%;0.50%
14-12-12;0.66%;0.06%;-0.01%;-0.33%;0.12%;-0.06%;0.12%;-0.04%;0.00%;0.01%;-0.16%
15-12-12;0.00%;0.00%;0.00%;-0.16%;0.02%;0.05%;0.09%;0.14%;0.00%;0.00%;0.00%
16-12-12;0.00%;0.00%;0.00%;0.00%;0.00%;0.01%;0.00%;0.00%;0.00%;0.00%;0.00%
17-12-12;0.35%;-0.06%;-0.14%;-0.12%;-0.12%;-0.11%;-0.12%;-0.12%;0.00%;-0.12%;0.08%
18-12-12;0.17%;-0.07%;-0.05%;0.76%;-0.23%;-0.05%;0.13%;-0.04%;0.00%;0.03%;0.22%
19-12-12;0.08%;-0.03%;-0.01%;1.01%;0.66%;-0.04%;0.22%;-0.01%;0.00%;0.07%;0.53%
20-12-12;0.02%;0.01%;-0.01%;-0.01%;0.58%;0.00%;0.07%;0.04%;0.00%;-0.08%;0.13%
21-12-12;0.09%;0.09%;0.02%;0.35%;0.08%;0.21%;0.15%;0.21%;0.00%;0.13%;0.32%
22-12-12;0.00%;0.00%;0.00%;-0.79%;-0.92%;0.14%;-0.15%;0.07%;0.00%;0.00%;0.00%
23-12-12;0.00%;0.00%;0.00%;0.00%;0.00%;0.02%;0.00%;0.00%;0.00%;0.00%;0.00%
24-12-12;0.00%;0.06%;0.01%;0.29%;0.29%;0.31%;0.29%;0.29%;0.00%;0.29%;-0.45%
25-12-12;0.00%;0.00%;0.00%;-0.19%;0.07%;0.00%;0.07%;0.04%;0.00%;0.00%;0.00%
26-12-12;0.17%;-0.03%;-0.03%;0.68%;0.79%;0.63%;0.63%;0.63%;0.00%;0.63%;0.28%
27-12-12;-0.06%;0.03%;0.00%;-0.28%;0.11%;-0.05%;-0.02%;-0.03%;0.00%;-0.06%;0.00%
28-12-12;0.20%;0.02%;0.02%;-0.07%;0.18%;0.04%;-0.03%;0.02%;0.00%;-0.10%;0.24%
29-12-12;0.00%;0.00%;0.00%;-0.70%;0.55%;0.04%;0.00%;0.00%;0.00%;0.00%;0.00%
30-12-12;0.00%;0.00%;0.00%;0.00%;0.00%;0.01%;0.00%;0.00%;0.00%;0.00%;0.00%
31-12-12;0.00%;-0.01%;0.02%;0.00%;0.00%;0.01%;0.00%;0.00%;4.21%;0.00%;-0.12%
01-01-13;0.00%;0.00%;0.00%;0.88%;0.00%;-0.01%;-0.01%;0.01%;0.00%;3.77%;0.00%
02-01-13;0.86%;-0.34%;-0.27%;0.29%;0.34%;0.30%;0.28%;0.28%;0.00%;0.28%;0.68%
03-01-13;0.16%;-0.24%;0.00%;1.17%;1.13%;-1.17%;-0.41%;-0.64%;0.00%;-0.97%;0.83%
04-01-13;0.82%;-0.10%;-0.07%;-0.65%;-0.01%;-0.57%;-0.34%;-0.27%;0.00%;-0.43%;0.06%
05-01-13;0.00%;0.00%;0.00%;0.42%;-0.44%;-0.11%;0.03%;0.06%;0.00%;0.00%;0.00%
06-01-13;0.00%;0.00%;0.00%;0.00%;0.00%;0.01%;0.00%;0.00%;0.00%;0.00%;0.00%
07-01-13;0.04%;-0.12%;-0.10%;-0.03%;-0.03%;-0.01%;-0.03%;-0.03%;0.00%;-0.03%;0.25%
08-01-13;0.22%;-0.15%;-0.02%;-0.59%;-0.54%;-0.26%;-0.15%;-0.46%;0.00%;-0.35%;-0.13%
09-01-13;0.47%;-0.03%;0.02%;-0.35%;-0.57%;0.12%;0.00%;-0.12%;0.00%;-0.02%;-0.28%
10-01-13;0.69%;0.03%;0.02%;0.32%;0.25%;0.02%;0.03%;-0.12%;0.00%;-0.04%;0.27%
11-01-13;-0.43%;0.05%;0.06%;0.73%;0.27%;-0.19%;0.21%;-0.23%;0.00%;-0.10%;0.43%
12-01-13;0.00%;0.00%;0.00%;0.25%;-0.37%;0.03%;0.21%;-0.05%;0.00%;0.00%;0.00%
13-01-13;0.00%;0.00%;0.00%;0.00%;0.00%;0.01%;0.00%;0.00%;0.00%;0.00%;0.00%
14-01-13;0.31%;0.05%;0.05%;0.27%;0.27%;0.28%;0.27%;0.27%;0.00%;0.27%;-0.01%
15-01-13;-0.11%;-0.03%;-0.25%;0.02%;0.86%;0.23%;0.19%;0.16%;0.00%;0.15%;0.27%
16-01-13;0.49%;0.09%;0.06%;0.67%;-0.19%;0.60%;0.39%;0.58%;0.00%;0.48%;0.18%
17-01-13;0.29%;0.07%;0.05%;-0.15%;-0.09%;0.17%;0.04%;0.19%;0.00%;0.12%;0.02%
18-01-13;0.64%;0.02%;0.03%;0.02%;-0.33%;-0.66%;-0.32%;-0.50%;0.00%;-0.51%;0.19%
19-01-13;0.00%;0.00%;0.00%;0.14%;0.70%;0.11%;-0.03%;0.05%;0.00%;0.00%;0.00%
20-01-13;0.00%;0.00%;0.00%;0.00%;0.00%;0.01%;0.00%;0.00%;0.00%;0.00%;0.00%
21-01-13;0.01%;0.06%;0.05%;-0.30%;-0.30%;-0.29%;-0.30%;-0.30%;0.00%;-0.30%;0.21%
22-01-13;0.20%;0.06%;0.01%;0.19%;-0.16%;0.07%;0.12%;0.08%;0.00%;0.08%;0.06%
23-01-13;-0.39%;0.10%;0.02%;0.17%;-0.02%;-0.05%;-0.07%;-0.07%;0.00%;-0.12%;0.06%
24-01-13;-0.51%;-0.01%;0.02%;-0.14%;-0.33%;-0.03%;-0.02%;-0.05%;0.00%;-0.10%;-0.01%
25-01-13;0.39%;0.00%;0.01%;0.17%;-0.46%;-0.13%;0.05%;-0.07%;0.00%;-0.06%;-0.17%
26-01-13;0.00%;0.00%;0.00%;0.67%;-0.29%;-0.23%;0.22%;-0.04%;0.00%;0.00%;0.00%
27-01-13;0.00%;0.00%;0.00%;0.00%;0.00%;0.02%;0.00%;0.00%;0.00%;0.00%;0.00%
28-01-13;0.30%;0.00%;0.00%;0.07%;0.07%;0.08%;0.07%;0.07%;0.00%;0.07%;0.18%
29-01-13;-0.07%;-0.01%;0.03%;0.16%;-0.32%;0.22%;0.33%;0.24%;0.00%;0.33%;0.13%
30-01-13;0.43%;-0.04%;-0.01%;0.58%;0.79%;0.04%;-0.11%;-0.14%;0.00%;0.04%;0.43%
31-01-13;0.26%;-0.09%;0.00%;-0.36%;-0.44%;-0.39%;-0.41%;-0.70%;0.00%;-0.28%;-0.14%
01-02-13;0.24%;-0.10%;-0.04%;-0.27%;0.09%;0.12%;-0.27%;-0.35%;0.00%;0.01%;-0.06%
02-02-13;0.00%;0.00%;0.00%;0.80%;0.36%;-0.04%;0.11%;-0.16%;0.00%;0.00%;0.00%
03-02-13;0.00%;0.00%;0.00%;0.00%;0.00%;0.01%;0.00%;0.00%;0.00%;0.00%;0.00%
04-02-13;-0.13%;-0.04%;0.02%;0.04%;0.04%;0.06%;0.04%;0.04%;0.00%;0.04%;0.58%
05-02-13;0.39%;-0.02%;0.05%;-1.08%;0.13%;0.17%;-0.20%;-0.06%;0.00%;0.13%;-0.38%
06-02-13;0.32%;-0.02%;0.03%;0.42%;-0.45%;-0.04%;-0.11%;-0.11%;0.00%;0.03%;0.14%
07-02-13;-0.12%;-0.01%;-0.02%;0.41%;-0.18%;0.27%;0.20%;0.20%;0.00%;0.18%;0.11%
08-02-13;-0.19%;0.00%;0.05%;-0.57%;-0.52%;-0.06%;-0.36%;-0.02%;0.00%;-0.13%;-0.28%
09-02-13;0.00%;0.00%;0.00%;0.61%;0.13%;0.03%;0.04%;0.12%;0.00%;0.00%;0.00%
10-02-13;0.00%;0.00%;0.00%;0.00%;0.00%;0.02%;0.00%;0.00%;0.00%;0.00%;0.00%
11-02-13;0.04%;0.07%;0.05%;-0.01%;-0.01%;0.00%;-0.01%;-0.01%;0.00%;-0.01%;0.21%
12-02-13;0.08%;0.01%;0.03%;-0.30%;-0.17%;0.05%;0.08%;0.15%;0.00%;0.03%;-0.02%
13-02-13;0.40%;0.08%;0.07%;0.47%;-0.05%;-0.14%;-0.02%;-0.24%;0.00%;-0.11%;0.08%
14-02-13;0.03%;0.11%;0.07%;-0.28%;0.23%;-0.38%;-0.24%;-0.38%;0.00%;-0.32%;0.13%
15-02-13;-0.30%;0.05%;0.02%;-0.12%;0.12%;0.16%;-0.02%;0.10%;0.00%;0.03%;0.07%
16-02-13;0.00%;0.00%;0.00%;-0.33%;0.06%;0.01%;0.06%;-0.02%;0.00%;0.00%;0.00%
17-02-13;0.00%;0.00%;0.00%;0.00%;0.00%;0.02%;0.00%;0.00%;0.00%;0.00%;0.00%
18-02-13;0.06%;0.08%;0.09%;0.01%;0.01%;0.02%;0.01%;0.01%;0.00%;0.01%;0.01%
19-02-13;0.19%;0.06%;0.05%;0.34%;0.02%;0.26%;0.22%;0.22%;0.00%;0.22%;0.03%
20-02-13;-1.12%;0.06%;0.07%;0.88%;0.04%;0.08%;0.18%;0.13%;0.00%;0.07%;0.26%
21-02-13;-0.46%;0.10%;0.07%;-0.55%;0.55%;0.11%;0.21%;0.06%;0.00%;0.13%;-0.35%
22-02-13;0.51%;0.11%;0.07%;-1.11%;-1.28%;0.32%;-0.16%;0.00%;0.00%;0.16%;-0.82%
23-02-13;0.00%;0.00%;0.00%;0.72%;0.02%;0.09%;-0.03%;-0.02%;0.00%;0.00%;0.00%
24-02-13;0.00%;0.00%;0.00%;0.00%;0.00%;0.01%;0.00%;0.00%;0.00%;0.00%;0.00%
25-02-13;-0.48%;0.06%;0.06%;-0.09%;-0.09%;-0.07%;-0.09%;-0.09%;0.00%;-0.09%;0.27%
26-02-13;-0.29%;0.06%;0.05%;-0.80%;0.07%;0.14%;0.15%;0.09%;0.00%;-0.03%;-0.45%
27-02-13;0.38%;0.12%;0.05%;-0.26%;-1.02%;0.17%;-0.18%;0.17%;0.00%;0.09%;-0.29%
28-02-13;0.71%;0.01%;0.19%;0.94%;0.34%;0.03%;0.09%;-0.05%;0.00%;-0.03%;0.57%
01-03-13;0.29%;0.02%;0.03%;0.34%;0.71%;0.04%;-0.02%;-0.04%;0.00%;-0.07%;0.35%
02-03-13;0.00%;0.00%;0.00%;-0.24%;-0.13%;0.16%;-0.10%;0.16%;0.00%;0.00%;0.00%
03-03-13;0.00%;0.00%;0.00%;0.00%;0.00%;0.02%;0.00%;0.00%;0.00%;0.00%;0.00%
04-03-13;0.22%;0.05%;0.05%;0.29%;0.29%;0.30%;0.29%;0.29%;0.00%;0.29%;0.16%
05-03-13;-0.16%;0.09%;0.05%;0.35%;-1.01%;0.16%;0.24%;0.17%;0.00%;0.11%;-0.15%
06-03-13;-0.90%;0.01%;0.04%;0.71%;0.45%;-0.47%;-0.21%;-0.31%;0.00%;-0.38%;0.46%
07-03-13;-0.49%;-0.01%;0.01%;0.10%;0.90%;-0.10%;-0.06%;-0.13%;0.00%;-0.07%;0.10%
08-03-13;0.60%;-0.10%;-0.02%;0.07%;-0.31%;-0.26%;0.01%;-0.27%;0.00%;-0.14%;-0.01%
09-03-13;0.00%;0.00%;0.00%;0.27%;0.76%;-0.07%;-0.10%;-0.10%;0.00%;0.00%;0.00%
10-03-13;0.00%;0.00%;0.00%;0.00%;0.00%;0.02%;0.00%;0.00%;0.00%;0.00%;0.00%
11-03-13;-0.02%;-0.03%;0.04%;-0.03%;-0.03%;-0.02%;-0.03%;-0.03%;0.00%;-0.03%;0.41%
12-03-13;-0.36%;-0.02%;0.02%;0.39%;-0.26%;-0.01%;0.05%;-0.15%;0.00%;-0.04%;0.07%
13-03-13;-0.50%;0.00%;0.00%;-0.22%;-0.67%;0.03%;-0.02%;0.01%;0.00%;-0.11%;-0.36%
14-03-13;-0.56%;0.01%;0.04%;-0.18%;-0.79%;0.05%;-0.02%;0.01%;0.00%;0.03%;-0.35%
15-03-13;-0.79%;0.04%;0.03%;0.69%;-0.16%;-0.05%;0.09%;-0.08%;0.00%;-0.04%;-0.03%
16-03-13;0.00%;0.00%;0.00%;0.30%;-0.52%;0.12%;0.18%;-0.03%;0.00%;0.00%;0.00%
17-03-13;0.00%;0.00%;0.00%;0.00%;0.00%;0.02%;0.00%;0.00%;0.00%;0.00%;0.00%
18-03-13;-0.13%;0.07%;0.02%;0.11%;0.11%;0.13%;0.11%;0.11%;0.00%;0.11%;-0.25%
19-03-13;0.51%;0.06%;0.01%;-0.77%;-1.00%;0.33%;-0.06%;0.10%;0.00%;0.16%;-0.57%
20-03-13;0.44%;0.04%;0.02%;-0.30%;-0.51%;0.13%;-0.11%;-0.06%;0.00%;-0.01%;-0.13%
21-03-13;-0.16%;0.01%;0.03%;0.64%;0.23%;0.04%;0.19%;-0.02%;0.00%;0.10%;0.42%
22-03-13;-0.02%;0.06%;0.02%;-0.48%;-0.33%;0.14%;0.02%;-0.07%;0.00%;0.05%;-0.31%
23-03-13;0.00%;0.00%;0.00%;0.40%;-0.64%;0.08%;0.08%;-0.06%;0.00%;0.00%;0.00%
24-03-13;0.00%;0.00%;0.00%;0.00%;0.00%;0.02%;0.00%;0.00%;0.00%;0.00%;0.00%
25-03-13;-0.74%;0.05%;0.05%;-0.05%;-0.05%;-0.04%;-0.05%;-0.05%;0.00%;-0.05%;-0.06%
26-03-13;0.47%;0.02%;0.05%;-0.43%;0.63%;0.03%;-0.12%;0.01%;0.00%;-0.04%;-0.09%
27-03-13;-0.17%;-0.03%;-0.05%;0.43%;0.63%;0.02%;-0.06%;-0.02%;0.00%;0.00%;0.38%
28-03-13;0.07%;0.04%;0.08%;-0.19%;0.32%;0.10%;-0.22%;-0.07%;0.00%;-0.01%;0.06%
29-03-13;0.00%;0.00%;0.00%;0.40%;0.06%;0.02%;0.13%;-0.05%;2.85%;0.00%;0.00%
30-03-13;0.00%;0.00%;0.00%;-0.01%;0.22%;0.00%;0.00%;0.00%;0.00%;0.00%;0.00%
31-03-13;0.00%;0.00%;0.00%;0.00%;0.00%;0.01%;0.00%;0.00%;0.00%;0.00%;0.00%
01-04-13;-0.33%;0.06%;0.04%;-0.11%;-0.11%;-0.09%;-0.11%;-0.11%;0.00%;3.69%;0.02%
02-04-13;-0.38%;-0.01%;0.02%;-0.35%;-0.25%;0.13%;0.14%;0.14%;0.00%;0.10%;-0.14%
03-04-13;-0.82%;0.06%;0.03%;0.53%;-0.18%;0.04%;0.07%;0.04%;0.00%;0.01%;0.00%
04-04-13;-0.47%;0.05%;0.02%;-0.71%;-0.43%;0.12%;0.09%;0.21%;0.00%;-0.04%;-0.69%
05-04-13;-1.06%;0.13%;0.08%;-0.56%;-1.10%;0.09%;-0.24%;0.01%;0.00%;-0.33%;-0.21%
06-04-13;0.00%;0.00%;0.00%;-0.22%;-0.87%;0.27%;0.29%;0.48%;0.00%;0.00%;0.00%
07-04-13;0.00%;0.00%;0.00%;0.00%;0.00%;0.01%;0.00%;0.00%;0.00%;0.00%;0.00%
08-04-13;0.48%;0.17%;0.08%;-0.33%;-0.33%;-0.32%;-0.33%;-0.33%;0.00%;-0.33%;-0.86%
09-04-13;0.87%;0.11%;0.04%;0.14%;-0.49%;-0.48%;-0.22%;-0.14%;0.00%;-0.41%;0.09%
10-04-13;0.12%;0.07%;0.05%;0.27%;0.70%;-0.28%;0.01%;-0.02%;0.00%;-0.19%;0.42%
11-04-13;-0.22%;0.09%;0.07%;1.79%;1.28%;0.24%;0.65%;0.40%;0.00%;0.44%;0.97%
12-04-13;-0.17%;0.18%;0.11%;0.77%;0.51%;0.07%;0.28%;0.10%;0.00%;0.04%;0.21%
13-04-13;0.00%;0.00%;0.00%;-0.42%;-0.91%;0.11%;0.01%;0.15%;0.00%;0.00%;0.00%
14-04-13;0.00%;0.00%;0.00%;0.00%;0.00%;0.02%;0.00%;0.00%;0.00%;0.00%;0.00%
15-04-13;-1.95%;0.35%;0.35%;0.11%;0.11%;0.12%;0.11%;0.11%;0.00%;0.11%;-0.35%
16-04-13;0.52%;0.04%;0.00%;-1.13%;-0.99%;0.66%;0.51%;0.63%;0.00%;0.61%;-1.08%
17-04-13;-0.44%;0.10%;0.10%;0.53%;0.55%;0.00%;-0.11%;-0.32%;0.00%;-0.01%;0.43%
18-04-13;0.63%;0.12%;0.03%;-0.89%;-0.37%;0.46%;0.18%;0.30%;0.00%;0.37%;-0.61%
19-04-13;0.50%;0.02%;-0.03%;-0.04%;0.09%;0.55%;0.52%;0.42%;0.00%;0.45%;0.16%
20-04-13;0.00%;0.00%;0.00%;0.62%;1.39%;0.03%;0.05%;0.01%;0.00%;0.00%;0.00%
21-04-13;0.00%;0.00%;0.00%;0.00%;0.00%;0.02%;0.00%;0.00%;0.00%;0.00%;0.00%
22-04-13;-0.23%;-0.04%;0.00%;0.18%;0.18%;0.20%;0.18%;0.18%;0.00%;0.18%;0.93%
23-04-13;0.41%;-0.06%;0.01%;0.54%;0.29%;0.29%;0.25%;0.25%;0.00%;0.20%;0.28%
24-04-13;0.02%;-0.09%;-0.02%;1.11%;-0.28%;0.02%;0.07%;-0.04%;0.00%;-0.07%;0.14%
25-04-13;-0.02%;-0.06%;0.00%;-0.04%;0.24%;-0.53%;-0.40%;-0.38%;0.00%;-0.54%;0.20%
26-04-13;-0.53%;0.03%;0.04%;0.14%;0.51%;-0.47%;-0.29%;-0.45%;0.00%;-0.45%;0.18%
27-04-13;0.00%;0.00%;0.00%;-0.08%;-0.47%;0.14%;0.13%;0.10%;0.00%;0.00%;0.00%
28-04-13;0.00%;0.00%;0.00%;0.00%;0.00%;0.01%;0.00%;0.00%;0.00%;0.00%;0.00%
29-04-13;-0.48%;0.05%;0.03%;-0.14%;-0.14%;-0.13%;-0.14%;-0.14%;0.00%;-0.14%;-0.17%
30-04-13;0.68%;0.05%;0.05%;0.65%;0.40%;0.00%;0.21%;-0.02%;0.00%;-0.11%;0.08%
01-05-13;0.00%;0.00%;0.00%;0.53%;1.21%;0.04%;0.32%;0.18%;0.00%;0.00%;0.00%
02-05-13;0.37%;0.12%;0.05%;-0.69%;-0.18%;0.06%;0.12%;0.12%;0.00%;-0.05%;0.13%
03-05-13;0.62%;0.05%;0.01%;0.47%;0.21%;0.41%;0.25%;0.47%;0.00%;0.24%;0.45%
04-05-13;0.00%;0.00%;0.00%;0.87%;0.48%;-0.29%;0.26%;-0.01%;0.00%;0.00%;0.00%
05-05-13;0.00%;0.00%;0.00%;0.00%;0.00%;0.02%;0.00%;0.00%;0.00%;0.00%;0.00%
06-05-13;-0.54%;0.05%;0.09%;-0.58%;-0.58%;-0.56%;-0.58%;-0.58%;0.00%;-0.58%;0.27%
07-05-13;0.21%;-0.02%;-0.02%;-0.05%;0.35%;-0.04%;0.06%;-0.03%;0.00%;-0.02%;0.15%
08-05-13;0.32%;-0.15%;-0.11%;0.79%;0.73%;0.00%;0.21%;0.07%;0.00%;0.09%;0.51%
09-05-13;-0.02%;0.05%;0.12%;1.03%;1.03%;0.32%;0.40%;0.24%;0.00%;0.21%;0.54%
10-05-13;-0.48%;0.06%;0.00%;-0.28%;0.16%;0.16%;0.13%;0.23%;0.00%;0.21%;-0.08%
11-05-13;0.00%;0.00%;0.00%;0.01%;-0.92%;-0.37%;-0.32%;-0.21%;0.00%;0.00%;0.00%
12-05-13;0.00%;0.00%;0.00%;0.00%;0.00%;0.02%;0.00%;0.00%;0.00%;0.00%;0.00%
13-05-13;-0.71%;0.02%;-0.03%;0.42%;0.42%;0.44%;0.42%;0.42%;0.00%;0.42%;0.04%
14-05-13;-0.01%;0.01%;-0.06%;0.47%;-0.49%;0.27%;0.16%;0.12%;0.00%;0.35%;-0.13%
15-05-13;-0.08%;0.14%;0.07%;0.93%;0.83%;0.22%;0.21%;0.17%;0.00%;0.34%;0.41%
16-05-13;-0.41%;0.15%;0.07%;0.65%;0.30%;0.26%;0.10%;0.22%;0.00%;0.29%;0.22%
17-05-13;-0.07%;0.04%;0.05%;-0.11%;0.10%;0.34%;0.22%;0.18%;0.00%;0.07%;-0.21%
18-05-13;0.00%;0.00%;0.00%;0.34%;-0.05%;-0.06%;-0.10%;-0.09%;0.00%;0.00%;0.00%
19-05-13;0.00%;0.00%;0.00%;0.00%;0.00%;0.02%;0.00%;0.00%;0.00%;0.00%;0.00%
20-05-13;-0.44%;-0.01%;0.02%;0.37%;0.37%;0.39%;0.37%;0.37%;0.00%;0.37%;0.25%
21-05-13;0.00%;0.00%;0.00%;0.91%;0.78%;0.45%;0.69%;0.51%;0.00%;0.54%;0.00%
22-05-13;0.74%;0.01%;-0.01%;0.15%;0.01%;-0.04%;0.01%;-0.10%;0.00%;0.00%;0.58%
23-05-13;-0.62%;-0.04%;-0.01%;-0.26%;0.23%;0.16%;0.25%;0.07%;0.00%;0.23%;-0.16%
24-05-13;-0.84%;-0.07%;-0.02%;-0.40%;-1.24%;0.86%;0.61%;0.57%;0.00%;0.89%;-0.24%
25-05-13;0.00%;0.00%;0.00%;-0.04%;0.08%;0.00%;-0.04%;-0.16%;0.00%;0.00%;0.00%
26-05-13;0.00%;0.00%;0.00%;0.00%;0.00%;0.02%;0.00%;0.00%;0.00%;0.00%;0.00%
27-05-13;-0.45%;-0.09%;-0.03%;0.00%;0.00%;0.02%;0.00%;0.00%;0.00%;0.00%;-0.19%
28-05-13;-0.65%;-0.09%;-0.07%;0.02%;0.42%;0.27%;0.23%;0.23%;0.00%;0.23%;0.05%
29-05-13;-0.08%;-0.06%;-0.01%;0.57%;0.30%;-0.23%;-0.11%;-0.46%;0.00%;0.07%;0.20%
30-05-13;0.12%;-0.02%;-0.02%;-0.43%;-0.92%;-0.06%;-0.26%;-0.43%;0.00%;0.07%;-0.85%
31-05-13;1.09%;0.02%;0.07%;0.61%;0.06%;0.51%;0.45%;0.16%;0.00%;0.44%;0.16%
01-06-13;0.00%;0.00%;0.00%;-1.34%;-0.70%;-0.05%;-0.34%;-0.36%;0.00%;0.00%;0.00%
02-06-13;0.00%;0.00%;0.00%;0.00%;0.00%;0.02%;0.00%;0.00%;0.00%;0.00%;0.00%
03-06-13;-0.53%;0.18%;0.08%;1.41%;1.41%;1.42%;1.41%;1.41%;0.00%;1.41%;0.12%
04-06-13;0.60%;0.18%;0.04%;0.50%;-0.58%;0.51%;0.21%;0.21%;0.00%;0.44%;0.30%
05-06-13;-0.14%;0.07%;0.01%;-0.37%;0.18%;-0.57%;-0.51%;-0.62%;0.00%;-0.43%;-0.38%
06-06-13;-0.41%;0.07%;0.06%;-0.99%;-0.74%;0.59%;-0.01%;0.33%;0.00%;0.52%;-0.53%
07-06-13;-0.95%;0.02%;0.00%;0.80%;-0.12%;0.46%;0.46%;0.19%;0.00%;0.52%;0.23%
08-06-13;0.00%;0.00%;0.00%;1.05%;-0.39%;-0.13%;0.32%;-0.30%;0.00%;0.00%;0.00%
09-06-13;0.00%;0.00%;0.00%;0.00%;0.00%;0.02%;0.00%;0.00%;0.00%;0.00%;0.00%
10-06-13;-1.76%;-0.06%;-0.01%;-0.71%;-0.71%;-0.69%;-0.71%;-0.71%;0.00%;-0.71%;-0.45%
11-06-13;-1.47%;-0.12%;0.00%;0.85%;-0.13%;0.49%;0.56%;0.26%;0.00%;0.64%;-0.30%
12-06-13;-0.84%;0.07%;0.05%;-0.89%;-2.15%;-0.35%;-0.80%;-0.92%;0.00%;-0.23%;-1.29%
13-06-13;1.09%;0.12%;0.05%;-1.31%;-0.94%;-1.01%;-0.86%;-1.29%;0.00%;-0.95%;-1.16%
14-06-13;0.21%;0.11%;0.05%;0.03%;-1.47%;-0.25%;-0.58%;-0.05%;0.00%;-0.43%;0.25%
15-06-13;0.00%;0.00%;0.00%;-0.03%;1.07%;0.29%;0.41%;0.55%;0.00%;0.00%;0.00%
16-06-13;0.00%;0.00%;0.00%;0.00%;0.00%;0.02%;0.00%;0.00%;0.00%;0.00%;0.00%
17-06-13;-0.50%;-0.02%;0.17%;-0.83%;-0.83%;-0.82%;-0.83%;-0.83%;0.00%;-0.83%;-0.37%
18-06-13;0.10%;-0.11%;-0.01%;0.96%;0.50%;0.01%;0.26%;0.32%;0.00%;0.06%;0.28%
19-06-13;-0.64%;-0.04%;0.02%;1.67%;0.88%;1.20%;1.26%;0.98%;0.00%;1.25%;0.71%
20-06-13;-2.48%;-0.13%;-0.08%;-0.24%;-0.39%;0.10%;0.23%;-0.35%;0.00%;0.31%;-0.83%
21-06-13;0.08%;-0.12%;0.05%;-1.16%;-1.75%;1.70%;0.73%;0.87%;0.00%;2.35%;-1.06%
22-06-13;0.00%;0.00%;0.00%;-0.19%;-0.87%;-0.36%;-0.32%;-0.82%;0.00%;0.00%;0.00%
23-06-13;0.00%;0.00%;0.00%;0.00%;0.00%;0.02%;0.00%;0.00%;0.00%;0.00%;0.00%
24-06-13;-0.81%;0.09%;0.08%;0.35%;0.35%;0.36%;0.35%;0.35%;0.00%;0.35%;-0.08%
25-06-13;0.48%;-0.01%;-0.04%;-1.61%;-2.11%;-0.60%;-1.30%;-1.96%;0.00%;-0.19%;-1.36%
26-06-13;1.59%;0.08%;0.01%;-0.12%;-0.65%;-0.93%;-1.11%;-0.96%;0.00%;-0.95%;0.29%
27-06-13;1.13%;0.14%;0.05%;0.24%;1.11%;-0.39%;-0.38%;-0.06%;0.00%;-0.70%;0.65%
28-06-13;1.20%;0.07%;-0.01%;0.51%;1.72%;0.11%;0.28%;0.61%;2.97%;-0.23%;0.83%
29-06-13;0.00%;0.00%;0.00%;-0.17%;2.26%;0.09%;0.25%;0.45%;0.00%;0.00%;0.00%
30-06-13;0.00%;0.00%;0.00%;0.00%;0.00%;0.02%;0.00%;0.00%;0.00%;0.00%;0.00%
01-07-13;-1.59%;0.09%;0.08%;0.65%;0.65%;0.67%;0.65%;0.65%;0.00%;3.55%;0.85%
02-07-13;-1.61%;0.04%;-0.06%;0.33%;-0.25%;-0.38%;-0.23%;-0.19%;0.00%;-0.43%;-0.10%
03-07-13;-0.72%;0.05%;0.05%;-0.27%;-1.36%;-0.19%;-0.20%;-0.02%;0.00%;-0.31%;-1.00%
04-07-13;0.37%;0.03%;0.02%;-0.33%;-2.14%;-0.12%;-0.24%;-0.18%;0.00%;-0.04%;-0.63%
05-07-13;-0.78%;0.08%;0.03%;0.18%;0.74%;-0.25%;-0.43%;-0.35%;0.00%;-0.35%;0.03%
06-07-13;0.00%;0.00%;0.00%;0.06%;-0.49%;-0.48%;-0.26%;-0.50%;0.00%;0.00%;0.00%
07-07-13;0.00%;0.00%;0.00%;0.00%;0.00%;0.02%;0.00%;0.00%;0.00%;0.00%;0.00%
08-07-13;-0.39%;0.07%;0.08%;1.09%;1.09%;1.11%;1.09%;1.09%;0.00%;1.09%;0.64%
09-07-13;-0.89%;0.04%;0.01%;0.52%;-1.32%;0.14%;-0.04%;-0.34%;0.00%;-0.07%;-0.15%
10-07-13;-1.00%;0.11%;0.05%;0.95%;0.95%;0.37%;0.31%;0.30%;0.00%;0.21%;0.24%
11-07-13;-0.08%;0.05%;0.06%;0.46%;0.46%;0.04%;0.27%;-0.15%;0.00%;0.13%;0.23%
12-07-13;0.17%;0.07%;0.04%;1.07%;2.43%;-0.19%;0.25%;-0.12%;0.00%;-0.50%;0.76%
13-07-13;0.00%;0.00%;0.00%;0.11%;0.27%;0.06%;0.22%;0.21%;0.00%;0.00%;0.00%
14-07-13;0.00%;0.00%;0.00%;0.00%;0.00%;0.02%;0.00%;0.00%;0.00%;0.00%;0.00%
15-07-13;1.42%;0.13%;0.19%;-0.24%;-0.24%;-0.22%;-0.24%;-0.24%;0.00%;-0.24%;-0.16%
16-07-13;0.00%;0.00%;0.00%;-0.41%;0.15%;-0.47%;-0.35%;-0.16%;0.00%;-0.59%;0.00%
17-07-13;1.40%;-0.09%;-0.03%;-0.03%;0.11%;0.11%;0.38%;0.42%;0.00%;0.00%;0.15%
18-07-13;1.02%;-0.27%;-0.17%;-0.56%;-0.07%;-0.64%;-0.54%;-0.35%;0.00%;-0.76%;0.11%
19-07-13;-1.15%;-0.17%;0.01%;0.86%;0.16%;0.37%;0.75%;0.85%;0.00%;0.35%;0.69%
20-07-13;0.00%;0.00%;0.00%;0.16%;-0.73%;0.12%;0.20%;0.16%;0.00%;0.00%;0.00%
21-07-13;0.00%;0.00%;0.00%;0.00%;0.00%;0.02%;0.00%;0.00%;0.00%;0.00%;0.00%
22-07-13;0.13%;0.04%;0.04%;0.57%;0.57%;0.59%;0.57%;0.57%;0.00%;0.57%;0.13%
23-07-13;-0.02%;0.00%;0.03%;0.60%;0.51%;0.25%;0.42%;0.41%;0.00%;0.14%;0.26%
24-07-13;0.30%;0.05%;-0.02%;0.20%;1.83%;0.17%;0.42%;0.34%;0.00%;0.26%;0.58%
25-07-13;-0.47%;0.08%;0.04%;-0.09%;-0.26%;-0.22%;-0.24%;-0.36%;0.00%;0.00%;-0.25%
26-07-13;-0.95%;0.14%;0.05%;0.17%;-0.20%;0.15%;-0.11%;-0.16%;0.00%;0.22%;-0.01%
27-07-13;0.00%;0.00%;0.00%;-0.10%;-0.08%;0.16%;0.01%;0.02%;0.00%;0.00%;0.00%
28-07-13;0.00%;0.00%;0.00%;0.00%;0.00%;0.02%;0.00%;0.00%;0.00%;0.00%;0.00%
29-07-13;-0.16%;0.13%;0.08%;0.21%;0.21%;0.23%;0.21%;0.21%;0.00%;0.21%;-0.15%
30-07-13;-2.00%;0.17%;0.05%;0.18%;-0.13%;0.64%;0.69%;0.58%;0.00%;0.67%;-0.05%
31-07-13;-0.43%;0.16%;0.04%;0.97%;0.85%;0.88%;0.87%;0.71%;0.00%;0.87%;0.25%
01-08-13;2.11%;-0.02%;0.00%;0.06%;-0.43%;0.26%;0.13%;-0.07%;0.00%;0.21%;-0.02%
02-08-13;-0.23%;0.08%;0.05%;0.93%;0.52%;-0.39%;-0.25%;-0.35%;0.00%;-0.19%;0.57%
03-08-13;0.00%;0.00%;0.00%;0.59%;0.13%;0.25%;0.03%;-0.07%;0.00%;0.00%;0.00%
04-08-13;0.00%;0.00%;0.00%;0.00%;0.00%;0.02%;0.00%;0.00%;0.00%;0.00%;0.00%
05-08-13;-0.83%;0.07%;0.07%;-0.15%;-0.15%;-0.14%;-0.15%;-0.15%;0.00%;-0.15%;0.30%
06-08-13;-1.44%;-0.01%;0.02%;-0.47%;-0.14%;-0.29%;-0.25%;-0.10%;0.00%;-0.25%;-0.46%
07-08-13;-1.04%;0.03%;-0.01%;0.18%;-0.72%;0.32%;0.42%;0.34%;0.00%;0.33%;-0.40%
08-08-13;1.55%;0.04%;0.04%;-0.19%;-0.53%;0.48%;0.30%;0.29%;0.00%;0.35%;-0.38%
09-08-13;0.95%;-0.01%;-0.03%;-0.44%;-0.08%;-0.92%;-0.84%;-0.90%;0.00%;-1.01%;-0.11%
10-08-13;0.00%;0.00%;0.00%;-0.05%;0.53%;0.04%;0.00%;0.05%;0.00%;0.00%;0.00%
11-08-13;0.00%;0.00%;0.00%;0.00%;0.00%;0.02%;0.00%;0.00%;0.00%;0.00%;0.00%
12-08-13;0.19%;0.08%;0.08%;-0.71%;-0.71%;-0.69%;-0.71%;-0.71%;0.00%;-0.71%;-0.01%
13-08-13;-0.19%;0.00%;-0.02%;-0.24%;0.63%;-0.05%;-0.07%;0.01%;0.00%;-0.05%;0.29%
14-08-13;-0.42%;0.03%;0.01%;0.95%;1.59%;0.39%;0.64%;0.56%;0.00%;0.74%;0.61%
15-08-13;0.00%;0.00%;0.00%;-0.25%;-0.07%;-0.28%;-0.21%;-0.34%;0.00%;-0.28%;0.00%
16-08-13;-0.72%;0.07%;0.08%;-1.24%;-0.76%;-0.22%;-0.21%;-0.27%;0.00%;0.00%;-0.79%
17-08-13;0.00%;0.00%;0.00%;0.05%;-0.22%;-0.12%;0.05%;-0.30%;0.00%;0.00%;0.00%
18-08-13;0.00%;0.00%;0.00%;0.00%;0.00%;0.02%;0.00%;0.00%;0.00%;0.00%;0.00%
19-08-13;-0.44%;0.05%;0.06%;0.24%;0.24%;0.26%;0.24%;0.24%;0.00%;0.24%;-0.39%
20-08-13;-0.42%;0.06%;0.04%;0.78%;-0.13%;1.08%;1.11%;0.73%;0.00%;1.26%;-0.15%
21-08-13;-1.51%;0.03%;-0.06%;-0.13%;-1.44%;0.13%;-0.15%;-0.22%;0.00%;-0.09%;-0.45%
22-08-13;-0.13%;0.01%;0.02%;-0.81%;-0.94%;-0.24%;-0.31%;-0.56%;0.00%;-0.10%;-0.91%
23-08-13;0.95%;-0.05%;-0.01%;0.12%;-0.63%;-0.53%;-0.60%;-0.71%;0.00%;-0.43%;-0.03%
24-08-13;0.00%;0.00%;0.00%;0.72%;1.14%;0.17%;0.17%;0.30%;0.00%;0.00%;0.00%
25-08-13;0.00%;0.00%;0.00%;0.00%;0.00%;0.02%;0.00%;0.00%;0.00%;0.00%;0.00%
26-08-13;-0.39%;0.05%;0.02%;-0.76%;-0.76%;-0.75%;-0.76%;-0.76%;0.00%;-0.76%;0.14%
27-08-13;-2.20%;0.07%;0.06%;0.03%;0.31%;0.40%;0.38%;0.41%;0.00%;0.30%;-0.01%
28-08-13;-0.16%;0.08%;-0.01%;-0.58%;-1.11%;1.04%;0.68%;0.70%;0.00%;0.76%;-0.95%
29-08-13;0.32%;0.05%;0.03%;-0.58%;-0.91%;-0.41%;-0.43%;-0.56%;0.00%;-0.30%;-0.28%
30-08-13;1.59%;0.02%;0.05%;-0.31%;0.83%;-0.24%;-0.47%;-0.33%;0.00%;-0.39%;0.04%
31-08-13;0.00%;0.00%;0.00%;-0.56%;0.94%;0.03%;0.01%;-0.02%;0.00%;0.00%;0.00%
01-09-13;0.00%;0.00%;0.00%;0.00%;0.00%;0.02%;0.00%;0.00%;0.00%;0.00%;0.00%
02-09-13;0.20%;0.00%;0.02%;-0.37%;-0.37%;-0.36%;-0.37%;-0.37%;0.00%;-0.37%;-0.05%
03-09-13;-0.56%;-0.04%;-0.02%;0.58%;0.96%;-0.04%;0.03%;0.00%;0.00%;0.00%;0.45%
04-09-13;0.02%;-0.03%;0.02%;0.46%;-0.33%;-0.11%;0.17%;-0.09%;0.00%;0.12%;0.05%
05-09-13;1.94%;0.02%;0.01%;0.34%;0.07%;-0.46%;-0.37%;-0.61%;0.00%;-0.36%;0.17%
06-09-13;2.20%;0.09%;0.01%;0.27%;1.29%;-0.20%;-0.05%;-0.06%;0.00%;0.18%;0.52%
07-09-13;0.00%;0.00%;0.00%;0.33%;0.85%;0.23%;0.14%;0.26%;0.00%;0.00%;0.00%
08-09-13;0.00%;0.00%;0.00%;0.00%;0.00%;0.02%;0.00%;0.00%;0.00%;0.00%;0.00%
09-09-13;2.13%;0.11%;0.06%;-0.49%;-0.49%;-0.47%;-0.49%;-0.49%;0.00%;-0.49%;0.45%
10-09-13;0.01%;-0.02%;0.00%;1.05%;2.06%;0.33%;0.46%;0.49%;0.00%;0.15%;1.35%
11-09-13;0.16%;0.04%;0.03%;0.68%;1.61%;-0.38%;-0.10%;-0.16%;0.00%;-0.19%;0.77%
12-09-13;-1.54%;-0.03%;0.01%;-0.13%;-0.51%;-0.40%;-0.40%;-0.35%;0.00%;-0.57%;-0.27%
13-09-13;-0.84%;-0.08%;-0.02%;-0.56%;-0.53%;-0.25%;-0.21%;-0.04%;0.00%;-0.39%;-0.38%
14-09-13;0.00%;0.00%;0.00%;0.05%;-0.36%;0.06%;-0.01%;0.08%;0.00%;0.00%;0.00%
15-09-13;0.00%;0.00%;0.00%;0.00%;0.00%;0.02%;0.00%;0.00%;0.00%;0.00%;0.00%
16-09-13;1.03%;-0.04%;-0.03%;0.43%;0.43%;0.45%;0.43%;0.43%;0.00%;0.43%;0.08%
17-09-13;-0.32%;0.05%;0.03%;0.50%;1.19%;-0.16%;0.13%;0.23%;0.00%;-0.34%;0.54%
18-09-13;0.00%;0.00%;0.00%;0.20%;0.24%;0.21%;0.19%;0.27%;0.00%;0.16%;0.00%
19-09-13;0.00%;0.00%;0.00%;0.92%;-0.14%;0.29%;0.25%;0.71%;0.00%;0.00%;0.00%
20-09-13;0.00%;0.00%;0.00%;0.75%;2.13%;0.18%;0.75%;0.66%;0.00%;0.00%;0.00%
21-09-13;0.00%;0.00%;0.00%;-0.63%;-0.92%;0.00%;-0.02%;0.10%;0.00%;0.00%;0.00%
22-09-13;0.00%;0.00%;0.00%;0.00%;0.00%;0.02%;0.00%;0.00%;0.00%;0.00%;0.00%
23-09-13;2.79%;0.14%;0.14%;0.00%;0.00%;0.01%;0.00%;0.00%;0.00%;0.00%;1.16%
24-09-13;-0.68%;0.06%;0.06%;-1.69%;-1.04%;-1.21%;-1.39%;-1.28%;0.00%;-1.35%;-0.74%
25-09-13;-0.32%;0.01%;0.03%;0.00%;-0.41%;0.42%;0.05%;0.00%;0.00%;0.14%;-0.07%
26-09-13;-0.14%;-0.02%;-0.01%;0.51%;0.32%;0.76%;0.58%;0.66%;0.00%;0.62%;0.16%
27-09-13;-0.50%;-0.04%;-0.02%;0.25%;-0.46%;-0.10%;-0.12%;-0.16%;0.00%;-0.01%;0.00%
28-09-13;0.00%;0.00%;0.00%;-0.11%;-0.30%;0.11%;0.01%;-0.08%;0.00%;0.00%;0.00%
29-09-13;0.00%;0.00%;0.00%;0.00%;0.00%;0.02%;0.00%;0.00%;0.00%;0.00%;0.00%
30-09-13;-1.03%;0.06%;0.08%;0.55%;0.55%;0.56%;0.55%;0.55%;4.81%;0.55%;0.08%
01-10-13;0.63%;0.00%;0.02%;-0.48%;-1.00%;0.28%;0.08%;0.03%;0.00%;2.77%;-0.51%
02-10-13;-0.75%;0.06%;0.09%;0.58%;0.84%;-0.04%;0.01%;-0.07%;0.00%;-0.06%;0.35%
03-10-13;0.08%;0.07%;0.02%;-0.38%;-0.08%;-0.12%;-0.08%;-0.14%;0.00%;-0.23%;0.00%
04-10-13;0.26%;-0.01%;0.00%;-1.02%;0.25%;-0.43%;-0.38%;-0.50%;0.00%;-0.49%;-0.34%
05-10-13;0.00%;0.00%;0.00%;0.31%;0.27%;-0.09%;0.08%;0.05%;0.00%;0.00%;0.00%
06-10-13;0.00%;0.00%;0.00%;0.00%;0.00%;0.02%;0.00%;0.00%;0.00%;0.00%;0.00%
07-10-13;-0.50%;0.03%;0.06%;-0.28%;-0.28%;-0.27%;-0.28%;-0.28%;0.00%;-0.28%;-0.03%
08-10-13;-0.09%;0.02%;0.03%;-0.59%;-0.17%;0.23%;0.23%;0.29%;0.00%;0.13%;-0.31%
09-10-13;-0.71%;0.02%;0.04%;-0.97%;0.31%;-0.16%;-0.01%;-0.01%;0.00%;-0.11%;-0.21%
10-10-13;0.93%;0.04%;0.02%;0.14%;0.04%;0.37%;0.23%;0.38%;0.00%;0.35%;0.11%
11-10-13;0.39%;-0.01%;0.00%;1.24%;0.36%;-0.53%;-0.29%;-0.40%;0.00%;-0.47%;0.68%
12-10-13;0.00%;0.00%;0.00%;0.74%;0.90%;0.08%;0.16%;0.19%;0.00%;0.00%;0.00%
13-10-13;0.00%;0.00%;0.00%;0.00%;0.00%;0.02%;0.00%;0.00%;0.00%;0.00%;0.00%
14-10-13;0.33%;0.07%;0.07%;-0.18%;-0.18%;-0.17%;-0.18%;-0.18%;0.00%;-0.18%;0.44%
15-10-13;0.19%;0.02%;0.01%;0.61%;0.21%;0.29%;0.34%;0.27%;0.00%;0.27%;0.34%
16-10-13;0.10%;0.04%;0.06%;-0.32%;0.68%;-0.14%;0.01%;0.08%;0.00%;-0.02%;0.06%
17-10-13;-0.77%;0.03%;0.04%;0.43%;-0.22%;-0.23%;-0.24%;-0.10%;0.00%;-0.36%;0.15%
18-10-13;0.60%;0.15%;0.08%;0.32%;-0.45%;-0.40%;-0.14%;-0.22%;0.00%;-0.71%;-0.21%
19-10-13;0.00%;0.00%;0.00%;0.72%;0.81%;0.11%;0.31%;0.26%;0.00%;0.00%;0.00%
20-10-13;0.00%;0.00%;0.00%;0.00%;0.00%;0.01%;0.00%;0.00%;0.00%;0.00%;0.00%
21-10-13;0.96%;0.28%;0.11%;0.53%;0.53%;0.54%;0.53%;0.53%;0.00%;0.53%;0.82%
22-10-13;0.10%;0.08%;0.06%;1.00%;0.96%;0.86%;1.06%;1.00%;0.00%;0.90%;0.73%
23-10-13;0.70%;0.06%;-0.02%;0.60%;0.10%;0.25%;0.17%;0.14%;0.00%;-0.10%;0.28%
24-10-13;-0.45%;0.03%;0.02%;0.05%;-0.46%;0.77%;0.68%;0.80%;0.00%;0.61%;0.01%
25-10-13;-0.57%;0.06%;0.05%;0.70%;0.05%;0.23%;0.39%;0.23%;0.00%;0.30%;0.12%
26-10-13;0.00%;0.00%;0.00%;0.00%;-0.34%;0.04%;0.03%;0.06%;0.00%;0.00%;0.00%
27-10-13;0.00%;0.00%;0.00%;0.00%;0.00%;0.01%;0.00%;0.00%;0.00%;0.00%;0.00%
28-10-13;0.12%;0.13%;0.10%;0.14%;0.14%;0.15%;0.14%;0.14%;0.00%;0.14%;0.00%
29-10-13;-0.18%;0.10%;-0.01%;0.47%;1.02%;0.36%;0.40%;0.29%;0.00%;0.33%;0.31%
30-10-13;0.78%;0.08%;0.17%;0.57%;0.55%;0.37%;0.30%;0.23%;0.00%;0.32%;0.33%
31-10-13;0.00%;0.00%;0.00%;-0.33%;0.40%;-0.11%;-0.09%;-0.15%;0.00%;-0.18%;0.00%
01-11-13;0.00%;0.00%;0.00%;-0.56%;-0.80%;0.00%;-0.22%;-0.09%;0.00%;0.00%;0.00%
02-11-13;0.00%;0.00%;0.00%;-0.31%;-0.62%;-0.13%;-0.16%;-0.26%;0.00%;0.00%;0.00%
03-11-13;0.00%;0.00%;0.00%;0.00%;0.00%;0.02%;0.00%;0.00%;0.00%;0.00%;0.00%
04-11-13;0.20%;0.10%;0.12%;0.00%;0.00%;0.01%;0.00%;0.00%;0.00%;0.00%;-0.20%
05-11-13;-0.09%;0.04%;0.04%;1.33%;0.88%;1.03%;1.03%;0.83%;0.00%;0.96%;0.37%
06-11-13;-0.41%;0.05%;0.02%;0.19%;-0.58%;0.22%;0.33%;0.10%;0.00%;0.46%;0.12%
07-11-13;-0.09%;0.09%;0.03%;0.52%;-0.04%;0.01%;0.05%;-0.12%;0.00%;-0.03%;-0.05%
08-11-13;-1.26%;0.08%;0.10%;-1.05%;-0.45%;0.35%;0.01%;0.20%;0.00%;0.13%;-0.45%
09-11-13;0.00%;0.00%;0.00%;0.50%;-1.48%;-0.32%;-0.33%;-0.46%;0.00%;0.00%;0.00%
10-11-13;0.00%;0.00%;0.00%;0.00%;0.00%;0.02%;0.00%;0.00%;0.00%;0.00%;0.00%
11-11-13;-1.34%;0.06%;0.07%;0.51%;0.51%;0.53%;0.51%;0.51%;0.00%;0.51%;0.01%
12-11-13;0.02%;-0.04%;-0.02%;0.66%;0.15%;0.38%;0.46%;0.38%;0.00%;0.38%;-0.04%
13-11-13;-1.30%;0.01%;-0.01%;-0.01%;0.00%;0.06%;-0.07%;-0.56%;0.00%;0.13%;-0.11%
14-11-13;0.37%;0.06%;0.05%;0.48%;-0.91%;0.42%;0.11%;0.23%;0.00%;0.26%;-0.13%
15-11-13;1.05%;0.12%;0.07%;0.48%;0.98%;-0.04%;0.01%;0.05%;0.00%;-0.23%;0.33%
16-11-13;0.00%;0.00%;0.00%;0.54%;1.34%;0.01%;0.14%;0.23%;0.00%;0.00%;0.00%
17-11-13;0.00%;0.00%;0.00%;0.00%;0.00%;0.01%;0.00%;0.00%;0.00%;0.00%;0.00%
18-11-13;0.80%;0.08%;0.05%;-0.03%;-0.03%;-0.02%;-0.03%;-0.03%;0.00%;-0.03%;0.67%
19-11-13;-0.76%;-0.01%;0.03%;-0.57%;1.34%;-0.50%;-0.38%;-0.28%;0.00%;-0.66%;0.31%
20-11-13;-0.85%;0.01%;0.02%;-0.02%;0.29%;0.28%;0.35%;0.27%;0.00%;0.36%;0.09%
21-11-13;-1.03%;0.07%;0.04%;0.36%;0.19%;0.57%;0.66%;0.54%;0.00%;0.66%;-0.02%
22-11-13;0.34%;-0.06%;0.03%;0.33%;-1.50%;-0.03%;-0.06%;-0.11%;0.00%;0.01%;-0.25%
23-11-13;0.00%;0.00%;0.00%;0.43%;0.49%;0.09%;0.21%;0.12%;0.00%;0.00%;0.00%
24-11-13;0.00%;0.00%;0.00%;0.00%;0.00%;0.01%;0.00%;0.00%;0.00%;0.00%;0.00%
25-11-13;-0.48%;-0.12%;0.00%;-0.45%;-0.45%;-0.44%;-0.45%;-0.45%;0.00%;-0.45%;-0.13%
26-11-13;-1.16%;-0.08%;-0.01%;0.07%;0.18%;0.10%;0.17%;0.16%;0.00%;0.03%;0.03%
27-11-13;1.00%;-0.07%;-0.03%;0.22%;-0.19%;0.48%;0.42%;0.37%;0.00%;0.32%;-0.17%
28-11-13;0.69%;-0.12%;-0.01%;0.55%;0.70%;0.30%;0.42%;0.21%;0.00%;0.36%;0.39%
29-11-13;0.90%;-0.05%;-0.11%;1.03%;1.10%;0.78%;0.84%;0.78%;0.00%;0.78%;0.60%
30-11-13;0.00%;0.00%;0.00%;-0.03%;0.62%;0.03%;0.09%;-0.01%;0.00%;0.00%;0.00%
01-12-13;0.00%;0.00%;0.00%;0.00%;0.00%;0.01%;0.00%;0.00%;0.00%;0.00%;0.00%
02-12-13;-0.60%;0.02%;0.08%;0.27%;0.27%;0.29%;0.27%;0.27%;0.00%;0.27%;0.38%
03-12-13;-0.77%;-0.02%;-0.02%;0.05%;0.01%;0.30%;0.36%;0.22%;0.00%;0.48%;0.27%
04-12-13;-0.28%;0.03%;0.09%;-0.35%;-0.92%;0.21%;0.17%;0.10%;0.00%;0.14%;-0.47%
05-12-13;0.24%;0.09%;0.04%;-0.33%;-0.51%;-0.05%;0.08%;0.03%;0.00%;0.18%;-0.26%
06-12-13;-0.57%;0.03%;0.04%;-0.89%;-0.25%;-0.61%;-0.38%;-0.58%;0.00%;-0.53%;-0.43%
07-12-13;0.00%;0.00%;0.00%;0.86%;0.38%;0.03%;0.10%;0.08%;0.00%;0.00%;0.00%
08-12-13;0.00%;0.00%;0.00%;0.00%;0.00%;0.01%;0.00%;0.00%;0.00%;0.00%;0.00%
09-12-13;0.20%;0.09%;0.09%;-0.48%;-0.48%;-0.47%;-0.48%;-0.48%;0.00%;-0.48%;0.09%
10-12-13;0.05%;-0.01%;-0.02%;0.03%;0.77%;-0.16%;-0.12%;-0.09%;0.00%;-0.29%;0.20%
11-12-13;-0.18%;-0.02%;0.00%;0.47%;0.64%;0.86%;0.87%;0.96%;0.00%;0.68%;0.31%
12-12-13;-0.59%;0.00%;0.01%;-0.61%;-0.71%;0.20%;0.31%;0.29%;0.00%;0.26%;-0.47%
13-12-13;-0.39%;0.00%;0.05%;-0.56%;-0.96%;0.06%;0.05%;0.12%;0.00%;0.14%;-0.42%
14-12-13;0.00%;0.00%;0.00%;-0.06%;-0.10%;0.04%;-0.03%;0.11%;0.00%;0.00%;0.00%
15-12-13;0.00%;0.00%;0.00%;0.00%;0.00%;0.01%;0.00%;0.00%;0.00%;0.00%;0.00%
16-12-13;0.60%;0.01%;0.01%;-0.62%;-0.62%;-0.61%;-0.62%;-0.62%;0.00%;-0.62%;-0.49%
17-12-13;-0.54%;-0.04%;0.00%;0.43%;-0.24%;-0.19%;-0.10%;-0.10%;0.00%;-0.23%;0.09%
18-12-13;-0.09%;0.01%;0.03%;-0.70%;-0.35%;-0.23%;-0.42%;-0.36%;0.00%;-0.36%;-0.18%
19-12-13;0.24%;0.00%;0.06%;1.65%;0.57%;0.28%;0.46%;0.35%;0.00%;0.34%;0.60%
20-12-13;0.49%;-0.10%;-0.01%;0.64%;0.14%;0.25%;0.30%;0.36%;0.00%;0.35%;0.05%
21-12-13;0.00%;0.00%;0.00%;0.51%;-0.24%;0.09%;0.07%;0.12%;0.00%;0.00%;0.00%
22-12-13;0.00%;0.00%;0.00%;0.00%;0.00%;0.01%;0.00%;0.00%;0.00%;0.00%;0.00%
23-12-13;-0.43%;-0.03%;-0.02%;0.16%;0.16%;0.17%;0.16%;0.16%;0.00%;0.16%;0.23%
24-12-13;0.00%;-0.01%;0.05%;0.05%;-0.14%;-0.68%;-0.50%;-0.62%;0.00%;-0.61%;-0.06%
25-12-13;0.00%;0.00%;0.00%;0.22%;0.34%;-0.02%;0.03%;0.01%;0.00%;0.07%;0.00%
26-12-13;-0.48%;0.02%;0.00%;0.00%;-0.05%;0.00%;0.00%;0.00%;0.00%;0.00%;0.06%
27-12-13;0.94%;0.04%;0.05%;-0.12%;-0.69%;-0.54%;-0.51%;-0.52%;0.00%;-0.53%;-0.24%
28-12-13;0.00%;0.00%;0.00%;0.49%;0.44%;-0.12%;0.17%;-0.07%;0.00%;0.00%;0.00%
29-12-13;0.00%;0.00%;0.00%;0.00%;0.00%;0.01%;0.00%;0.00%;0.00%;0.00%;0.00%
30-12-13;0.12%;0.10%;0.03%;-0.28%;-0.28%;-0.27%;-0.28%;-0.28%;0.00%;-0.28%;0.10%
31-12-13;0.00%;0.04%;-0.04%;0.12%;0.43%;0.15%;0.12%;0.04%;5.86%;0.00%;0.23%
01-01-14;0.00%;0.00%;0.00%;0.46%;0.24%;0.14%;0.16%;0.12%;0.00%;4.93%;0.00%
02-01-14;-0.07%;0.01%;0.05%;0.00%;0.00%;0.01%;0.00%;0.00%;0.00%;0.00%;0.34%
03-01-14;0.11%;-0.07%;0.04%;-0.02%;-0.25%;1.02%;0.86%;0.95%;0.00%;0.94%;-0.08%
04-01-14;0.00%;0.00%;0.00%;0.05%;-1.15%;0.03%;0.02%;0.02%;0.00%;0.00%;0.00%
05-01-14;0.00%;0.00%;0.00%;0.00%;0.00%;0.01%;0.00%;0.00%;0.00%;0.00%;0.00%
06-01-14;-0.12%;0.06%;0.08%;-0.14%;-0.14%;-0.13%;-0.14%;-0.14%;0.00%;-0.14%;-0.40%
07-01-14;-0.44%;0.13%;0.07%;0.14%;-0.28%;0.61%;0.64%;0.62%;0.00%;0.44%;0.01%
08-01-14;0.40%;0.20%;0.11%;0.49%;0.00%;0.25%;0.20%;0.20%;0.00%;0.10%;0.16%
09-01-14;-0.97%;0.16%;0.10%;0.26%;0.27%;-0.04%;0.11%;-0.03%;0.00%;0.09%;0.15%
10-01-14;-0.57%;0.10%;0.05%;0.11%;-0.69%;0.39%;0.36%;0.40%;0.00%;0.34%;-0.06%
11-01-14;0.00%;0.00%;0.00%;0.53%;0.73%;0.34%;0.17%;0.19%;0.00%;0.00%;0.00%
12-01-14;0.00%;0.00%;0.00%;0.00%;0.00%;0.01%;0.00%;0.00%;0.00%;0.00%;0.00%
13-01-14;-0.10%;0.12%;0.10%;-0.53%;-0.53%;-0.51%;-0.53%;-0.53%;0.00%;-0.53%;-0.29%
14-01-14;-0.09%;-0.03%;0.02%;-1.27%;0.06%;-0.52%;-0.64%;-0.54%;0.00%;-0.69%;-0.43%
15-01-14;0.84%;0.04%;0.15%;0.43%;-0.18%;0.00%;0.12%;0.03%;0.00%;0.04%;0.24%
16-01-14;0.51%;0.09%;0.06%;0.84%;0.60%;0.28%;0.31%;0.42%;0.00%;0.33%;0.50%
17-01-14;0.73%;0.14%;0.10%;0.37%;0.08%;0.58%;0.46%;0.51%;0.00%;0.41%;0.19%
18-01-14;0.00%;0.00%;0.00%;-0.12%;-0.24%;0.08%;0.01%;0.06%;0.00%;0.00%;0.00%
19-01-14;0.00%;0.00%;0.00%;0.00%;0.00%;0.01%;0.00%;0.00%;0.00%;0.00%;0.00%
20-01-14;-0.46%;0.08%;0.09%;1.00%;1.00%;1.01%;1.00%;1.00%;0.00%;1.00%;0.65%
21-01-14;-0.07%;0.23%;0.16%;0.84%;0.71%;0.92%;0.87%;0.85%;0.00%;0.85%;0.43%
22-01-14;0.43%;0.11%;0.00%;0.58%;0.42%;0.42%;0.46%;0.44%;0.00%;0.43%;0.29%
23-01-14;-0.64%;0.09%;0.21%;0.20%;0.65%;-0.03%;0.07%;-0.10%;0.00%;0.06%;0.06%
24-01-14;-1.76%;0.06%;-0.01%;-0.28%;-0.89%;0.64%;0.42%;0.29%;0.00%;0.40%;-0.23%
25-01-14;0.00%;0.00%;0.00%;-1.96%;-1.47%;0.14%;-0.34%;-0.17%;0.00%;0.00%;0.00%
26-01-14;0.00%;0.00%;0.00%;0.00%;0.00%;0.01%;0.00%;0.00%;0.00%;0.00%;0.00%
27-01-14;-1.82%;0.23%;0.14%;0.75%;0.75%;0.76%;0.75%;0.75%;0.00%;0.75%;-1.20%
28-01-14;-0.82%;0.07%;0.04%;-1.23%;-2.32%;-0.47%;-0.56%;-0.71%;0.00%;-0.40%;-1.22%
29-01-14;-2.40%;0.07%;0.10%;0.17%;0.07%;-0.18%;-0.14%;-0.11%;0.00%;-0.23%;-0.08%
30-01-14;0.00%;0.21%;0.14%;-0.15%;0.60%;0.49%;0.25%;0.34%;0.00%;0.32%;-0.33%
31-01-14;1.08%;0.16%;0.25%;-0.05%;-0.32%;-0.25%;-0.49%;-0.61%;0.00%;-0.29%;-0.07%
01-02-14;0.00%;0.00%;0.00%;-0.56%;0.02%;0.15%;-0.23%;-0.18%;0.00%;0.00%;0.00%
02-02-14;0.00%;0.00%;0.00%;0.00%;0.00%;0.01%;0.00%;0.00%;0.00%;0.00%;0.00%
03-02-14;-1.05%;0.08%;0.10%;1.20%;1.20%;1.21%;1.20%;1.20%;0.00%;1.20%;0.36%
04-02-14;0.38%;0.03%;0.04%;-1.19%;-0.55%;0.69%;0.49%;0.56%;0.00%;0.48%;-0.47%
05-02-14;0.10%;0.00%;-0.04%;0.06%;-0.79%;0.13%;0.12%;0.30%;0.00%;0.18%;-0.21%
06-02-14;0.87%;0.03%;0.04%;0.47%;0.17%;0.27%;0.39%;0.51%;0.00%;0.30%;0.23%
07-02-14;1.01%;0.04%;0.03%;0.75%;0.88%;-0.67%;-0.33%;-0.46%;0.00%;-0.56%;0.50%
08-02-14;0.00%;0.00%;0.00%;1.19%;0.81%;0.15%;0.24%;0.27%;0.00%;0.00%;0.00%
09-02-14;0.00%;0.00%;0.00%;0.00%;0.00%;0.01%;0.00%;0.00%;0.00%;0.00%;0.00%
10-02-14;0.36%;0.08%;0.05%;-0.54%;-0.54%;-0.53%;-0.54%;-0.54%;0.00%;-0.54%;0.60%
11-02-14;1.19%;-0.02%;-0.03%;0.71%;0.21%;0.40%;0.63%;0.56%;0.00%;0.40%;0.26%
12-02-14;1.29%;-0.03%;-0.06%;0.95%;0.86%;-0.21%;0.04%;-0.09%;0.00%;-0.14%;0.73%
13-02-14;0.04%;0.02%;0.05%;-0.07%;0.60%;-0.45%;-0.30%;-0.32%;0.00%;-0.30%;0.32%
14-02-14;1.36%;0.06%;0.08%;-0.29%;-1.41%;-0.43%;-0.54%;-0.67%;0.00%;-0.63%;-0.40%
15-02-14;0.00%;0.00%;0.00%;0.42%;1.21%;0.01%;0.11%;0.06%;0.00%;0.00%;0.00%
16-02-14;0.00%;0.00%;0.00%;0.00%;0.00%;0.01%;0.00%;0.00%;0.00%;0.00%;0.00%
17-02-14;0.13%;0.03%;0.04%;-0.46%;-0.46%;-0.45%;-0.46%;-0.46%;0.00%;-0.46%;0.49%
18-02-14;-0.66%;0.01%;0.01%;0.23%;0.74%;0.04%;0.05%;0.01%;0.00%;0.01%;0.23%
19-02-14;-0.16%;0.04%;0.01%;0.63%;-0.35%;0.33%;0.40%;0.38%;0.00%;0.20%;0.25%
20-02-14;-0.01%;0.07%;0.05%;0.48%;0.83%;0.76%;0.88%;0.78%;0.00%;0.79%;0.16%
21-02-14;-0.21%;-0.05%;0.02%;0.60%;-0.35%;0.43%;0.51%;0.49%;0.00%;0.53%;0.30%
22-02-14;0.00%;0.00%;0.00%;0.24%;0.91%;0.10%;0.22%;0.20%;0.00%;0.00%;0.00%
23-02-14;0.00%;0.00%;0.00%;0.00%;0.00%;0.01%;0.00%;0.00%;0.00%;0.00%;0.00%
24-02-14;0.33%;-0.04%;0.03%;0.03%;0.03%;0.04%;0.03%;0.03%;0.00%;0.03%;0.21%
25-02-14;-0.18%;-0.11%;-0.06%;0.44%;-0.16%;-0.06%;0.14%;0.25%;0.00%;-0.07%;0.26%
26-02-14;0.98%;-0.16%;-0.01%;0.35%;-0.02%;0.46%;0.50%;0.51%;0.00%;0.28%;0.11%
27-02-14;0.43%;-0.08%;0.04%;0.16%;0.50%;0.56%;0.40%;0.44%;0.00%;0.42%;0.30%
28-02-14;0.67%;-0.05%;-0.18%;1.00%;1.50%;0.94%;0.96%;1.00%;0.00%;0.77%;0.72%
01-03-14;0.00%;0.00%;0.00%;0.42%;0.33%;-0.07%;0.32%;0.16%;0.00%;0.00%;0.00%
02-03-14;0.00%;0.00%;0.00%;0.00%;0.00%;0.01%;0.00%;0.00%;0.00%;0.00%;0.00%
03-03-14;-1.28%;0.03%;0.06%;-0.70%;-0.70%;-0.69%;-0.70%;-0.70%;0.00%;-0.70%;-0.07%
04-03-14;0.94%;0.07%;0.07%;-0.81%;-1.25%;0.58%;0.18%;0.15%;0.00%;0.38%;-0.91%
05-03-14;0.33%;0.05%;0.05%;0.77%;0.00%;-0.73%;-0.52%;-0.55%;0.00%;-0.58%;0.59%
06-03-14;0.33%;0.06%;0.06%;0.88%;1.11%;0.79%;0.88%;0.93%;0.00%;0.79%;0.61%
07-03-14;-0.77%;0.07%;0.10%;-0.12%;0.59%;-0.74%;-0.44%;-0.61%;0.00%;-0.56%;0.18%
08-03-14;0.00%;0.00%;0.00%;-0.29%;-0.36%;-0.09%;-0.06%;-0.09%;0.00%;0.00%;0.00%
09-03-14;0.00%;0.00%;0.00%;0.00%;0.00%;0.01%;0.00%;0.00%;0.00%;0.00%;0.00%
10-03-14;-1.01%;0.14%;0.18%;0.36%;0.36%;0.37%;0.36%;0.36%;0.00%;0.36%;0.11%
11-03-14;0.17%;0.07%;0.08%;1.16%;0.23%;1.50%;1.40%;1.27%;0.00%;1.43%;0.25%
12-03-14;-0.85%;0.13%;0.10%;-0.07%;0.28%;0.20%;0.19%;0.19%;0.00%;0.18%;-0.16%
13-03-14;0.07%;0.15%;0.05%;0.09%;-0.74%;0.56%;0.39%;0.26%;0.00%;0.45%;-0.17%
14-03-14;-0.41%;0.10%;0.08%;-1.25%;-0.57%;-0.22%;-0.35%;-0.32%;0.00%;-0.42%;-0.84%
15-03-14;0.00%;0.00%;0.00%;-0.64%;-0.58%;0.04%;-0.18%;-0.23%;0.00%;0.00%;0.00%
16-03-14;0.00%;0.00%;0.00%;0.00%;0.00%;0.01%;0.00%;0.00%;0.00%;0.00%;0.00%
17-03-14;0.46%;0.03%;0.20%;0.21%;0.21%;0.22%;0.21%;0.21%;0.00%;0.21%;-0.16%
18-03-14;0.98%;0.07%;0.07%;0.49%;0.30%;-0.38%;-0.19%;-0.25%;0.00%;-0.29%;0.28%
19-03-14;-0.75%;0.10%;0.08%;0.80%;1.08%;0.16%;0.18%;0.25%;0.00%;0.10%;0.71%
20-03-14;0.44%;0.06%;0.06%;-0.66%;-0.42%;-0.41%;-0.11%;-0.16%;0.00%;-0.22%;-0.23%
21-03-14;-0.24%;-0.01%;0.03%;-0.43%;-1.25%;-0.30%;-0.48%;-0.28%;0.00%;-0.21%;-0.40%
22-03-14;0.00%;0.00%;0.00%;-0.05%;0.45%;0.12%;0.11%;0.02%;0.00%;0.00%;0.00%
23-03-14;0.00%;0.00%;0.00%;0.00%;0.00%;0.01%;0.00%;0.00%;0.00%;0.00%;0.00%
24-03-14;0.55%;-0.03%;0.08%;-1.16%;-1.16%;-1.15%;-1.16%;-1.16%;0.00%;-1.16%;-0.47%
25-03-14;1.06%;-0.05%;-0.01%;-0.30%;1.13%;0.24%;0.28%;0.30%;0.00%;0.14%;0.10%
26-03-14;-0.32%;-0.02%;0.02%;0.04%;-0.08%;-0.51%;-0.47%;-0.39%;0.00%;-0.56%;0.20%
27-03-14;0.86%;-0.05%;0.01%;-0.76%;0.33%;-0.56%;-0.54%;-0.37%;0.00%;-0.69%;-0.22%
28-03-14;0.30%;0.06%;0.04%;-0.78%;-0.05%;-0.65%;-0.75%;-0.40%;0.00%;-0.78%;-0.27%
29-03-14;0.00%;0.00%;0.00%;0.53%;0.99%;-0.08%;0.08%;0.12%;0.00%;0.00%;0.00%
30-03-14;0.00%;0.00%;0.00%;0.00%;0.00%;0.01%;0.00%;0.00%;0.00%;0.00%;0.00%
31-03-14;0.30%;0.09%;0.04%;-0.16%;-0.16%;-0.15%;-0.16%;-0.16%;2.98%;-0.16%;0.63%
01-04-14;0.44%;0.12%;0.09%;0.84%;1.11%;0.10%;0.25%;0.20%;0.00%;3.33%;0.67%
02-04-14;0.39%;0.04%;0.02%;0.49%;0.52%;-0.12%;-0.01%;0.06%;0.00%;-0.10%;0.49%
03-04-14;-0.42%;0.05%;0.07%;0.77%;0.96%;0.40%;0.55%;0.54%;0.00%;0.54%;0.65%
04-04-14;-0.54%;0.11%;0.07%;0.30%;0.01%;0.51%;0.41%;0.39%;0.00%;0.43%;0.12%
05-04-14;0.00%;0.00%;0.00%;-0.52%;0.19%;0.28%;0.12%;0.32%;0.00%;0.00%;0.00%
06-04-14;0.00%;0.00%;0.00%;0.00%;0.00%;0.01%;0.00%;0.00%;0.00%;0.00%;0.00%
07-04-14;0.25%;0.11%;0.11%;-0.16%;-0.16%;-0.15%;-0.16%;-0.16%;0.00%;-0.16%;-0.37%
08-04-14;0.97%;0.06%;0.12%;-1.28%;-0.03%;-0.13%;-0.18%;-0.16%;0.00%;-0.27%;-0.54%
09-04-14;0.84%;0.03%;0.04%;-0.97%;-0.52%;-1.26%;-1.12%;-1.14%;0.00%;-1.25%;-0.35%
10-04-14;-0.20%;0.08%;0.06%;0.96%;0.59%;0.28%;0.39%;0.42%;0.00%;0.26%;0.69%
11-04-14;0.32%;0.05%;0.04%;-1.73%;0.10%;-0.32%;-0.38%;-0.31%;0.00%;-0.58%;-0.71%
12-04-14;0.00%;0.00%;0.00%;-1.07%;-0.61%;0.04%;-0.10%;-0.04%;0.00%;0.00%;0.00%
13-04-14;0.00%;0.00%;0.00%;0.00%;0.00%;0.01%;0.00%;0.00%;0.00%;0.00%;0.00%
14-04-14;0.69%;0.05%;0.07%;0.61%;0.61%;0.62%;0.61%;0.61%;0.00%;0.61%;-0.06%
15-04-14;-0.30%;0.09%;0.15%;0.52%;-0.23%;0.11%;0.05%;0.00%;0.00%;0.13%;0.32%
16-04-14;0.81%;0.04%;0.08%;1.08%;-0.21%;1.06%;0.96%;0.95%;0.00%;0.94%;0.38%
17-04-14;-0.34%;0.01%;0.01%;1.39%;0.56%;0.28%;0.28%;0.23%;0.00%;0.29%;0.69%
18-04-14;0.00%;0.00%;0.00%;0.30%;0.67%;-0.16%;0.05%;-0.04%;0.00%;0.00%;0.00%
19-04-14;0.00%;0.00%;0.00%;0.05%;0.27%;0.02%;0.00%;0.00%;0.00%;0.00%;0.00%
20-04-14;0.00%;0.00%;0.00%;0.00%;0.00%;0.01%;0.00%;0.00%;0.00%;0.00%;0.00%
21-04-14;-0.11%;0.11%;0.14%;0.32%;0.32%;0.33%;0.32%;0.32%;0.00%;0.32%;0.43%
22-04-14;-0.16%;0.07%;0.07%;0.00%;-0.21%;-0.10%;-0.01%;0.03%;0.00%;-0.11%;-0.05%
23-04-14;-0.08%;0.09%;0.08%;1.42%;0.66%;0.82%;0.82%;0.86%;0.00%;0.84%;0.75%
24-04-14;-0.06%;0.04%;0.05%;0.22%;-0.12%;0.50%;0.43%;0.43%;0.00%;0.37%;0.09%
25-04-14;-0.97%;0.02%;0.03%;-0.61%;-0.66%;-0.72%;-0.72%;-0.79%;0.00%;-0.73%;-0.46%
26-04-14;0.00%;0.00%;0.00%;-0.61%;-1.11%;0.12%;-0.04%;-0.12%;0.00%;0.00%;0.00%
27-04-14;0.00%;0.00%;0.00%;0.00%;0.00%;0.01%;0.00%;0.00%;0.00%;0.00%;0.00%
28-04-14;-0.28%;0.13%;0.14%;0.12%;0.12%;0.13%;0.12%;0.12%;0.00%;0.12%;-0.51%
29-04-14;0.75%;0.04%;0.07%;-0.03%;-0.17%;-0.19%;-0.11%;-0.19%;0.00%;-0.15%;-0.17%
30-04-14;1.35%;0.08%;0.06%;0.78%;0.91%;0.17%;0.26%;0.33%;0.00%;0.19%;0.48%
01-05-14;0.00%;0.00%;0.00%;0.34%;-0.45%;0.17%;0.14%;0.12%;0.00%;0.00%;0.00%
02-05-14;0.39%;0.10%;0.08%;0.88%;0.79%;0.84%;0.76%;0.87%;0.00%;0.72%;0.75%
03-05-14;0.00%;0.00%;0.00%;-0.06%;0.76%;0.09%;0.04%;0.11%;0.00%;0.00%;0.00%
04-05-14;0.00%;0.00%;0.00%;0.00%;0.00%;0.01%;0.00%;0.00%;0.00%;0.00%;0.00%
05-05-14;-0.45%;0.09%;0.14%;-0.21%;-0.21%;-0.20%;-0.21%;-0.21%;0.00%;-0.21%;0.17%
06-05-14;-0.30%;-0.12%;-0.02%;0.37%;0.07%;0.29%;0.32%;0.29%;0.00%;0.30%;0.11%
07-05-14;0.23%;-0.20%;0.03%;-0.05%;0.61%;0.38%;0.50%;0.45%;0.00%;0.32%;-0.04%
08-05-14;0.12%;-0.10%;-0.07%;-0.07%;-0.08%;-0.09%;-0.07%;0.10%;0.00%;-0.14%;0.03%
09-05-14;-0.16%;-0.07%;0.03%;-1.66%;-1.41%;-1.72%;-1.80%;-1.57%;0.00%;-1.85%;-1.14%
10-05-14;0.00%;0.00%;0.00%;-0.19%;-0.18%;-0.06%;-0.11%;0.14%;0.00%;0.00%;0.00%
11-05-14;0.00%;0.00%;0.00%;0.00%;0.00%;0.01%;0.00%;0.00%;0.00%;0.00%;0.00%
12-05-14;0.33%;-0.10%;0.11%;0.01%;0.01%;0.02%;0.01%;0.01%;0.00%;0.01%;0.00%
13-05-14;0.65%;0.01%;0.06%;-0.09%;0.08%;-0.88%;-0.70%;-0.84%;0.00%;-0.80%;0.00%
14-05-14;0.12%;0.03%;0.08%;-0.22%;0.24%;-0.24%;-0.42%;-0.24%;0.00%;-0.42%;0.13%
15-05-14;-0.36%;0.12%;0.08%;0.08%;1.17%;0.50%;0.27%;0.47%;0.00%;0.21%;0.31%
16-05-14;0.45%;0.11%;0.11%;-0.11%;0.32%;0.73%;0.59%;0.78%;0.00%;0.62%;0.02%
17-05-14;0.00%;0.00%;0.00%;0.10%;0.29%;-0.05%;-0.04%;-0.10%;0.00%;0.00%;0.00%
18-05-14;0.00%;0.00%;0.00%;0.00%;0.00%;0.01%;0.00%;0.00%;0.00%;0.00%;0.00%
19-05-14;-0.66%;0.06%;0.12%;-0.57%;-0.57%;-0.56%;-0.57%;-0.57%;0.00%;-0.57%;-0.17%
20-05-14;-1.17%;-0.06%;0.01%;-0.19%;0.01%;-0.38%;-0.25%;-0.25%;0.00%;-0.34%;-0.11%
21-05-14;0.00%;0.00%;0.00%;-0.46%;-0.53%;-0.02%;0.01%;0.03%;0.00%;0.00%;0.00%
22-05-14;0.90%;0.20%;0.16%;1.04%;0.69%;0.48%;0.44%;0.50%;0.00%;0.52%;0.27%
23-05-14;0.70%;0.13%;0.22%;0.22%;0.81%;-0.15%;-0.13%;-0.09%;0.00%;-0.14%;0.34%
24-05-14;0.00%;0.00%;0.00%;0.33%;0.18%;0.11%;-0.01%;0.17%;0.00%;0.00%;0.00%
25-05-14;0.00%;0.00%;0.00%;0.00%;0.00%;0.01%;0.00%;0.00%;0.00%;0.00%;0.00%
26-05-14;0.00%;0.05%;0.10%;0.59%;0.59%;0.60%;0.59%;0.59%;0.00%;0.59%;0.71%
27-05-14;-0.59%;0.05%;0.08%;0.33%;-0.08%;0.03%;0.02%;0.02%;0.00%;0.02%;0.14%
28-05-14;-0.09%;0.07%;0.05%;0.62%;-0.47%;0.49%;0.48%;0.54%;0.00%;0.35%;0.20%
29-05-14;0.31%;0.05%;0.07%;-0.62%;0.00%;-0.25%;-0.47%;-0.21%;0.00%;-0.54%;-0.37%
30-05-14;-0.85%;0.10%;0.09%;-0.47%;-0.84%;-0.91%;-0.76%;-0.59%;0.00%;-0.90%;-0.32%
31-05-14;0.00%;0.00%;0.00%;0.11%;-1.06%;-0.03%;0.12%;-0.01%;0.00%;0.00%;0.00%
01-06-14;0.00%;0.00%;0.00%;0.00%;0.00%;0.01%;0.00%;0.00%;0.00%;0.00%;0.00%
02-06-14;-0.38%;0.14%;0.22%;0.49%;0.49%;0.50%;0.49%;0.49%;0.00%;0.49%;0.21%
03-06-14;0.44%;0.00%;0.13%;0.04%;0.09%;-0.24%;-0.09%;-0.17%;0.00%;-0.09%;-0.01%
04-06-14;0.03%;0.05%;0.08%;0.00%;0.72%;-0.08%;0.08%;-0.06%;0.00%;0.08%;0.13%
05-06-14;0.50%;0.08%;0.09%;0.48%;-0.10%;0.29%;0.37%;0.27%;0.00%;0.35%;0.20%
06-06-14;-0.08%;0.09%;0.04%;0.28%;0.21%;-0.05%;-0.04%;-0.02%;0.00%;-0.18%;0.33%
07-06-14;0.00%;0.00%;0.00%;0.52%;0.96%;0.17%;0.27%;0.25%;0.00%;0.00%;0.00%
08-06-14;0.00%;0.00%;0.00%;0.00%;0.00%;0.01%;0.00%;0.00%;0.00%;0.00%;0.00%
09-06-14;-0.51%;0.10%;0.18%;-0.37%;-0.37%;-0.36%;-0.37%;-0.37%;0.00%;-0.37%;0.07%
10-06-14;0.38%;0.07%;0.07%;0.14%;0.45%;0.06%;0.19%;0.39%;0.00%;0.05%;0.28%
11-06-14;-0.55%;-0.03%;-0.01%;0.55%;1.41%;0.49%;0.55%;0.53%;0.00%;0.59%;0.51%
12-06-14;-0.36%;0.00%;0.01%;0.01%;0.10%;0.24%;0.20%;0.03%;0.00%;0.23%;-0.02%
13-06-14;-0.61%;0.05%;0.04%;-0.50%;-0.22%;-0.06%;-0.12%;-0.15%;0.00%;-0.18%;-0.29%
14-06-14;0.00%;0.00%;0.00%;0.10%;-0.52%;-0.01%;0.00%;-0.08%;0.00%;0.00%;0.00%
15-06-14;0.00%;0.00%;0.00%;0.00%;0.00%;0.01%;0.00%;0.00%;0.00%;0.00%;0.00%
16-06-14;-0.48%;0.00%;0.01%;0.25%;0.25%;0.26%;0.25%;0.25%;0.00%;0.25%;0.08%
17-06-14;-0.37%;0.08%;0.05%;0.34%;0.14%;0.42%;0.38%;0.17%;0.00%;0.35%;0.09%
18-06-14;0.83%;-0.01%;0.01%;0.51%;0.15%;0.24%;0.35%;0.24%;0.00%;0.41%;0.14%
19-06-14;0.53%;0.04%;0.05%;0.54%;0.13%;0.13%;0.09%;0.08%;0.00%;0.02%;0.39%
20-06-14;-0.42%;0.07%;0.01%;0.18%;0.13%;-0.33%;-0.11%;-0.17%;0.00%;-0.44%;0.04%
21-06-14;0.00%;0.00%;0.00%;-0.06%;-0.58%;-0.03%;0.07%;0.10%;0.00%;0.00%;0.00%
22-06-14;0.00%;0.00%;0.00%;0.00%;0.00%;0.01%;0.00%;0.00%;0.00%;0.00%;0.00%
23-06-14;0.17%;0.00%;0.07%;0.08%;0.08%;0.09%;0.08%;0.08%;0.00%;0.08%;0.02%
24-06-14;0.45%;0.03%;0.02%;-0.79%;-0.86%;-0.65%;-0.60%;-0.64%;0.00%;-0.72%;-0.49%
25-06-14;-0.17%;0.03%;-0.02%;-0.93%;0.12%;-0.34%;-0.43%;-0.28%;0.00%;-0.45%;-0.33%
26-06-14;-0.19%;0.15%;0.08%;-0.07%;-0.68%;0.08%;-0.09%;0.08%;0.00%;-0.10%;0.02%
27-06-14;-0.29%;0.05%;0.02%;-0.04%;0.48%;0.12%;-0.09%;0.07%;0.00%;-0.01%;0.06%
28-06-14;0.00%;0.00%;0.00%;0.21%;-0.05%;-0.01%;0.02%;-0.03%;0.00%;0.00%;0.00%
29-06-14;0.00%;0.00%;0.00%;0.00%;0.00%;0.01%;0.00%;0.00%;0.00%;0.00%;0.00%
30-06-14;0.00%;0.08%;0.12%;0.11%;0.11%;0.12%;0.11%;0.11%;4.43%;0.11%;0.15%
01-07-14;-0.13%;0.13%;0.09%;0.53%;0.84%;0.43%;0.41%;0.39%;0.00%;2.97%;0.36%
02-07-14;0.35%;-0.02%;-0.01%;0.54%;-0.04%;-0.19%;-0.09%;-0.18%;0.00%;-0.11%;0.25%
03-07-14;0.04%;-0.03%;0.02%;0.15%;0.98%;-0.17%;0.01%;-0.06%;0.00%;0.02%;0.28%
04-07-14;-0.12%;0.01%;0.04%;0.17%;-0.04%;-0.27%;-0.28%;-0.30%;0.00%;-0.24%;0.12%
05-07-14;0.00%;0.00%;0.00%;-0.04%;0.07%;0.04%;-0.03%;0.00%;0.00%;0.00%;0.00%
06-07-14;0.00%;0.00%;0.00%;0.00%;0.00%;0.01%;0.00%;0.00%;0.00%;0.00%;0.00%
07-07-14;-0.11%;0.08%;0.09%;-0.39%;-0.39%;-0.37%;-0.39%;-0.39%;0.00%;-0.39%;-0.24%
08-07-14;0.88%;0.11%;0.12%;-0.17%;0.52%;0.41%;0.41%;0.48%;0.00%;0.32%;0.08%
09-07-14;1.22%;0.00%;-0.01%;-0.40%;0.38%;0.51%;0.39%;0.58%;0.00%;0.34%;0.06%
10-07-14;-0.20%;0.08%;0.01%;0.47%;-0.13%;0.25%;0.27%;0.35%;0.00%;0.21%;0.35%
11-07-14;0.26%;0.15%;0.07%;-0.71%;0.10%;0.01%;-0.26%;-0.04%;0.00%;-0.05%;-0.20%
12-07-14;0.00%;0.00%;0.00%;0.09%;-0.35%;0.09%;0.02%;0.02%;0.00%;0.00%;0.00%
13-07-14;0.00%;0.00%;0.00%;0.00%;0.00%;0.01%;0.00%;0.00%;0.00%;0.00%;0.00%
14-07-14;-0.13%;0.14%;0.07%;0.14%;0.14%;0.15%;0.14%;0.14%;0.00%;0.14%;0.13%
15-07-14;-0.04%;0.07%;0.06%;0.61%;0.52%;-0.06%;0.03%;-0.05%;0.00%;-0.02%;0.31%
16-07-14;0.00%;0.00%;0.00%;-0.32%;0.29%;0.00%;-0.16%;-0.05%;0.00%;0.00%;0.00%
17-07-14;-0.40%;0.11%;0.08%;1.03%;0.55%;0.51%;0.34%;0.43%;0.00%;0.44%;0.44%
18-07-14;0.01%;0.04%;0.05%;0.23%;0.79%;1.38%;1.01%;1.17%;0.00%;1.17%;0.11%
19-07-14;0.00%;0.00%;0.00%;0.53%;0.07%;0.00%;-0.15%;-0.10%;0.00%;0.00%;0.00%
20-07-14;0.00%;0.00%;0.00%;0.00%;0.00%;0.01%;0.00%;0.00%;0.00%;0.00%;0.00%
21-07-14;-0.16%;-0.07%;-0.03%;0.70%;0.70%;0.71%;0.70%;0.70%;0.00%;0.70%;0.77%
22-07-14;-0.15%;0.04%;0.05%;-0.42%;-0.17%;-0.11%;-0.21%;-0.24%;0.00%;-0.18%;-0.21%
23-07-14;-0.17%;0.09%;0.05%;0.23%;0.67%;-0.37%;-0.40%;-0.35%;0.00%;-0.38%;0.27%
24-07-14;0.16%;0.18%;0.17%;0.23%;0.33%;0.10%;0.15%;0.29%;0.00%;0.03%;0.19%
25-07-14;-0.23%;0.04%;0.03%;0.02%;0.19%;-0.22%;-0.01%;-0.05%;0.00%;-0.10%;0.01%
26-07-14;0.00%;0.00%;0.00%;-0.46%;-0.20%;0.14%;-0.14%;-0.07%;0.00%;0.00%;0.00%
27-07-14;0.00%;0.00%;0.00%;0.00%;0.00%;0.01%;0.00%;0.00%;0.00%;0.00%;0.00%
28-07-14;-0.02%;0.02%;0.03%;0.03%;0.03%;0.04%;0.03%;0.03%;0.00%;0.03%;-0.20%
29-07-14;0.00%;0.04%;0.05%;0.02%;0.08%;0.02%;-0.05%;-0.17%;0.00%;0.02%;-0.05%
30-07-14;-0.16%;0.03%;0.03%;0.18%;0.54%;0.53%;0.26%;0.35%;0.00%;0.41%;0.22%
31-07-14;-0.65%;0.01%;0.00%;0.59%;0.65%;0.58%;0.73%;0.75%;0.00%;0.81%;0.46%
01-08-14;0.60%;0.08%;0.10%;-1.03%;-0.74%;0.43%;-0.03%;0.25%;0.00%;0.46%;-0.76%
02-08-14;0.00%;0.00%;0.00%;-0.50%;-0.52%;0.13%;-0.43%;-0.25%;0.00%;0.00%;0.00%
03-08-14;0.00%;0.00%;0.00%;0.00%;0.00%;0.01%;0.00%;0.00%;0.00%;0.00%;0.00%
04-08-14;0.62%;0.09%;0.04%;-0.09%;-0.09%;-0.08%;-0.09%;-0.09%;0.00%;-0.09%;-0.35%
05-08-14;0.12%;0.11%;0.06%;0.11%;0.71%;-0.06%;-0.15%;-0.14%;0.00%;-0.15%;0.44%
06-08-14;-0.35%;0.23%;0.10%;0.16%;0.28%;0.81%;0.90%;0.74%;0.00%;0.86%;0.23%
07-08-14;-0.41%;0.30%;0.14%;-0.15%;-0.47%;0.19%;-0.05%;-0.09%;0.00%;0.12%;-0.19%
08-08-14;-0.23%;0.25%;0.32%;-0.69%;-0.72%;-0.07%;-0.11%;-0.22%;0.00%;-0.20%;-0.54%
09-08-14;0.00%;0.00%;0.00%;0.35%;-0.54%;0.09%;-0.04%;-0.16%;0.00%;0.00%;0.00%
10-08-14;0.00%;0.00%;0.00%;0.00%;0.00%;0.01%;0.00%;0.00%;0.00%;0.00%;0.00%
11-08-14;0.67%;0.09%;0.03%;-0.01%;-0.01%;0.00%;-0.01%;-0.01%;0.00%;-0.01%;0.19%
12-08-14;-0.10%;0.18%;0.10%;0.34%;1.20%;-0.34%;-0.08%;-0.08%;0.00%;-0.32%;0.42%
13-08-14;0.56%;0.21%;0.16%;0.21%;0.63%;0.34%;0.42%;0.40%;0.00%;0.34%;0.33%
14-08-14;0.09%;0.10%;0.25%;0.64%;0.67%;0.17%;0.27%;0.23%;0.00%;0.05%;0.48%
15-08-14;0.00%;0.00%;0.00%;0.41%;0.16%;0.15%;0.19%;0.26%;0.00%;0.00%;0.00%
16-08-14;0.00%;0.00%;0.00%;-0.08%;0.20%;0.23%;0.14%;0.29%;0.00%;0.00%;0.00%
17-08-14;0.00%;0.00%;0.00%;0.00%;0.00%;0.01%;0.00%;0.00%;0.00%;0.00%;0.00%
18-08-14;-0.02%;0.26%;0.22%;0.00%;0.00%;0.01%;0.00%;0.00%;0.00%;0.00%;0.39%
19-08-14;-0.05%;0.20%;0.06%;0.71%;0.18%;-0.21%;0.08%;-0.04%;0.00%;-0.06%;0.34%
20-08-14;0.62%;0.52%;0.12%;0.87%;1.11%;0.45%;0.47%;0.51%;0.00%;0.41%;0.70%
21-08-14;-0.17%;0.18%;0.11%;0.85%;0.84%;0.76%;0.78%;0.79%;0.00%;0.78%;0.62%
22-08-14;-0.43%;0.24%;0.67%;0.30%;-0.34%;-0.01%;-0.07%;-0.06%;0.00%;-0.06%;0.20%
23-08-14;0.00%;0.00%;0.00%;-0.34%;0.11%;0.04%;-0.11%;-0.01%;0.00%;0.00%;0.00%
24-08-14;0.00%;0.00%;0.00%;0.00%;0.00%;0.01%;0.00%;0.00%;0.00%;0.00%;0.00%
25-08-14;-0.07%;0.08%;0.08%;0.07%;0.07%;0.08%;0.07%;0.07%;0.00%;0.07%;-0.07%
26-08-14;0.05%;-0.01%;-0.01%;0.53%;0.21%;0.05%;0.03%;0.04%;0.00%;-0.01%;0.15%
27-08-14;0.53%;0.15%;0.01%;0.52%;0.53%;0.49%;0.39%;0.46%;0.00%;0.30%;0.34%
28-08-14;-0.21%;0.09%;0.05%;0.75%;1.20%;0.83%;0.72%;0.87%;0.00%;0.65%;0.57%
29-08-14;0.67%;0.09%;0.08%;0.42%;0.18%;0.84%;0.73%;0.83%;0.00%;0.78%;0.37%
30-08-14;0.00%;0.00%;0.00%;0.26%;0.08%;0.02%;0.00%;-0.07%;0.00%;0.00%;0.00%
31-08-14;0.00%;0.00%;0.00%;0.00%;0.00%;0.01%;0.00%;0.00%;0.00%;0.00%;0.00%
01-09-14;0.27%;0.11%;0.09%;-0.40%;-0.40%;-0.39%;-0.40%;-0.40%;0.00%;-0.40%;-0.18%
02-09-14;0.90%;0.03%;0.00%;-0.34%;-0.07%;-0.32%;-0.39%;-0.32%;0.00%;-0.32%;-0.08%
03-09-14;0.82%;-0.13%;0.00%;0.37%;0.08%;0.19%;0.29%;0.15%;0.00%;0.43%;0.52%
04-09-14;-0.13%;-0.53%;-0.23%;-0.22%;0.80%;-0.53%;-0.54%;-0.42%;0.00%;-0.51%;0.23%
05-09-14;-0.33%;-0.28%;-0.18%;0.30%;0.45%;0.47%;0.19%;0.50%;0.00%;0.49%;0.19%
06-09-14;0.00%;0.00%;0.00%;0.12%;-0.30%;0.07%;-0.16%;0.00%;0.00%;0.00%;0.00%
07-09-14;0.00%;0.00%;0.00%;0.00%;0.00%;0.01%;0.00%;0.00%;0.00%;0.00%;0.00%
08-09-14;-0.25%;-0.69%;-0.44%;-0.85%;-0.85%;-0.84%;-0.85%;-0.85%;0.00%;-0.85%;-0.62%
09-09-14;0.08%;0.02%;-0.03%;-0.54%;-0.34%;-0.19%;-0.31%;-0.31%;0.00%;-0.19%;-0.30%
10-09-14;0.09%;0.04%;-0.01%;0.56%;0.52%;1.03%;1.03%;1.04%;0.00%;1.20%;0.38%
11-09-14;-0.87%;0.07%;-0.02%;-0.10%;-1.39%;-0.39%;-0.47%;-0.46%;0.00%;-0.26%;-0.51%
12-09-14;-0.75%;-0.15%;-0.11%;-0.03%;-0.63%;-0.13%;-0.09%;-0.03%;0.00%;-0.12%;-0.19%
13-09-14;0.00%;0.00%;0.00%;-0.43%;-0.74%;-0.20%;-0.02%;-0.29%;0.00%;0.00%;0.00%
14-09-14;0.00%;0.00%;0.00%;0.00%;0.00%;0.01%;0.00%;0.00%;0.00%;0.00%;0.00%
15-09-14;-0.45%;-0.07%;-0.08%;0.08%;0.08%;0.09%;0.08%;0.08%;0.00%;0.08%;-0.36%
16-09-14;0.55%;0.18%;0.06%;0.54%;0.19%;0.76%;0.62%;0.51%;0.00%;0.69%;-0.03%
17-09-14;0.73%;0.00%;-0.03%;0.17%;-0.32%;-0.16%;-0.28%;-0.22%;0.00%;-0.16%;0.02%
18-09-14;0.00%;0.00%;0.00%;0.16%;0.79%;0.05%;0.04%;-0.10%;0.00%;0.00%;0.00%
19-09-14;0.00%;0.00%;0.00%;0.43%;-0.57%;-0.11%;0.02%;-0.10%;0.00%;0.00%;0.00%
20-09-14;0.00%;0.00%;0.00%;-0.14%;-0.23%;0.22%;0.00%;0.15%;0.00%;0.00%;0.00%
21-09-14;0.00%;0.00%;0.00%;0.00%;0.00%;0.01%;0.00%;0.00%;0.00%;0.00%;0.00%
22-09-14;-0.58%;0.08%;0.08%;0.06%;0.06%;0.06%;0.06%;0.06%;0.00%;0.06%;0.28%
23-09-14;-0.75%;-0.09%;-0.06%;0.26%;-0.25%;1.19%;1.02%;1.21%;0.00%;1.05%;0.00%
24-09-14;0.21%;-0.01%;-0.01%;-0.60%;-0.73%;0.09%;-0.12%;0.04%;0.00%;-0.01%;-0.58%
25-09-14;0.03%;0.07%;-0.05%;0.20%;0.01%;-0.26%;-0.43%;-0.15%;0.00%;-0.24%;0.03%
26-09-14;-0.02%;-0.01%;-0.07%;-1.19%;-0.92%;0.17%;-0.29%;0.12%;0.00%;0.01%;-0.59%
27-09-14;0.00%;0.00%;0.00%;0.34%;-0.16%;-0.03%;-0.42%;-0.21%;0.00%;0.00%;0.00%
28-09-14;0.00%;0.00%;0.00%;0.00%;0.00%;0.01%;0.00%;0.00%;0.00%;0.00%;0.00%
29-09-14;-0.50%;-0.14%;-0.08%;0.13%;0.13%;0.13%;0.13%;0.13%;0.00%;0.13%;0.03%
30-09-14;0.06%;-0.13%;-0.18%;0.00%;-1.08%;0.39%;0.06%;-0.01%;-1.15%;0.33%;-0.49%
01-10-14;-1.33%;-0.06%;-0.11%;-0.63%;-0.81%;-0.39%;-0.33%;-0.59%;0.00%;0.43%;-0.62%
02-10-14;-0.29%;-0.06%;-0.03%;-1.46%;-1.17%;-0.02%;-0.30%;-0.23%;0.00%;-0.33%;-0.90%
03-10-14;1.19%;-0.05%;-0.07%;-0.86%;-0.63%;-0.24%;-0.14%;-0.23%;0.00%;-0.20%;-0.61%
04-10-14;0.00%;0.00%;0.00%;0.44%;0.48%;-0.03%;-0.04%;-0.03%;0.00%;0.00%;0.00%
05-10-14;0.00%;0.00%;0.00%;0.00%;0.00%;0.01%;0.00%;0.00%;0.00%;0.00%;0.00%
06-10-14;0.58%;-0.06%;-0.04%;0.43%;0.43%;0.44%;0.43%;0.43%;0.00%;0.43%;0.84%
07-10-14;-0.35%;-0.07%;-0.06%;0.12%;1.17%;-0.03%;0.11%;-0.02%;0.00%;-0.15%;0.60%
08-10-14;-0.40%;-0.09%;-0.13%;-1.23%;-0.07%;0.04%;-0.15%;0.01%;0.00%;-0.13%;-0.58%
09-10-14;-0.56%;0.17%;0.04%;0.36%;-1.58%;-0.26%;-0.47%;-0.36%;0.00%;-0.38%;-0.17%
10-10-14;-1.15%;0.23%;0.08%;-1.67%;0.52%;-0.40%;-0.49%;-0.29%;0.00%;-0.43%;-0.83%
11-10-14;0.00%;0.00%;0.00%;-1.60%;-1.85%;0.03%;-0.57%;-0.17%;0.00%;0.00%;0.00%
12-10-14;0.00%;0.00%;0.00%;0.00%;0.00%;0.01%;0.00%;0.00%;0.00%;0.00%;0.00%
13-10-14;0.67%;0.14%;0.11%;0.37%;0.37%;0.38%;0.37%;0.37%;0.00%;0.37%;-0.86%
14-10-14;-0.29%;0.15%;0.07%;-1.53%;-0.56%;-0.69%;-0.69%;-0.72%;0.00%;-0.72%;-0.77%
15-10-14;-1.21%;0.37%;0.27%;-0.45%;-0.21%;0.00%;-0.60%;-0.19%;0.00%;-0.27%;-0.13%
16-10-14;-0.45%;0.17%;0.08%;-0.99%;-0.99%;0.31%;-0.46%;-0.01%;0.00%;-0.03%;-0.61%
17-10-14;-0.32%;-0.04%;-0.02%;0.34%;-0.72%;0.16%;0.42%;0.29%;0.00%;0.50%;-0.24%
18-10-14;0.00%;0.00%;0.00%;1.31%;0.66%;-0.08%;0.88%;0.24%;0.00%;0.00%;0.00%
19-10-14;0.00%;0.00%;0.00%;0.00%;0.00%;0.01%;0.00%;0.00%;0.00%;0.00%;0.00%
20-10-14;0.09%;0.04%;0.08%;-0.60%;-0.60%;-0.59%;-0.60%;-0.60%;0.00%;-0.60%;0.22%
21-10-14;0.88%;0.14%;0.08%;0.69%;0.40%;-0.04%;0.09%;0.12%;0.00%;-0.08%;0.33%
22-10-14;0.29%;0.08%;0.07%;0.99%;-0.52%;-0.55%;-0.20%;-0.62%;0.00%;-0.55%;0.30%
23-10-14;0.15%;0.21%;0.18%;-0.20%;0.58%;0.01%;0.12%;0.14%;0.00%;0.04%;0.16%
24-10-14;-0.05%;0.07%;0.02%;0.83%;-0.50%;-0.07%;0.14%;-0.01%;0.00%;0.04%;0.25%
25-10-14;0.00%;0.00%;0.00%;0.48%;0.27%;0.03%;0.09%;0.05%;0.00%;0.00%;0.00%
26-10-14;0.00%;0.00%;0.00%;0.00%;0.00%;0.01%;0.00%;0.00%;0.00%;0.00%;0.00%
27-10-14;-0.64%;0.09%;0.09%;-0.03%;-0.03%;-0.03%;-0.03%;-0.03%;0.00%;-0.03%;0.25%
28-10-14;0.00%;0.04%;-0.02%;0.09%;-0.52%;0.24%;0.28%;0.27%;0.00%;0.15%;-0.33%
29-10-14;0.18%;0.20%;0.09%;0.46%;0.91%;-0.63%;-0.42%;-0.39%;0.00%;-0.60%;0.46%
30-10-14;0.89%;0.10%;0.21%;-0.75%;0.38%;-0.94%;-0.73%;-0.76%;0.00%;-0.86%;-0.16%
31-10-14;0.00%;0.00%;0.00%;0.15%;0.24%;0.06%;-0.29%;0.02%;0.00%;-0.03%;0.00%
01-11-14;0.00%;0.00%;0.00%;1.11%;0.85%;0.03%;-0.02%;0.06%;0.00%;0.00%;0.00%
02-11-14;0.00%;0.00%;0.00%;0.00%;0.00%;0.01%;0.00%;0.00%;0.00%;0.00%;0.00%
03-11-14;1.10%;0.00%;0.09%;0.00%;0.00%;0.01%;0.00%;0.00%;0.00%;0.00%;1.25%
04-11-14;0.03%;-0.07%;0.02%;0.18%;0.15%;0.66%;0.68%;0.66%;0.00%;0.71%;0.48%
05-11-14;0.16%;-0.02%;0.00%;0.87%;0.60%;1.08%;0.84%;0.71%;0.00%;0.92%;0.49%
06-11-14;-0.50%;-0.06%;0.02%;0.93%;-0.44%;0.34%;0.33%;0.35%;0.00%;0.43%;0.26%
07-11-14;-0.03%;0.06%;-0.05%;0.42%;-0.38%;0.30%;0.21%;0.15%;0.00%;0.33%;-0.04%
08-11-14;0.00%;0.00%;0.00%;-0.01%;-0.37%;0.14%;-0.07%;-0.03%;0.00%;0.00%;0.00%
09-11-14;0.00%;0.00%;0.00%;0.00%;0.00%;0.01%;0.00%;0.00%;0.00%;0.00%;0.00%
10-11-14;0.00%;0.03%;0.09%;-0.12%;-0.12%;-0.11%;-0.12%;-0.12%;0.00%;-0.12%;-0.23%
11-11-14;0.02%;0.01%;0.05%;-0.12%;0.44%;-0.58%;-0.52%;-0.61%;0.00%;-0.58%;-0.06%
12-11-14;0.69%;0.06%;0.05%;0.85%;0.33%;0.70%;0.73%;0.72%;0.00%;0.72%;0.48%
13-11-14;0.17%;0.00%;0.05%;0.23%;0.56%;0.33%;0.35%;0.31%;0.00%;0.32%;0.35%
14-11-14;-0.24%;0.03%;0.04%;0.36%;-0.06%;0.35%;0.15%;0.17%;0.00%;0.28%;0.21%
15-11-14;0.00%;0.00%;0.00%;0.06%;-0.19%;0.12%;-0.18%;-0.14%;0.00%;0.00%;0.00%
16-11-14;0.00%;0.00%;0.00%;0.00%;0.00%;0.01%;0.00%;0.00%;0.00%;0.00%;0.00%
17-11-14;0.07%;0.11%;0.12%;0.29%;0.29%;0.30%;0.29%;0.29%;0.00%;0.29%;0.11%
18-11-14;0.23%;0.07%;0.06%;-0.23%;-0.60%;-0.08%;-0.28%;-0.30%;0.00%;-0.10%;-0.31%
19-11-14;0.90%;0.09%;0.05%;0.95%;0.45%;0.14%;0.12%;0.17%;0.00%;0.17%;0.39%
20-11-14;0.06%;0.13%;0.07%;0.36%;0.68%;0.49%;0.44%;0.53%;0.00%;0.56%;0.44%
21-11-14;0.36%;0.16%;0.15%;0.19%;0.16%;0.27%;0.03%;0.13%;0.00%;0.14%;0.16%
22-11-14;0.00%;0.00%;0.00%;0.69%;1.43%;0.15%;0.11%;0.29%;0.00%;0.00%;0.00%
23-11-14;0.00%;0.00%;0.00%;0.00%;0.00%;0.01%;0.00%;0.00%;0.00%;0.00%;0.00%
24-11-14;-0.28%;0.04%;0.08%;-0.84%;-0.84%;-0.84%;-0.84%;-0.84%;0.00%;-0.84%;0.09%
25-11-14;0.07%;0.13%;0.07%;0.00%;0.53%;-0.08%;-0.01%;-0.03%;0.00%;-0.16%;0.25%
26-11-14;-0.28%;0.03%;0.05%;0.75%;0.38%;0.79%;0.75%;0.73%;0.00%;0.59%;0.38%
27-11-14;0.41%;0.06%;0.05%;0.70%;0.69%;0.50%;0.50%;0.46%;0.00%;0.39%;0.55%
28-11-14;0.26%;-0.09%;0.01%;-0.41%;-0.15%;-0.11%;-0.28%;-0.22%;0.00%;-0.22%;-0.09%
29-11-14;0.00%;0.00%;0.00%;-0.30%;-0.78%;0.12%;-0.15%;0.06%;0.00%;0.00%;0.00%
30-11-14;0.00%;0.00%;0.00%;0.00%;0.00%;0.01%;0.00%;0.00%;0.00%;0.00%;0.00%
01-12-14;-0.71%;-0.10%;0.03%;1.08%;1.08%;1.09%;1.08%;1.08%;0.00%;1.08%;0.44%
02-12-14;-0.18%;0.06%;0.08%;0.33%;-1.09%;0.85%;0.30%;0.46%;0.00%;0.88%;-0.09%
03-12-14;-0.13%;0.07%;0.03%;1.01%;0.59%;0.44%;0.31%;0.29%;0.00%;0.65%;0.54%
04-12-14;-0.12%;-0.01%;-0.01%;-0.15%;-0.24%;-0.36%;-0.47%;-0.46%;0.00%;-0.38%;-0.23%
05-12-14;0.62%;0.04%;-0.03%;-0.30%;-0.02%;-0.09%;0.05%;-0.13%;0.00%;-0.12%;-0.06%
06-12-14;0.00%;0.00%;0.00%;0.11%;-0.12%;-0.09%;-0.34%;-0.33%;0.00%;0.00%;0.00%
07-12-14;0.00%;0.00%;0.00%;0.00%;0.00%;0.01%;0.00%;0.00%;0.00%;0.00%;0.00%
08-12-14;0.00%;0.00%;0.00%;-0.05%;-0.05%;-0.04%;-0.05%;-0.05%;0.00%;-0.05%;0.00%
09-12-14;-1.15%;0.10%;0.16%;-0.69%;-0.89%;0.16%;-0.27%;-0.35%;0.00%;0.00%;-0.40%
10-12-14;-1.10%;-0.01%;0.01%;0.13%;-0.79%;0.51%;0.03%;0.05%;0.00%;0.39%;-0.36%
11-12-14;-0.74%;0.11%;-0.01%;-1.09%;-0.42%;0.38%;-0.23%;-0.27%;0.00%;0.28%;-0.55%
12-12-14;-0.60%;0.21%;-0.02%;0.12%;-1.26%;0.06%;-0.25%;-0.22%;0.00%;0.07%;-0.34%
13-12-14;0.00%;0.00%;0.00%;-1.42%;-0.81%;0.22%;-0.50%;-0.63%;0.00%;0.00%;0.00%
14-12-14;0.00%;0.00%;0.00%;0.00%;0.00%;0.01%;0.00%;0.00%;0.00%;0.00%;0.00%
15-12-14;-1.14%;-0.01%;0.03%;0.25%;0.25%;0.26%;0.25%;0.25%;0.00%;0.25%;-0.58%
16-12-14;-0.11%;0.02%;0.02%;-1.06%;-1.37%;0.13%;-0.42%;-0.65%;0.00%;0.17%;-0.88%
17-12-14;0.54%;0.02%;-0.08%;0.53%;-1.06%;0.58%;-0.14%;-0.65%;0.00%;0.47%;-0.67%
18-12-14;0.83%;0.06%;-0.03%;0.66%;0.54%;-0.43%;-0.03%;0.14%;0.00%;-0.36%;0.50%
19-12-14;-0.03%;0.04%;-0.02%;1.19%;1.02%;-0.90%;0.17%;0.32%;0.00%;-0.82%;0.87%
20-12-14;0.00%;0.00%;0.00%;0.63%;1.03%;0.10%;0.32%;0.51%;0.00%;0.00%;0.00%
21-12-14;0.00%;0.00%;0.00%;0.00%;0.00%;0.01%;0.00%;0.00%;0.00%;0.00%;0.00%
22-12-14;-0.27%;0.02%;0.04%;-0.26%;-0.26%;-0.25%;-0.26%;-0.26%;0.00%;-0.26%;0.29%
23-12-14;0.49%;0.00%;0.03%;0.00%;0.99%;-0.26%;-0.11%;0.08%;0.00%;-0.37%;0.11%
24-12-14;-0.18%;0.05%;0.03%;-0.24%;-0.86%;-0.46%;-0.32%;-0.29%;0.00%;-0.29%;-0.21%
25-12-14;0.00%;0.00%;0.00%;0.24%;0.04%;0.13%;0.19%;0.16%;0.00%;0.11%;0.00%
26-12-14;0.15%;0.01%;0.02%;-0.03%;-0.05%;0.04%;0.00%;0.00%;0.00%;0.00%;0.11%
27-12-14;0.00%;0.00%;0.00%;0.22%;0.20%;0.03%;0.03%;0.04%;0.00%;0.00%;0.00%
28-12-14;0.00%;0.00%;0.00%;0.00%;0.00%;0.01%;0.00%;0.00%;0.00%;0.00%;0.00%
29-12-14;0.80%;0.02%;0.07%;-0.17%;-0.17%;-0.16%;-0.17%;-0.17%;0.00%;-0.17%;0.06%
30-12-14;-0.04%;0.08%;0.03%;0.02%;0.65%;0.08%;-0.09%;-0.07%;0.00%;-0.13%;0.22%
31-12-14;0.00%;0.13%;0.08%;-0.61%;-0.43%;0.11%;-0.02%;-0.01%;1.57%;0.00%;-0.20%
01-01-15;0.00%;0.00%;0.00%;-0.66%;0.18%;0.08%;-0.09%;-0.01%;0.00%;1.60%;0.00%
02-01-15;0.00%;-0.09%;0.01%;-0.10%;-0.11%;-0.09%;-0.10%;-0.10%;0.00%;-0.10%;-0.15%
03-01-15;0.00%;0.00%;0.00%;-0.28%;-0.25%;0.22%;-0.13%;0.06%;0.00%;0.00%;0.00%
04-01-15;0.00%;0.00%;0.00%;0.00%;0.00%;0.01%;0.00%;0.00%;0.00%;0.00%;0.00%
05-01-15;-1.14%;-0.08%;0.04%;0.94%;0.94%;0.95%;0.94%;0.94%;0.00%;0.94%;0.60%
06-01-15;-0.51%;0.06%;0.05%;-1.28%;-0.67%;0.87%;0.22%;0.35%;0.00%;0.70%;-0.58%
07-01-15;0.07%;0.05%;0.04%;-1.12%;-0.75%;0.22%;-0.63%;-0.68%;0.00%;-0.11%;-0.94%
08-01-15;0.24%;-0.02%;-0.07%;0.27%;0.47%;-0.24%;-0.22%;0.01%;0.00%;-0.22%;0.33%
09-01-15;-0.06%;0.03%;0.06%;1.63%;1.59%;-0.36%;0.11%;0.03%;0.00%;-0.27%;0.95%
10-01-15;0.00%;0.00%;0.00%;-0.61%;0.26%;0.12%;0.21%;0.10%;0.00%;0.00%;0.00%
11-01-15;0.00%;0.00%;0.00%;0.00%;0.00%;0.01%;0.00%;0.00%;0.00%;0.00%;0.00%
12-01-15;-0.10%;-0.02%;0.02%;0.15%;0.15%;0.16%;0.15%;0.15%;0.00%;0.15%;0.05%
13-01-15;0.11%;-0.03%;0.00%;-0.02%;-0.20%;0.59%;0.31%;0.31%;0.00%;0.40%;0.01%
14-01-15;-0.81%;0.09%;0.00%;0.26%;0.62%;0.25%;0.05%;0.07%;0.00%;0.16%;0.31%
15-01-15;-0.44%;0.12%;0.11%;0.50%;0.83%;1.49%;1.05%;1.32%;0.00%;1.26%;0.46%
16-01-15;0.00%;0.07%;0.03%;-0.45%;0.17%;-0.14%;-0.46%;-0.03%;0.00%;-0.27%;-0.25%
17-01-15;0.00%;0.00%;0.00%;0.76%;-0.26%;-0.05%;-0.22%;-0.07%;0.00%;0.00%;0.00%
18-01-15;0.00%;0.00%;0.00%;0.00%;0.00%;0.01%;0.00%;0.00%;0.00%;0.00%;0.00%
19-01-15;0.08%;0.01%;-0.01%;0.53%;0.53%;0.54%;0.53%;0.53%;0.00%;0.53%;0.64%
20-01-15;0.31%;-0.03%;-0.01%;0.73%;-0.19%;0.42%;0.55%;0.33%;0.00%;0.33%;0.22%
21-01-15;1.25%;0.02%;0.06%;-0.09%;0.20%;-0.25%;-0.27%;-0.13%;0.00%;-0.30%;0.04%
22-01-15;1.25%;0.00%;0.02%;0.73%;2.14%;0.08%;0.18%;0.09%;0.00%;0.19%;0.75%
23-01-15;-0.14%;0.09%;0.13%;0.56%;0.37%;-0.47%;-0.50%;-0.41%;0.00%;-0.40%;0.60%
24-01-15;0.00%;0.00%;0.00%;-0.16%;0.75%;0.36%;0.03%;0.67%;0.00%;0.00%;0.00%
25-01-15;0.00%;0.00%;0.00%;0.00%;0.00%;0.01%;0.00%;0.00%;0.00%;0.00%;0.00%
26-01-15;-0.53%;0.02%;0.02%;0.07%;0.07%;0.08%;0.07%;0.07%;0.00%;0.07%;0.34%
27-01-15;0.29%;0.12%;0.07%;0.17%;-0.33%;-0.14%;-0.02%;-0.14%;0.00%;-0.11%;-0.05%
28-01-15;-0.18%;0.10%;0.06%;-0.78%;-0.25%;-0.35%;-0.12%;-0.37%;0.00%;-0.37%;-0.43%
29-01-15;-0.21%;0.14%;0.08%;-1.10%;-0.67%;0.04%;-0.11%;0.00%;0.00%;-0.15%;-0.52%
30-01-15;-0.06%;0.11%;0.18%;0.92%;-0.52%;0.61%;0.60%;0.53%;0.00%;0.65%;0.40%
31-01-15;0.00%;0.00%;0.00%;-0.96%;-1.19%;0.29%;-0.08%;-0.02%;0.00%;0.00%;0.00%
01-02-15;0.00%;0.00%;0.00%;0.00%;0.00%;0.01%;0.00%;0.00%;0.00%;0.00%;0.00%
02-02-15;0.50%;0.13%;0.05%;0.88%;0.88%;0.89%;0.88%;0.88%;0.00%;0.88%;-0.18%
03-02-15;1.15%;0.13%;0.05%;1.02%;0.28%;0.06%;0.15%;0.12%;0.00%;0.03%;0.48%
04-02-15;0.06%;0.02%;-0.02%;0.40%;0.48%;-1.13%;-0.30%;-0.62%;0.00%;-0.83%;0.28%
05-02-15;0.29%;-0.06%;0.01%;0.03%;0.46%;-0.08%;0.14%;0.01%;0.00%;0.02%;0.12%
06-02-15;0.40%;0.05%;0.17%;0.37%;-0.22%;-0.37%;-0.18%;-0.30%;0.00%;-0.37%;0.05%
07-02-15;0.00%;0.00%;0.00%;-0.39%;-0.37%;-0.28%;0.19%;-0.06%;0.00%;0.00%;0.00%
08-02-15;0.00%;0.00%;0.00%;0.00%;0.00%;0.01%;0.00%;0.00%;0.00%;0.00%;0.00%
09-02-15;-0.59%;0.04%;0.03%;-0.25%;-0.25%;-0.25%;-0.25%;-0.25%;0.00%;-0.25%;-0.44%
10-02-15;-0.37%;-0.01%;0.06%;0.09%;-0.13%;0.41%;0.49%;0.47%;0.00%;0.45%;-0.17%
11-02-15;0.31%;0.00%;0.05%;0.74%;-0.55%;-0.13%;0.02%;-0.35%;0.00%;0.06%;0.23%
12-02-15;0.95%;0.03%;0.08%;0.05%;-0.26%;0.31%;0.22%;0.22%;0.00%;0.28%;0.08%
13-02-15;0.44%;0.02%;0.06%;0.95%;0.83%;-0.11%;0.07%;0.13%;0.00%;-0.21%;0.57%
14-02-15;0.00%;0.00%;0.00%;0.63%;1.59%;-0.08%;0.27%;0.35%;0.00%;0.00%;0.00%
15-02-15;0.00%;0.00%;0.00%;0.00%;0.00%;0.01%;0.00%;0.00%;0.00%;0.00%;0.00%
16-02-15;0.27%;0.10%;0.10%;-1.08%;-1.08%;-1.07%;-1.08%;-1.08%;0.00%;-1.08%;-0.23%
17-02-15;-0.14%;-0.01%;0.02%;-0.03%;-0.33%;-0.14%;-0.06%;-0.07%;0.00%;-0.07%;0.10%
18-02-15;0.15%;0.03%;0.06%;0.12%;-0.10%;-0.20%;0.11%;-0.03%;0.00%;0.00%;-0.02%
19-02-15;0.16%;-0.02%;0.03%;0.35%;0.31%;0.21%;0.24%;0.36%;0.00%;0.11%;0.25%
20-02-15;-0.06%;-0.01%;0.07%;0.11%;0.00%;0.00%;-0.01%;-0.16%;0.00%;-0.01%;0.08%
21-02-15;0.00%;0.00%;0.00%;0.42%;-0.07%;0.03%;0.03%;0.01%;0.00%;0.00%;0.00%
22-02-15;0.00%;0.00%;0.00%;0.00%;0.00%;0.01%;0.00%;0.00%;0.00%;0.00%;0.00%
23-02-15;0.66%;0.03%;0.01%;-0.56%;-0.56%;-0.55%;-0.56%;-0.56%;0.00%;-0.56%;-0.24%
24-02-15;-0.81%;0.01%;0.05%;0.83%;0.61%;0.89%;0.76%;0.63%;0.00%;0.70%;0.51%
25-02-15;-0.07%;0.07%;0.07%;0.54%;0.72%;0.50%;0.43%;0.52%;0.00%;0.27%;0.34%
26-02-15;-0.02%;0.05%;0.04%;-0.42%;-0.04%;-0.39%;-0.33%;-0.40%;0.00%;-0.54%;-0.32%
27-02-15;-0.14%;-0.11%;-0.05%;-0.45%;-0.19%;-0.32%;-0.32%;-0.19%;0.00%;-0.30%;-0.21%
28-02-15;0.00%;0.00%;0.00%;-0.06%;-0.36%;0.02%;0.16%;0.14%;0.00%;0.00%;0.00%
01-03-15;0.00%;0.00%;0.00%;0.00%;0.00%;0.01%;0.00%;0.00%;0.00%;0.00%;0.00%
02-03-15;-0.88%;0.09%;0.07%;0.18%;0.18%;0.18%;0.18%;0.18%;0.00%;0.18%;0.15%
03-03-15;0.57%;-0.08%;-0.02%;-0.01%;-0.41%;-0.42%;-0.22%;-0.21%;0.00%;-0.22%;-0.02%
04-03-15;-0.07%;0.02%;0.04%;-0.41%;-0.16%;-0.15%;0.03%;0.08%;0.00%;0.04%;-0.16%
05-03-15;-0.19%;0.08%;0.07%;-0.07%;-0.66%;0.31%;0.07%;0.28%;0.00%;0.35%;-0.20%
06-03-15;-0.43%;-0.04%;0.04%;0.16%;-0.19%;0.09%;-0.03%;-0.01%;0.00%;-0.03%;-0.17%
07-03-15;0.00%;0.00%;0.00%;-1.23%;-0.34%;-0.31%;-0.34%;-0.27%;0.00%;0.00%;0.00%
08-03-15;0.00%;0.00%;0.00%;0.00%;0.00%;0.01%;0.00%;0.00%;0.00%;0.00%;0.00%
09-03-15;-0.94%;-0.09%;0.07%;0.81%;0.81%;0.82%;0.81%;0.81%;0.00%;0.81%;0.14%
10-03-15;-0.43%;0.01%;0.05%;0.60%;-0.63%;0.74%;0.48%;0.47%;0.00%;0.60%;-0.01%
11-03-15;-0.11%;-0.02%;0.02%;-0.97%;-0.90%;0.98%;0.23%;0.52%;0.00%;0.72%;-0.44%
12-03-15;0.12%;0.02%;0.04%;0.63%;0.64%;0.91%;0.52%;0.65%;0.00%;0.72%;0.41%
13-03-15;-1.05%;0.14%;0.09%;0.42%;-0.05%;-0.54%;-0.52%;-0.50%;0.00%;-0.64%;0.20%
14-03-15;0.00%;0.00%;0.00%;-0.51%;-0.95%;-0.05%;-0.43%;-0.34%;0.00%;0.00%;0.00%
15-03-15;0.00%;0.00%;0.00%;0.00%;0.00%;0.01%;0.00%;0.00%;0.00%;0.00%;0.00%
16-03-15;0.07%;0.04%;0.12%;0.86%;0.86%;0.87%;0.86%;0.86%;0.00%;0.86%;0.10%
17-03-15;0.39%;-0.06%;0.05%;1.23%;0.17%;0.12%;-0.02%;-0.17%;0.00%;0.05%;0.50%
18-03-15;0.36%;-0.10%;0.03%;0.03%;1.13%;0.26%;0.01%;0.10%;0.00%;0.23%;0.21%
19-03-15;-0.08%;-0.19%;0.01%;1.21%;1.02%;0.61%;0.20%;0.43%;0.00%;0.21%;0.89%
20-03-15;0.48%;-0.03%;0.01%;-0.67%;0.34%;-0.42%;-0.27%;-0.23%;0.00%;-0.52%;-0.36%
21-03-15;0.00%;0.00%;0.00%;1.33%;0.47%;0.12%;0.53%;0.46%;0.00%;0.00%;0.00%
22-03-15;0.00%;0.00%;0.00%;0.00%;0.00%;0.01%;0.00%;0.00%;0.00%;0.00%;0.00%
23-03-15;-0.17%;0.02%;0.05%;-0.50%;-0.50%;-0.49%;-0.50%;-0.50%;0.00%;-0.50%;0.20%
24-03-15;0.42%;0.05%;-0.10%;-1.17%;-0.72%;-1.37%;-1.04%;-0.96%;0.00%;-1.37%;-0.89%
25-03-15;0.12%;0.03%;0.04%;-0.85%;-0.24%;-0.45%;-0.46%;-0.30%;0.00%;-0.54%;-0.39%
26-03-15;-0.60%;0.06%;0.05%;-1.52%;-0.83%;-0.66%;-0.35%;-0.48%;0.00%;-0.62%;-0.84%
27-03-15;0.34%;-0.07%;-0.04%;-0.51%;-1.26%;-0.07%;-0.01%;-0.09%;0.00%;0.14%;-0.41%
28-03-15;0.00%;0.00%;0.00%;0.07%;-0.44%;0.10%;0.06%;0.17%;0.00%;0.00%;0.00%
29-03-15;0.00%;0.00%;0.00%;0.00%;0.00%;0.01%;0.00%;0.00%;0.00%;0.00%;0.00%
30-03-15;0.62%;0.02%;0.08%;0.34%;0.34%;0.35%;0.34%;0.34%;0.00%;0.34%;0.43%
31-03-15;0.08%;0.04%;0.05%;1.37%;1.78%;0.67%;0.63%;0.71%;1.02%;0.65%;1.12%
01-04-15;0.49%;-0.01%;0.01%;-0.99%;0.54%;0.07%;-0.16%;0.01%;0.00%;0.60%;-0.17%
02-04-15;0.58%;0.01%;0.05%;-1.49%;-0.48%;-1.14%;-1.21%;-0.96%;0.00%;-1.34%;-0.70%
03-04-15;0.00%;0.00%;0.00%;0.10%;0.45%;-0.63%;-0.24%;-0.42%;0.00%;-0.56%;0.00%
04-04-15;0.00%;0.00%;0.00%;0.05%;0.15%;0.11%;0.01%;0.14%;0.00%;0.00%;0.00%
05-04-15;0.00%;0.00%;0.00%;0.00%;0.00%;0.01%;0.00%;0.00%;0.00%;0.00%;0.00%
06-04-15;0.29%;-0.03%;0.06%;0.00%;0.00%;0.01%;0.00%;0.00%;0.00%;0.00%;0.17%
07-04-15;0.01%;-0.02%;-0.02%;0.15%;0.51%;-0.76%;-0.49%;-0.57%;0.00%;-0.66%;0.02%
08-04-15;0.24%;-0.05%;-0.07%;0.04%;0.09%;0.09%;0.29%;0.20%;0.00%;0.04%;0.14%
09-04-15;0.53%;-0.07%;0.01%;0.15%;1.47%;0.06%;0.14%;0.27%;0.00%;0.01%;0.89%
10-04-15;0.47%;0.00%;-0.02%;0.78%;1.21%;0.33%;0.43%;0.66%;0.00%;0.47%;0.82%
11-04-15;0.00%;0.00%;0.00%;0.43%;0.58%;0.05%;0.10%;0.21%;0.00%;0.00%;0.00%
12-04-15;0.00%;0.00%;0.00%;0.00%;0.00%;0.01%;0.00%;0.00%;0.00%;0.00%;0.00%
13-04-15;0.09%;0.10%;0.10%;0.89%;0.89%;0.90%;0.89%;0.89%;0.00%;0.89%;1.07%
14-04-15;-0.45%;0.02%;0.03%;-0.14%;0.95%;0.33%;0.30%;0.33%;0.00%;0.27%;0.37%
15-04-15;0.26%;-0.02%;-0.13%;-0.70%;-1.59%;-0.97%;-0.95%;-0.99%;0.00%;-1.14%;-1.04%
16-04-15;0.81%;-0.03%;-0.01%;0.65%;0.46%;0.48%;0.41%;0.39%;0.00%;0.43%;0.51%
17-04-15;-1.10%;-0.15%;-0.18%;-0.55%;0.76%;-0.73%;-0.55%;-0.70%;0.00%;-0.72%;-0.26%
18-04-15;0.00%;0.00%;0.00%;-0.98%;-0.91%;0.05%;0.00%;-0.05%;0.00%;0.00%;0.00%
19-04-15;0.00%;0.00%;0.00%;0.00%;0.00%;0.01%;0.00%;0.00%;0.00%;0.00%;0.00%
20-04-15;0.05%;-0.01%;-0.04%;0.07%;0.07%;0.08%;0.07%;0.07%;0.00%;0.07%;-0.76%
21-04-15;0.24%;0.07%;-0.04%;1.03%;-0.41%;0.36%;0.46%;0.38%;0.00%;0.44%;0.28%
22-04-15;-0.01%;0.15%;-0.01%;0.33%;0.98%;0.10%;0.12%;0.10%;0.00%;0.16%;0.45%
23-04-15;0.41%;0.06%;-0.10%;0.53%;0.78%;0.06%;0.34%;0.36%;0.00%;0.26%;0.53%
24-04-15;0.48%;0.02%;0.00%;0.35%;0.64%;0.06%;0.19%;0.19%;0.00%;0.02%;0.07%
25-04-15;0.00%;0.00%;0.00%;0.43%;0.63%;0.11%;0.27%;0.25%;0.00%;0.00%;0.00%
26-04-15;0.00%;0.00%;0.00%;0.00%;0.00%;0.01%;0.00%;0.00%;0.00%;0.00%;0.00%
27-04-15;1.16%;0.08%;0.11%;-0.60%;-0.60%;-0.59%;-0.60%;-0.60%;0.00%;-0.60%;-0.14%
28-04-15;-0.87%;-0.08%;-0.03%;-0.45%;-0.05%;-0.57%;-0.43%;-0.40%;0.00%;-0.55%;-0.05%
29-04-15;-0.77%;0.04%;0.01%;-0.66%;-0.64%;-0.89%;-0.63%;-0.91%;0.00%;-0.77%;-0.51%
30-04-15;-0.16%;-0.06%;-0.06%;-0.34%;-0.63%;-0.33%;0.25%;-0.15%;0.00%;0.07%;-0.47%
01-05-15;0.00%;0.00%;0.00%;-0.22%;-0.37%;0.61%;0.80%;0.63%;0.00%;0.73%;0.00%
02-05-15;0.00%;0.00%;0.00%;0.51%;-0.17%;-0.18%;0.00%;-0.15%;0.00%;0.00%;0.00%
03-05-15;0.00%;0.00%;0.00%;0.00%;0.00%;0.01%;0.00%;0.00%;0.00%;0.00%;0.00%
04-05-15;0.44%;0.09%;0.12%;0.00%;0.00%;0.01%;0.00%;0.00%;0.00%;0.00%;0.10%
05-05-15;0.51%;-0.08%;-0.02%;0.73%;0.74%;0.48%;0.60%;0.50%;0.00%;0.52%;0.56%
06-05-15;0.50%;-0.22%;-0.08%;-1.39%;-0.45%;-0.86%;-0.47%;-0.45%;0.00%;-0.42%;-0.72%
07-05-15;-0.09%;-0.07%;0.02%;-0.51%;-1.21%;-0.76%;-0.37%;-0.59%;0.00%;-0.50%;-0.67%
08-05-15;-0.05%;0.00%;-0.11%;0.12%;-1.21%;0.42%;0.03%;0.24%;0.00%;0.29%;-0.07%
09-05-15;0.00%;0.00%;0.00%;1.44%;0.98%;0.29%;0.24%;0.31%;0.00%;0.00%;0.00%
10-05-15;0.00%;0.00%;0.00%;0.00%;0.00%;0.01%;0.00%;0.00%;0.00%;0.00%;0.00%
11-05-15;0.93%;0.02%;0.11%;-0.80%;-0.80%;-0.79%;-0.80%;-0.80%;0.00%;-0.80%;0.30%
12-05-15;-0.61%;-0.24%;-0.09%;-0.09%;0.30%;-0.13%;0.18%;0.05%;0.00%;0.19%;0.10%
13-05-15;-0.39%;-0.21%;0.02%;-0.16%;-0.61%;-0.17%;-0.03%;-0.17%;0.00%;0.06%;-0.33%
14-05-15;-0.43%;0.04%;0.01%;-0.82%;-0.65%;-1.19%;-0.75%;-0.94%;0.00%;-1.13%;-0.69%
15-05-15;0.75%;0.02%;-0.18%;0.42%;-0.16%;-0.27%;-0.29%;-0.34%;0.00%;-0.35%;0.02%
16-05-15;0.00%;0.00%;0.00%;0.21%;0.74%;0.44%;0.24%;0.32%;0.00%;0.00%;0.00%
17-05-15;0.00%;0.00%;0.00%;0.00%;0.00%;0.01%;0.00%;0.00%;0.00%;0.00%;0.00%
18-05-15;-0.15%;0.06%;0.08%;-0.22%;-0.22%;-0.21%;-0.22%;-0.22%;0.00%;-0.22%;0.26%
19-05-15;-0.54%;-0.02%;0.02%;0.44%;0.10%;0.14%;0.19%;0.30%;0.00%;0.33%;0.36%
20-05-15;-0.51%;0.03%;0.04%;0.41%;0.67%;0.65%;0.21%;0.50%;0.00%;0.67%;0.61%
21-05-15;0.00%;0.00%;0.00%;0.41%;-0.06%;0.36%;0.31%;0.36%;0.00%;0.38%;0.00%
22-05-15;0.09%;0.04%;0.04%;0.40%;-0.33%;0.10%;0.20%;0.29%;0.00%;0.00%;0.23%
23-05-15;0.00%;0.00%;0.00%;-0.40%;0.50%;-0.03%;-0.15%;-0.01%;0.00%;0.00%;0.00%
24-05-15;0.00%;0.00%;0.00%;0.00%;0.00%;0.01%;0.00%;0.00%;0.00%;0.00%;0.00%
25-05-15;-0.33%;0.08%;0.11%;0.36%;0.36%;0.37%;0.36%;0.36%;0.00%;0.36%;0.38%
26-05-15;-0.63%;0.06%;0.06%;0.39%;0.15%;0.38%;0.37%;0.37%;0.00%;0.37%;0.32%
27-05-15;0.43%;0.00%;0.01%;-0.81%;-0.39%;0.70%;0.26%;0.53%;0.00%;0.45%;-0.22%
28-05-15;-0.03%;0.01%;0.00%;1.28%;-0.14%;0.65%;0.51%;0.47%;0.00%;0.57%;0.53%
29-05-15;0.26%;0.04%;0.03%;0.10%;-0.72%;0.25%;0.24%;0.12%;0.00%;0.21%;-0.19%
30-05-15;0.00%;0.00%;0.00%;-0.67%;-0.53%;0.18%;0.08%;0.01%;0.00%;0.00%;0.00%
31-05-15;0.00%;0.00%;0.00%;0.00%;0.00%;0.01%;0.00%;0.00%;0.00%;0.00%;0.00%
01-06-15;-0.87%;0.04%;0.08%;-0.13%;-0.13%;-0.12%;-0.13%;-0.13%;0.00%;-0.13%;-0.22%
02-06-15;-0.42%;-0.04%;0.02%;0.76%;0.70%;0.54%;0.62%;0.50%;0.00%;0.81%;0.52%
03-06-15;0.20%;-0.04%;0.02%;0.32%;-0.21%;-0.33%;0.36%;-0.08%;0.00%;0.08%;-0.21%
04-06-15;-0.91%;0.04%;0.06%;1.04%;0.22%;0.12%;0.69%;0.40%;0.00%;0.61%;0.49%
05-06-15;0.29%;-0.02%;0.00%;-0.48%;-0.40%;0.47%;0.17%;0.19%;0.00%;0.33%;-0.26%
06-06-15;0.00%;0.00%;0.00%;-0.85%;-0.59%;-0.28%;-0.56%;-0.37%;0.00%;0.00%;0.00%
07-06-15;0.00%;0.00%;0.00%;0.00%;0.00%;0.01%;0.00%;0.00%;0.00%;0.00%;0.00%
08-06-15;-0.45%;0.08%;0.11%;1.19%;1.19%;1.20%;1.19%;1.19%;0.00%;1.19%;0.54%
09-06-15;-0.93%;0.00%;-0.01%;-0.76%;-0.81%;-0.29%;-0.26%;-0.48%;0.00%;-0.30%;-0.56%
10-06-15;1.08%;-0.23%;-0.04%;-1.16%;-1.74%;-1.31%;-1.23%;-1.33%;0.00%;-1.13%;-1.30%
11-06-15;0.23%;-0.19%;0.02%;1.09%;0.37%;-0.59%;-0.19%;-0.55%;0.00%;-0.34%;0.42%
12-06-15;-0.23%;-0.03%;0.04%;1.38%;1.10%;1.56%;1.19%;1.35%;0.00%;1.20%;0.97%
13-06-15;0.00%;0.00%;0.00%;-0.52%;0.28%;0.07%;0.04%;0.16%;0.00%;0.00%;0.00%
14-06-15;0.00%;0.00%;0.00%;0.00%;0.00%;0.01%;0.00%;0.00%;0.00%;0.00%;0.00%
15-06-15;-0.73%;0.05%;-0.12%;-0.15%;-0.15%;-0.14%;-0.15%;-0.15%;0.00%;-0.15%;-0.19%
16-06-15;0.25%;0.01%;0.04%;-0.26%;-0.42%;0.45%;0.21%;0.39%;0.00%;0.49%;-0.27%
17-06-15;0.31%;0.03%;0.04%;0.31%;-0.58%;0.03%;-0.29%;-0.24%;0.00%;-0.07%;-0.11%
18-06-15;-0.94%;-0.07%;-0.03%;0.56%;1.07%;0.68%;0.74%;0.70%;0.00%;0.65%;0.63%
19-06-15;-0.49%;0.00%;0.01%;-0.24%;-0.44%;-1.30%;-0.92%;-1.04%;0.00%;-1.30%;-0.52%
20-06-15;0.00%;0.00%;0.00%;-0.32%;-0.30%;0.26%;0.00%;0.12%;0.00%;0.00%;0.00%
21-06-15;0.00%;0.00%;0.00%;0.00%;0.00%;0.01%;0.00%;0.00%;0.00%;0.00%;0.00%
22-06-15;0.62%;0.05%;0.06%;0.43%;0.43%;0.44%;0.43%;0.43%;0.00%;0.43%;0.19%
23-06-15;0.10%;0.01%;0.01%;0.93%;1.04%;-0.53%;0.07%;-0.19%;0.00%;-0.26%;0.40%
24-06-15;-0.39%;-0.03%;0.01%;0.61%;1.06%;0.52%;0.40%;0.71%;0.00%;0.62%;0.81%
25-06-15;-1.01%;-0.03%;0.02%;-0.84%;0.01%;-0.16%;-0.27%;-0.14%;0.00%;-0.27%;-0.35%
26-06-15;0.47%;0.02%;0.04%;-0.39%;-0.62%;-0.23%;-0.24%;-0.29%;0.00%;-0.16%;-0.50%
27-06-15;0.00%;0.00%;0.00%;-0.28%;-0.75%;-0.23%;-0.21%;-0.23%;0.00%;0.00%;0.00%
28-06-15;0.00%;0.00%;0.00%;0.00%;0.00%;0.01%;0.00%;0.00%;0.00%;0.00%;0.00%
29-06-15;0.00%;0.00%;0.00%;0.44%;0.44%;0.45%;0.44%;0.44%;0.00%;0.44%;0.00%
30-06-15;0.28%;0.13%;0.07%;-2.19%;-2.03%;0.38%;-0.49%;-0.09%;4.58%;0.00%;-1.46%
01-07-15;-1.45%;0.04%;0.01%;0.59%;2.06%;0.79%;0.69%;0.74%;0.00%;2.81%;0.89%
02-07-15;0.55%;0.08%;0.04%;0.67%;-0.02%;-0.24%;0.10%;-0.05%;0.00%;0.00%;0.31%
03-07-15;-0.30%;0.04%;0.01%;-0.31%;-0.32%;-0.34%;-0.23%;-0.17%;0.00%;-0.32%;-0.31%
04-07-15;0.00%;0.00%;0.00%;-0.16%;-0.73%;0.15%;-0.01%;0.00%;0.00%;0.00%;0.00%
05-07-15;0.00%;0.00%;0.00%;0.00%;0.00%;0.01%;0.00%;0.00%;0.00%;0.00%;0.00%
06-07-15;-1.10%;0.09%;0.08%;-0.10%;-0.10%;-0.09%;-0.10%;-0.10%;0.00%;-0.10%;-0.35%
07-07-15;-0.51%;0.13%;0.09%;-0.07%;-1.38%;1.05%;0.52%;0.91%;0.00%;0.80%;-0.41%
08-07-15;-0.45%;0.10%;0.09%;0.80%;-0.35%;1.41%;0.63%;1.06%;0.00%;1.06%;0.19%
09-07-15;0.89%;0.09%;0.06%;-0.42%;-2.17%;0.73%;0.60%;0.48%;0.00%;0.63%;-0.96%
10-07-15;1.91%;0.14%;0.06%;-0.22%;0.84%;-1.12%;-0.72%;-0.84%;0.00%;-0.84%;0.31%
11-07-15;0.00%;0.00%;0.00%;1.49%;1.41%;-0.41%;0.42%;0.01%;0.00%;0.00%;0.00%
12-07-15;0.00%;0.00%;0.00%;0.00%;0.00%;0.01%;0.00%;0.00%;0.00%;0.00%;0.00%
13-07-15;0.46%;0.14%;0.12%;-0.12%;-0.12%;-0.11%;-0.12%;-0.12%;0.00%;-0.12%;1.04%
14-07-15;0.28%;0.09%;0.02%;1.12%;1.34%;0.25%;0.19%;0.32%;0.00%;0.24%;1.18%
15-07-15;-0.29%;0.06%;0.20%;-0.02%;-0.84%;-0.53%;-0.61%;-0.63%;0.00%;-0.63%;-0.24%
16-07-15;0.00%;0.00%;0.00%;-0.15%;-0.29%;0.14%;-0.04%;-0.05%;0.00%;-0.08%;0.00%
17-07-15;-0.11%;0.02%;0.05%;0.78%;0.42%;0.06%;0.01%;0.08%;0.00%;0.00%;0.30%
18-07-15;0.00%;0.00%;0.00%;-0.06%;0.00%;0.14%;-0.14%;0.06%;0.00%;0.00%;0.00%
19-07-15;0.00%;0.00%;0.00%;0.00%;0.00%;0.01%;0.00%;0.00%;0.00%;0.00%;0.00%
20-07-15;0.29%;0.12%;0.14%;0.28%;0.28%;0.29%;0.28%;0.28%;0.00%;0.28%;0.35%
21-07-15;0.13%;0.04%;0.04%;0.76%;0.02%;0.68%;0.65%;0.64%;0.00%;0.68%;0.51%
22-07-15;-0.74%;0.12%;0.09%;0.05%;0.76%;0.33%;0.22%;0.34%;0.00%;0.29%;0.05%
23-07-15;-0.38%;0.18%;0.20%;-0.17%;-0.46%;0.61%;0.12%;0.37%;0.00%;0.46%;-0.04%
24-07-15;-0.66%;0.02%;0.05%;-0.20%;-0.78%;0.14%;0.05%;-0.09%;0.00%;0.02%;-0.27%
25-07-15;0.00%;0.00%;0.00%;-0.99%;-1.43%;0.14%;-0.13%;-0.13%;0.00%;0.00%;0.00%
26-07-15;0.00%;0.00%;0.00%;0.00%;0.00%;0.01%;0.00%;0.00%;0.00%;0.00%;0.00%
27-07-15;-1.12%;0.10%;0.11%;0.97%;0.97%;0.98%;0.97%;0.97%;0.00%;0.97%;-0.01%
28-07-15;-0.19%;-0.01%;0.04%;0.00%;-1.28%;0.77%;0.54%;0.42%;0.00%;0.68%;-0.69%
29-07-15;-0.50%;-0.03%;0.02%;0.67%;-0.25%;-0.14%;-0.15%;-0.12%;0.00%;-0.10%;0.18%
30-07-15;0.63%;0.00%;0.05%;0.94%;1.15%;0.08%;0.44%;0.28%;0.00%;0.15%;0.54%
31-07-15;1.87%;0.00%;0.04%;0.95%;0.33%;1.10%;1.02%;1.11%;0.00%;1.00%;0.66%
01-08-15;0.00%;0.00%;0.00%;0.33%;0.86%;0.23%;0.23%;0.15%;0.00%;0.00%;0.00%
02-08-15;0.00%;0.00%;0.00%;0.00%;0.00%;0.01%;0.00%;0.00%;0.00%;0.00%;0.00%
03-08-15;-0.83%;0.08%;0.07%;-0.16%;-0.16%;-0.15%;-0.16%;-0.16%;0.00%;-0.16%;0.27%
04-08-15;0.39%;0.12%;0.08%;0.84%;-0.12%;1.22%;0.90%;1.17%;0.00%;1.09%;0.49%
05-08-15;0.50%;-0.02%;0.03%;-0.29%;0.10%;-0.26%;-0.23%;-0.28%;0.00%;-0.16%;-0.08%
06-08-15;-0.28%;0.00%;0.05%;1.00%;0.64%;0.46%;0.60%;0.62%;0.00%;0.76%;0.89%
07-08-15;-0.06%;0.04%;0.07%;-0.32%;-0.54%;0.34%;0.02%;0.05%;0.00%;0.23%;-0.21%
08-08-15;0.00%;0.00%;0.00%;-0.30%;0.02%;0.22%;-0.22%;-0.03%;0.00%;0.00%;0.00%
09-08-15;0.00%;0.00%;0.00%;0.00%;0.00%;0.01%;0.00%;0.00%;0.00%;0.00%;0.00%
10-08-15;0.17%;0.03%;0.09%;-0.85%;-0.85%;-0.84%;-0.85%;-0.85%;0.00%;-0.85%;-0.71%
11-08-15;-0.72%;0.08%;0.05%;0.81%;0.03%;-0.43%;-0.23%;-0.35%;0.00%;-0.28%;0.34%
12-08-15;-0.21%;0.07%;0.04%;-0.38%;-0.48%;0.95%;0.45%;0.72%;0.00%;0.57%;-0.53%
13-08-15;-0.36%;0.05%;0.05%;-0.19%;-1.69%;0.28%;0.17%;0.14%;0.00%;0.21%;-0.71%
14-08-15;-0.32%;-0.01%;0.00%;0.45%;0.85%;0.25%;0.47%;0.35%;0.00%;0.46%;0.42%
15-08-15;0.00%;0.00%;0.00%;0.14%;-0.11%;-0.05%;-0.05%;-0.05%;0.00%;0.00%;0.00%
16-08-15;0.00%;0.00%;0.00%;0.00%;0.00%;0.01%;0.00%;0.00%;0.00%;0.00%;0.00%
17-08-15;-0.26%;0.14%;0.14%;-0.15%;-0.15%;-0.15%;-0.15%;-0.15%;0.00%;-0.15%;-0.06%
18-08-15;-0.18%;0.09%;0.06%;1.11%;-0.25%;0.96%;0.75%;0.84%;0.00%;0.81%;0.57%
19-08-15;0.13%;0.06%;0.05%;0.88%;0.37%;1.01%;1.00%;0.96%;0.00%;1.14%;0.34%
20-08-15;-0.30%;0.02%;0.03%;-1.39%;-1.24%;-0.18%;-0.47%;-0.42%;0.00%;-0.34%;-0.93%
21-08-15;-1.62%;0.00%;0.02%;-1.77%;-1.32%;0.08%;-0.13%;-0.38%;0.00%;-0.10%;-1.37%
22-08-15;0.00%;0.00%;0.00%;-2.76%;-2.18%;0.08%;-0.11%;-0.20%;0.00%;0.00%;0.00%
23-08-15;0.00%;0.00%;0.00%;0.00%;0.00%;0.01%;0.00%;0.00%;0.00%;0.00%;0.00%
24-08-15;-2.13%;0.14%;0.13%;-0.04%;-0.04%;-0.03%;-0.04%;-0.04%;0.00%;-0.04%;-1.77%
25-08-15;1.37%;0.05%;0.02%;-2.11%;-3.43%;1.74%;1.21%;0.93%;0.00%;1.68%;-2.38%
26-08-15;0.24%;0.10%;0.04%;-1.17%;1.33%;-1.37%;-0.71%;-0.83%;0.00%;-0.82%;-0.12%
27-08-15;2.71%;0.07%;0.01%;2.95%;0.75%;0.84%;0.84%;0.73%;0.00%;0.90%;1.64%
28-08-15;0.21%;0.03%;0.01%;1.16%;2.30%;-0.91%;-0.74%;-0.41%;0.00%;-0.93%;1.32%
29-08-15;0.00%;0.00%;0.00%;0.46%;0.88%;0.00%;0.34%;0.35%;0.00%;0.00%;0.00%
30-08-15;0.00%;0.00%;0.00%;0.00%;0.00%;0.01%;0.00%;0.00%;0.00%;0.00%;0.00%
31-08-15;1.13%;0.02%;0.10%;-1.38%;-1.38%;-1.37%;-1.38%;-1.38%;0.00%;-1.38%;-0.65%
01-09-15;-1.33%;-0.09%;0.03%;-0.02%;0.56%;0.67%;0.84%;0.73%;0.00%;0.74%;0.27%
02-09-15;0.16%;-0.32%;-0.13%;-3.24%;-2.65%;-0.46%;-0.53%;-0.58%;0.00%;-0.49%;-2.13%
03-09-15;1.01%;-0.25%;-0.09%;0.41%;-1.08%;-0.57%;-0.57%;-0.65%;0.00%;-0.53%;-0.13%
04-09-15;-2.58%;-0.05%;-0.04%;0.48%;0.66%;0.19%;-0.02%;0.05%;0.00%;0.02%;0.47%
05-09-15;0.00%;0.00%;0.00%;-1.69%;-1.62%;0.25%;0.03%;0.07%;0.00%;0.00%;0.00%
06-09-15;0.00%;0.00%;0.00%;0.00%;0.00%;0.01%;0.00%;0.00%;0.00%;0.00%;0.00%
07-09-15;1.00%;0.00%;-0.01%;0.41%;0.41%;0.42%;0.41%;0.41%;0.00%;0.41%;-0.80%
08-09-15;-0.41%;-0.38%;-0.39%;0.56%;-0.90%;0.37%;0.46%;0.37%;0.00%;0.37%;-0.06%
09-09-15;-0.50%;-0.28%;-0.02%;0.98%;0.79%;-0.90%;-0.55%;-0.89%;0.00%;-0.79%;0.81%
10-09-15;0.70%;0.16%;0.04%;0.08%;2.38%;0.03%;0.22%;0.23%;0.00%;0.00%;0.29%
11-09-15;-0.43%;0.15%;0.04%;0.23%;-0.24%;0.34%;0.42%;0.23%;0.00%;0.39%;0.02%
12-09-15;0.00%;0.00%;0.00%;0.11%;-0.20%;0.13%;0.09%;0.03%;0.00%;0.00%;0.00%
13-09-15;0.00%;0.00%;0.00%;0.00%;0.00%;0.01%;0.00%;0.00%;0.00%;0.00%;0.00%
14-09-15;0.28%;0.12%;0.06%;-0.94%;-0.94%;-0.93%;-0.94%;-0.94%;0.00%;-0.94%;-0.63%
15-09-15;0.29%;-0.01%;-0.12%;0.19%;1.26%;0.59%;0.59%;0.58%;0.00%;0.60%;0.26%
16-09-15;0.77%;0.03%;0.06%;0.52%;-0.44%;-0.68%;-0.41%;-0.42%;0.00%;-0.33%;0.10%
17-09-15;-0.12%;-0.09%;-0.01%;0.30%;1.05%;-0.99%;-0.95%;-0.79%;0.00%;-0.91%;0.24%
18-09-15;0.00%;0.00%;0.00%;-0.55%;0.08%;-0.28%;-0.45%;-0.21%;0.00%;-0.50%;0.00%
19-09-15;0.00%;0.00%;0.00%;-1.35%;0.30%;0.47%;0.07%;0.33%;0.00%;0.00%;0.00%
20-09-15;0.00%;0.00%;0.00%;0.00%;0.00%;0.01%;0.00%;0.00%;0.00%;0.00%;0.00%
21-09-15;-0.11%;0.14%;0.14%;0.00%;0.00%;0.01%;0.00%;0.00%;0.00%;0.00%;-0.90%
22-09-15;-0.93%;0.09%;0.03%;0.77%;-0.85%;0.64%;0.44%;0.55%;0.00%;0.87%;0.59%
23-09-15;-0.62%;0.02%;0.00%;0.26%;1.11%;2.33%;1.36%;1.73%;0.00%;2.00%;0.26%
24-09-15;0.19%;0.13%;0.06%;0.31%;-1.48%;0.52%;0.44%;0.30%;0.00%;0.57%;-0.08%
25-09-15;-0.30%;0.02%;0.02%;0.20%;0.01%;0.87%;0.51%;0.41%;0.00%;0.78%;-0.02%
26-09-15;0.00%;0.00%;0.00%;0.46%;0.44%;-0.23%;-0.34%;-0.13%;0.00%;0.00%;0.00%
27-09-15;0.00%;0.00%;0.00%;0.00%;0.00%;0.01%;0.00%;0.00%;0.00%;0.00%;0.00%
28-09-15;-1.50%;0.09%;0.09%;-1.14%;-1.14%;-1.13%;-1.14%;-1.14%;0.00%;-1.14%;-0.50%
29-09-15;0.10%;0.18%;0.07%;-1.07%;0.10%;1.23%;0.31%;0.58%;0.00%;1.05%;-0.51%
30-09-15;0.55%;0.26%;0.19%;-0.70%;-0.74%;-0.01%;-0.47%;-0.40%;-0.76%;-0.09%;-0.43%
01-10-15;-0.06%;0.02%;0.00%;1.16%;1.15%;-0.86%;-0.73%;-0.48%;0.00%;-1.99%;0.49%
02-10-15;0.17%;0.06%;0.06%;-0.07%;0.24%;-0.33%;-0.36%;-0.13%;0.00%;-0.46%;-0.02%
03-10-15;0.00%;0.00%;0.00%;1.21%;0.81%;0.23%;-0.05%;0.26%;0.00%;0.00%;0.00%
04-10-15;0.00%;0.00%;0.00%;0.00%;0.00%;0.01%;0.00%;0.00%;0.00%;0.00%;0.00%
05-10-15;1.28%;0.12%;0.09%;-0.03%;-0.03%;-0.02%;-0.03%;-0.03%;0.00%;-0.03%;0.73%
06-10-15;0.92%;0.04%;0.04%;0.50%;0.77%;-1.56%;-0.85%;-0.90%;0.00%;-1.38%;0.43%
07-10-15;0.37%;-0.03%;-0.02%;-0.45%;0.24%;-0.63%;-0.14%;-0.24%;0.00%;-0.66%;-0.19%
08-10-15;0.29%;0.09%;0.03%;0.38%;2.24%;-0.43%;0.18%;-0.24%;0.00%;-0.40%;0.68%
09-10-15;0.60%;0.05%;0.01%;1.07%;0.18%;0.39%;0.60%;0.40%;0.00%;0.46%;0.60%
10-10-15;0.00%;0.00%;0.00%;0.61%;1.29%;0.01%;0.58%;0.33%;0.00%;0.00%;0.00%
11-10-15;0.00%;0.00%;0.00%;0.00%;0.00%;0.01%;0.00%;0.00%;0.00%;0.00%;0.00%
12-10-15;0.00%;0.00%;0.00%;-0.93%;-0.93%;-0.92%;-0.93%;-0.93%;0.00%;-0.93%;0.00%
13-10-15;-0.06%;0.04%;0.09%;0.04%;0.69%;0.08%;0.07%;0.00%;0.00%;0.00%;-0.10%
14-10-15;-0.54%;-0.06%;-0.01%;0.34%;-0.14%;1.21%;1.04%;1.17%;0.00%;1.13%;0.28%
15-10-15;0.34%;-0.06%;0.00%;-0.77%;-0.86%;-0.01%;-0.21%;-0.16%;0.00%;-0.29%;-0.55%
16-10-15;-0.23%;-0.08%;-0.04%;0.57%;0.99%;-0.91%;-0.80%;-0.59%;0.00%;-0.80%;0.43%
17-10-15;0.00%;0.00%;0.00%;0.46%;0.08%;0.04%;0.29%;0.24%;0.00%;0.00%;0.00%
18-10-15;0.00%;0.00%;0.00%;0.00%;0.00%;0.01%;0.00%;0.00%;0.00%;0.00%;0.00%
19-10-15;0.37%;-0.04%;0.09%;-0.25%;-0.25%;-0.24%;-0.25%;-0.25%;0.00%;-0.25%;0.13%
20-10-15;0.20%;-0.05%;-0.01%;0.58%;1.03%;0.77%;0.83%;0.86%;0.00%;0.80%;0.57%
21-10-15;0.37%;0.00%;0.02%;0.58%;0.40%;0.56%;0.89%;0.59%;0.00%;0.72%;0.47%
22-10-15;0.88%;0.02%;0.01%;0.96%;0.61%;1.44%;1.24%;1.16%;0.00%;1.23%;0.75%
23-10-15;0.52%;-0.01%;-0.07%;0.84%;-0.26%;0.04%;-0.45%;-0.01%;0.00%;-0.16%;0.53%
24-10-15;0.00%;0.00%;0.00%;1.02%;1.21%;-0.10%;0.11%;0.18%;0.00%;0.00%;0.00%
25-10-15;0.00%;0.00%;0.00%;0.00%;0.00%;0.01%;0.00%;0.00%;0.00%;0.00%;0.00%
26-10-15;0.30%;0.04%;0.04%;-0.68%;-0.68%;-0.67%;-0.68%;-0.68%;0.00%;-0.68%;0.31%
27-10-15;-0.60%;0.00%;0.01%;-0.29%;-0.29%;-0.07%;-0.05%;0.03%;0.00%;-0.19%;-0.15%
28-10-15;-0.25%;0.00%;-0.02%;-0.25%;-0.31%;0.45%;0.15%;0.16%;0.00%;0.26%;-0.22%
29-10-15;-0.86%;-0.02%;-0.05%;1.04%;-0.29%;-0.12%;0.09%;-0.05%;0.00%;-0.01%;0.33%
30-10-15;0.07%;-0.05%;-0.07%;0.00%;-1.23%;0.08%;0.29%;0.24%;0.00%;0.43%;-0.10%
31-10-15;0.00%;0.00%;0.00%;-0.05%;0.21%;0.07%;0.20%;0.02%;0.00%;0.00%;0.00%
01-11-15;0.00%;0.00%;0.00%;0.00%;0.00%;0.01%;0.00%;0.00%;0.00%;0.00%;0.00%
02-11-15;0.23%;-0.01%;0.00%;0.00%;0.00%;0.01%;0.00%;0.00%;0.00%;0.00%;-0.16%
03-11-15;0.79%;0.02%;0.00%;0.78%;0.51%;0.09%;0.37%;0.31%;0.00%;0.23%;0.52%
04-11-15;-0.16%;0.02%;-0.02%;0.03%;1.13%;-0.19%;0.05%;0.21%;0.00%;-0.11%;0.25%
05-11-15;-0.44%;-0.02%;-0.03%;-0.52%;0.53%;-0.39%;-0.39%;-0.29%;0.00%;-0.33%;0.01%
06-11-15;0.02%;-0.10%;-0.06%;0.50%;0.20%;0.63%;0.45%;0.54%;0.00%;0.66%;0.34%
07-11-15;0.00%;0.00%;0.00%;-0.36%;-1.35%;-0.32%;-0.54%;-0.40%;0.00%;0.00%;0.00%
08-11-15;0.00%;0.00%;0.00%;0.00%;0.00%;0.01%;0.00%;0.00%;0.00%;0.00%;0.00%
09-11-15;-0.42%;-0.09%;-0.07%;0.51%;0.51%;0.53%;0.51%;0.51%;0.00%;0.51%;0.13%
10-11-15;-0.80%;-0.14%;-0.03%;-0.14%;-0.44%;0.53%;0.32%;0.28%;0.00%;0.60%;-0.07%
11-11-15;-0.10%;0.00%;0.00%;0.15%;-1.00%;0.39%;0.02%;0.23%;0.00%;0.21%;-0.25%
12-11-15;-0.29%;0.04%;0.00%;-0.43%;-0.52%;-0.49%;-0.44%;-0.52%;0.00%;-0.52%;-0.31%
13-11-15;-0.19%;0.06%;0.02%;-0.70%;0.53%;0.51%;0.22%;0.46%;0.00%;0.49%;0.00%
14-11-15;0.00%;0.00%;0.00%;-1.03%;-1.52%;0.16%;-0.32%;-0.13%;0.00%;0.00%;0.00%
15-11-15;0.00%;0.00%;0.00%;0.00%;0.00%;0.01%;0.00%;0.00%;0.00%;0.00%;0.00%
16-11-15;-0.44%;0.10%;0.02%;0.37%;0.37%;0.38%;0.37%;0.37%;0.00%;0.37%;-0.52%
17-11-15;-0.60%;0.07%;0.02%;1.44%;-0.31%;0.72%;0.51%;0.69%;0.00%;0.64%;0.73%
18-11-15;0.71%;0.06%;0.01%;0.65%;1.43%;0.17%;0.32%;0.27%;0.00%;0.12%;0.28%
19-11-15;0.86%;0.07%;0.05%;1.44%;0.36%;0.59%;0.51%;0.55%;0.00%;0.51%;0.81%
20-11-15;0.99%;0.01%;0.00%;0.24%;1.42%;-0.17%;-0.21%;-0.02%;0.00%;-0.30%;0.32%
21-11-15;0.00%;0.00%;0.00%;0.14%;0.76%;0.00%;-0.15%;0.11%;0.00%;0.00%;0.00%
22-11-15;0.00%;0.00%;0.00%;0.00%;0.00%;0.01%;0.00%;0.00%;0.00%;0.00%;0.00%
23-11-15;-0.88%;0.06%;0.11%;-0.41%;-0.41%;-0.40%;-0.41%;-0.41%;0.00%;-0.41%;0.08%
24-11-15;-0.70%;-0.01%;0.00%;0.61%;0.65%;0.90%;0.80%;0.92%;0.00%;0.93%;0.55%
25-11-15;-0.35%;0.00%;0.05%;-0.70%;-0.81%;-0.53%;-0.73%;-0.63%;0.00%;-0.59%;-0.61%
26-11-15;-0.10%;0.02%;0.01%;0.43%;-0.09%;0.38%;0.21%;0.14%;0.00%;0.29%;0.20%
27-11-15;-0.85%;-0.01%;-0.01%;0.17%;0.04%;-0.14%;-0.16%;-0.19%;0.00%;-0.19%;-0.12%
28-11-15;0.00%;0.00%;0.00%;-0.20%;-1.41%;0.06%;-0.04%;0.01%;0.00%;0.00%;0.00%
29-11-15;0.00%;0.00%;0.00%;0.00%;0.00%;0.01%;0.00%;0.00%;0.00%;0.00%;0.00%
30-11-15;-1.53%;-0.05%;0.00%;0.07%;0.07%;0.08%;0.07%;0.07%;0.00%;0.07%;-0.30%
01-12-15;-0.52%;-0.08%;-0.08%;-0.55%;-1.66%;-0.20%;-0.23%;-0.39%;0.00%;-0.20%;-0.54%
02-12-15;-0.70%;-0.01%;0.00%;0.36%;0.80%;-0.35%;-0.44%;-0.56%;0.00%;-0.57%;0.07%
03-12-15;-0.01%;-0.04%;0.02%;-1.33%;-0.97%;-0.52%;-0.59%;-0.66%;0.00%;-0.52%;-0.81%
04-12-15;0.21%;-0.05%;-0.03%;-1.34%;-0.58%;-0.93%;-0.13%;-0.69%;0.00%;-0.27%;-0.63%
05-12-15;0.00%;0.00%;0.00%;0.98%;-0.85%;0.07%;-0.11%;-0.01%;0.00%;0.00%;0.00%
06-12-15;0.00%;0.00%;0.00%;0.00%;0.00%;0.01%;0.00%;0.00%;0.00%;0.00%;0.00%
07-12-15;-0.57%;0.07%;0.11%;-0.07%;-0.07%;-0.06%;-0.07%;-0.07%;0.00%;-0.07%;-0.04%
08-12-15;0.00%;0.00%;0.00%;0.27%;0.20%;1.08%;0.50%;0.81%;0.00%;0.75%;0.00%
09-12-15;-0.79%;0.07%;-0.03%;-0.94%;-1.54%;0.01%;-0.49%;-0.29%;0.00%;0.00%;-0.30%
10-12-15;0.13%;-0.07%;0.04%;-0.61%;-0.26%;-0.22%;-0.10%;-0.11%;0.00%;-0.23%;-0.64%
11-12-15;-0.75%;0.02%;-0.08%;-0.19%;-0.94%;-0.19%;-0.40%;-0.45%;0.00%;-0.16%;-0.26%
12-12-15;0.00%;0.00%;0.00%;-1.57%;-1.98%;0.22%;-0.80%;-0.45%;0.00%;0.00%;0.00%
13-12-15;0.00%;0.00%;0.00%;0.00%;0.00%;0.01%;0.00%;0.00%;0.00%;0.00%;0.00%
14-12-15;0.00%;-0.08%;-0.14%;0.51%;0.51%;0.52%;0.51%;0.51%;0.00%;0.51%;-0.83%
15-12-15;0.88%;-0.04%;0.02%;0.29%;0.33%;0.36%;-0.39%;0.17%;0.00%;0.62%;0.16%
16-12-15;1.17%;-0.06%;-0.07%;0.64%;0.82%;-0.46%;0.11%;-0.10%;0.00%;-0.24%;0.46%
17-12-15;1.07%;0.03%;-0.07%;1.25%;1.31%;-0.13%;0.13%;-0.12%;0.00%;-0.08%;0.88%
18-12-15;-0.84%;0.01%;0.04%;-0.91%;0.95%;0.18%;-0.22%;0.15%;0.00%;-0.10%;0.08%
19-12-15;0.00%;0.00%;0.00%;-1.30%;-1.12%;0.21%;-0.45%;-0.13%;0.00%;0.00%;0.00%
20-12-15;0.00%;0.00%;0.00%;0.00%;0.00%;0.01%;0.00%;0.00%;0.00%;0.00%;0.00%
21-12-15;-0.64%;-0.02%;-0.06%;-0.82%;-0.82%;-0.81%;-0.82%;-0.82%;0.00%;-0.82%;-1.39%
22-12-15;0.22%;-0.01%;0.04%;-0.87%;-0.97%;-1.18%;-1.14%;-1.25%;0.00%;-1.19%;-0.67%
23-12-15;1.26%;0.00%;-0.01%;0.60%;0.31%;-0.28%;0.06%;-0.14%;0.00%;-0.09%;0.18%
24-12-15;-0.15%;-0.04%;-0.04%;1.65%;1.44%;0.25%;0.53%;0.50%;0.00%;0.37%;0.99%
25-12-15;0.00%;0.00%;0.00%;0.80%;0.76%;0.72%;0.84%;0.70%;0.00%;0.65%;0.00%
26-12-15;0.00%;0.00%;0.00%;-0.04%;0.03%;0.01%;0.00%;0.00%;0.00%;0.00%;0.00%
27-12-15;0.00%;0.00%;0.00%;0.00%;0.00%;0.01%;0.00%;0.00%;0.00%;0.00%;0.00%
28-12-15;0.00%;0.02%;0.01%;0.00%;0.00%;0.01%;0.00%;0.00%;0.00%;0.00%;0.45%
29-12-15;0.32%;-0.07%;0.05%;0.36%;0.03%;0.60%;0.58%;0.59%;0.00%;0.52%;0.25%
30-12-15;0.40%;0.00%;-0.06%;1.34%;0.50%;0.28%;0.49%;0.36%;0.00%;0.41%;0.73%
31-12-15;0.00%;-0.03%;0.05%;-0.14%;-0.64%;0.41%;0.37%;0.42%;2.01%;0.40%;-0.24%
01-01-16;0.00%;0.00%;0.00%;-0.81%;0.34%;0.11%;-0.07%;0.07%;0.00%;0.39%;0.00%
02-01-16;0.00%;0.00%;0.00%;0.00%;0.01%;0.01%;0.00%;0.00%;0.00%;0.00%;0.00%
03-01-16;0.00%;0.00%;0.00%;0.00%;0.00%;0.01%;0.00%;0.00%;0.00%;0.00%;0.00%
04-01-16;-1.40%;0.08%;0.03%;0.00%;0.00%;0.01%;0.00%;0.00%;0.00%;0.00%;-0.01%
05-01-16;0.09%;0.13%;0.12%;-0.98%;-2.43%;1.13%;0.64%;0.86%;0.00%;0.95%;-0.87%
06-01-16;-0.27%;0.13%;0.12%;-0.27%;-0.17%;-0.20%;-0.14%;0.05%;0.00%;-0.26%;-0.23%
07-01-16;-1.36%;0.17%;0.10%;-1.14%;-1.03%;0.38%;0.09%;0.07%;0.00%;0.11%;-0.67%
08-01-16;-0.04%;0.05%;0.06%;-1.36%;-2.03%;0.74%;0.53%;0.51%;0.00%;0.76%;-1.15%
09-01-16;0.00%;0.00%;0.00%;-0.95%;0.16%;0.13%;0.21%;0.04%;0.00%;0.00%;0.00%
10-01-16;0.00%;0.00%;0.00%;0.00%;0.00%;0.01%;0.00%;0.00%;0.00%;0.00%;0.00%
11-01-16;-0.42%;0.03%;0.07%;0.28%;0.28%;0.29%;0.28%;0.28%;0.00%;0.28%;-0.27%
12-01-16;-0.41%;0.11%;0.09%;0.64%;-1.39%;0.82%;0.56%;0.66%;0.00%;0.89%;0.23%
13-01-16;0.12%;0.07%;0.01%;0.33%;0.05%;0.22%;-0.26%;-0.14%;0.00%;0.07%;-0.04%
14-01-16;0.39%;-0.05%;0.04%;-1.62%;0.36%;-0.38%;-0.83%;-0.74%;0.00%;-0.51%;-0.79%
15-01-16;-1.51%;0.07%;0.07%;0.23%;-0.96%;-0.24%;-0.61%;-0.28%;0.00%;-0.08%;-0.27%
16-01-16;0.00%;0.00%;0.00%;-1.83%;-1.95%;0.21%;-0.68%;-0.39%;0.00%;0.00%;0.00%
17-01-16;0.00%;0.00%;0.00%;0.00%;0.00%;0.01%;0.00%;0.00%;0.00%;0.00%;0.00%
18-01-16;-0.30%;0.18%;0.14%;0.59%;0.59%;0.61%;0.59%;0.59%;0.00%;0.59%;-0.83%
19-01-16;0.14%;0.05%;0.07%;-0.47%;-0.83%;-0.01%;-0.23%;-0.02%;0.00%;-0.02%;-0.51%
20-01-16;-0.63%;0.01%;0.01%;-0.13%;1.00%;-0.58%;-0.50%;-0.54%;0.00%;-0.55%;0.03%
21-01-16;0.47%;0.11%;0.12%;-1.49%;-2.66%;0.55%;-0.63%;0.04%;0.00%;0.42%;-1.27%
22-01-16;1.44%;-0.02%;0.08%;0.06%;-0.97%;-0.39%;-0.19%;-0.31%;0.00%;-0.36%;-0.39%
23-01-16;0.00%;0.00%;0.00%;2.57%;3.17%;-0.05%;0.91%;0.53%;0.00%;0.00%;0.00%
24-01-16;0.00%;0.00%;0.00%;0.00%;0.00%;0.01%;0.00%;0.00%;0.00%;0.00%;0.00%
25-01-16;0.05%;-0.05%;-0.03%;-1.53%;-1.53%;-1.51%;-1.53%;-1.53%;0.00%;-1.53%;0.74%
26-01-16;0.15%;0.05%;0.08%;-0.77%;1.02%;0.36%;0.38%;0.20%;0.00%;0.26%;0.02%
27-01-16;0.12%;-0.02%;0.09%;1.33%;-0.72%;0.49%;0.50%;0.51%;0.00%;0.37%;0.45%
28-01-16;1.18%;0.11%;0.05%;-0.82%;0.53%;-0.51%;-0.31%;-0.31%;0.00%;-0.55%;-0.38%
29-01-16;2.71%;0.07%;0.05%;-0.54%;0.25%;-0.55%;-0.19%;-0.29%;0.00%;-0.63%;-0.14%
30-01-16;0.00%;0.00%;0.00%;1.91%;2.75%;0.43%;0.13%;0.38%;0.00%;0.00%;0.00%
31-01-16;0.00%;0.00%;0.00%;0.00%;0.00%;0.01%;0.00%;0.00%;0.00%;0.00%;0.00%
01-02-16;0.05%;0.19%;0.07%;-0.19%;-0.19%;-0.18%;-0.19%;-0.19%;0.00%;-0.19%;1.32%
02-02-16;-1.98%;0.08%;0.04%;0.86%;0.63%;0.47%;0.61%;0.43%;0.00%;0.57%;0.80%
03-02-16;-1.09%;0.11%;0.15%;-1.90%;-2.03%;0.09%;-0.50%;-0.23%;0.00%;-0.13%;-1.19%
04-02-16;1.83%;-0.03%;0.04%;-0.44%;-1.55%;-0.50%;-0.44%;-0.50%;0.00%;-0.58%;-0.87%
05-02-16;-0.23%;-0.03%;-0.04%;-1.02%;0.90%;-1.57%;-1.24%;-1.28%;0.00%;-1.55%;-0.69%
06-02-16;0.00%;0.00%;0.00%;-1.62%;0.02%;0.05%;-0.24%;0.07%;0.00%;0.00%;0.00%
07-02-16;0.00%;0.00%;0.00%;0.00%;0.00%;0.01%;0.00%;0.00%;0.00%;0.00%;0.00%
08-02-16;-0.12%;0.06%;0.11%;0.22%;0.22%;0.23%;0.22%;0.22%;0.00%;0.22%;-0.30%
09-02-16;-0.11%;0.26%;0.22%;-0.29%;0.64%;1.67%;0.49%;1.24%;0.00%;1.38%;-0.02%
10-02-16;0.65%;0.09%;0.07%;0.13%;0.22%;0.81%;0.57%;0.55%;0.00%;0.79%;0.05%
11-02-16;-0.63%;0.15%;0.07%;-0.68%;-0.47%;-0.54%;-0.61%;-0.67%;0.00%;-0.57%;-0.42%
12-02-16;0.47%;0.11%;0.09%;-0.89%;-2.13%;0.47%;-0.37%;0.08%;0.00%;0.30%;-1.04%
13-02-16;0.00%;0.00%;0.00%;1.19%;-0.25%;-0.44%;0.12%;-0.04%;0.00%;0.00%;0.00%
14-02-16;0.00%;0.00%;0.00%;0.00%;0.00%;0.01%;0.00%;0.00%;0.00%;0.00%;0.00%
15-02-16;0.35%;-0.06%;0.17%;-0.68%;-0.68%;-0.67%;-0.68%;-0.68%;0.00%;-0.68%;-0.11%
16-02-16;0.70%;0.17%;0.04%;0.14%;1.15%;-1.00%;-1.09%;-1.03%;0.00%;-1.03%;0.32%
17-02-16;0.64%;-0.02%;-0.07%;1.58%;1.13%;0.54%;0.96%;0.88%;0.00%;0.50%;1.01%
18-02-16;0.65%;0.02%;0.05%;1.67%;0.67%;0.01%;0.75%;0.52%;0.00%;0.07%;1.03%
19-02-16;-0.26%;0.09%;0.13%;-0.69%;0.75%;-0.37%;-0.28%;-0.36%;0.00%;-0.67%;-0.04%
20-02-16;0.00%;0.00%;0.00%;-0.34%;-0.69%;0.07%;-0.16%;0.02%;0.00%;0.00%;0.00%
21-02-16;0.00%;0.00%;0.00%;0.00%;0.00%;0.01%;0.00%;0.00%;0.00%;0.00%;0.00%
22-02-16;-0.02%;-0.09%;0.06%;0.23%;0.23%;0.24%;0.23%;0.23%;0.00%;0.23%;0.06%
23-02-16;-0.91%;0.06%;-0.17%;0.05%;-0.10%;-1.14%;-0.92%;-0.89%;0.00%;-1.23%;-0.02%
24-02-16;-0.82%;0.07%;0.22%;-1.19%;-0.70%;-0.02%;-0.05%;-0.04%;0.00%;-0.08%;-0.79%
25-02-16;0.35%;0.15%;0.05%;0.37%;-0.34%;0.90%;0.51%;0.72%;0.00%;0.75%;0.04%
26-02-16;0.47%;0.01%;0.03%;0.25%;-1.17%;-0.86%;-0.65%;-0.84%;0.00%;-1.02%;-0.32%
27-02-16;0.00%;0.00%;0.00%;0.04%;0.63%;-0.15%;0.34%;0.04%;0.00%;0.00%;0.00%
28-02-16;0.00%;0.00%;0.00%;0.00%;0.00%;0.01%;0.00%;0.00%;0.00%;0.00%;0.00%
29-02-16;0.11%;0.13%;0.06%;-0.32%;-0.32%;-0.31%;-0.32%;-0.32%;0.00%;-0.32%;0.17%
01-03-16;0.65%;0.06%;-0.09%;0.26%;0.77%;0.92%;1.08%;0.98%;0.00%;0.72%;0.26%
02-03-16;0.41%;-0.01%;0.11%;1.90%;1.78%;-0.07%;0.74%;0.31%;0.00%;0.09%;1.45%
03-03-16;1.37%;-0.02%;-0.02%;-0.10%;1.23%;-1.00%;-0.40%;-0.60%;0.00%;-0.92%;0.38%
04-03-16;0.47%;0.02%;0.07%;0.40%;1.17%;-0.14%;0.21%;0.05%;0.00%;-0.27%;0.46%
05-03-16;0.00%;0.00%;0.00%;0.61%;1.37%;-0.10%;0.71%;0.21%;0.00%;0.00%;0.00%
06-03-16;0.00%;0.00%;0.00%;0.00%;0.00%;0.01%;0.00%;0.00%;0.00%;0.00%;0.00%
07-03-16;0.04%;-0.02%;0.01%;-0.77%;-0.77%;-0.76%;-0.77%;-0.77%;0.00%;-0.77%;0.15%
08-03-16;-0.42%;0.00%;-0.03%;0.01%;0.57%;0.11%;0.28%;0.14%;0.00%;0.04%;0.07%
09-03-16;-0.30%;0.04%;0.00%;-0.81%;-0.84%;0.49%;0.03%;-0.03%;0.00%;0.05%;-0.65%
10-03-16;0.58%;0.00%;-0.07%;-0.17%;-0.53%;-0.89%;-0.58%;-0.37%;0.00%;-0.48%;-0.18%
11-03-16;0.20%;0.03%;0.09%;-0.15%;0.32%;-0.21%;0.45%;-0.01%;0.00%;-0.07%;0.16%
12-03-16;0.00%;0.00%;0.00%;1.82%;1.28%;0.02%;0.79%;0.25%;0.00%;0.00%;0.00%
13-03-16;0.00%;0.00%;0.00%;0.00%;0.00%;0.01%;0.00%;0.00%;0.00%;0.00%;0.00%
14-03-16;0.40%;0.03%;0.16%;0.70%;0.70%;0.71%;0.70%;0.70%;0.00%;0.70%;1.56%
15-03-16;-0.10%;0.08%;-0.10%;0.34%;0.58%;0.47%;0.40%;0.30%;0.00%;0.25%;0.46%
16-03-16;0.23%;0.07%;0.19%;-0.33%;-1.41%;0.15%;-0.22%;-0.08%;0.00%;0.18%;-0.24%
17-03-16;0.92%;0.09%;0.04%;0.46%;0.38%;0.48%;0.18%;0.53%;0.00%;0.31%;0.37%
18-03-16;1.54%;0.07%;0.04%;-1.03%;0.85%;-2.07%;-1.40%;-1.75%;0.00%;-2.36%;-0.85%
19-03-16;0.00%;0.00%;0.00%;0.16%;1.20%;0.23%;0.46%;0.39%;0.00%;0.00%;0.00%
20-03-16;0.00%;0.00%;0.00%;0.00%;0.00%;0.01%;0.00%;0.00%;0.00%;0.00%;0.00%
21-03-16;0.13%;0.02%;-0.01%;-0.01%;-0.01%;0.00%;-0.01%;-0.01%;0.00%;-0.01%;0.54%
22-03-16;-0.43%;-0.01%;-0.03%;0.72%;1.10%;0.75%;0.94%;0.94%;0.00%;0.82%;0.88%
23-03-16;-1.11%;0.03%;0.01%;-0.01%;0.16%;0.02%;-0.17%;-0.07%;0.00%;-0.01%;-0.11%
24-03-16;-0.32%;0.03%;0.09%;-0.78%;-1.10%;0.11%;-0.26%;-0.08%;0.00%;-0.04%;-0.50%
25-03-16;0.00%;0.00%;0.00%;0.21%;-0.18%;0.66%;0.28%;0.45%;0.00%;0.76%;0.00%
26-03-16;0.00%;0.00%;0.00%;0.09%;-0.16%;0.02%;0.00%;0.00%;0.00%;0.00%;0.00%
27-03-16;0.00%;0.00%;0.00%;0.00%;0.00%;0.01%;0.00%;0.00%;0.00%;0.00%;0.00%
28-03-16;-0.03%;0.07%;0.03%;0.00%;0.00%;0.01%;0.00%;0.00%;0.00%;0.00%;0.21%
29-03-16;0.75%;0.06%;0.05%;0.02%;-0.13%;-0.16%;-0.21%;-0.07%;0.00%;-0.22%;-0.18%
30-03-16;0.70%;-0.01%;0.01%;0.93%;0.56%;0.59%;0.26%;0.49%;0.00%;0.34%;0.73%
31-03-16;-0.15%;0.13%;-0.01%;-0.15%;1.14%;-1.20%;-0.53%;-0.97%;1.20%;-1.19%;-0.07%
01-04-16;0.23%;0.04%;0.11%;-1.07%;-0.45%;-0.70%;-0.54%;-0.50%;0.00%;0.19%;-0.69%
02-04-16;0.00%;0.00%;0.00%;-0.47%;-1.27%;0.10%;-0.07%;0.00%;0.00%;0.00%;0.00%
03-04-16;0.00%;0.00%;0.00%;0.00%;0.00%;0.01%;0.00%;0.00%;0.00%;0.00%;0.00%
04-04-16;0.05%;0.05%;0.05%;0.21%;0.21%;0.22%;0.21%;0.21%;0.00%;0.21%;-0.20%
05-04-16;-0.69%;0.01%;0.04%;-0.21%;-0.16%;-0.14%;-0.04%;-0.19%;0.00%;-0.25%;-0.11%
06-04-16;-0.77%;0.07%;0.08%;-0.56%;-0.87%;0.95%;0.55%;0.69%;0.00%;0.80%;-0.31%
07-04-16;0.12%;0.01%;0.06%;1.18%;-0.23%;0.15%;0.44%;0.29%;0.00%;0.25%;0.42%
08-04-16;0.85%;0.03%;0.08%;-0.08%;0.65%;0.78%;0.56%;0.63%;0.00%;0.61%;0.10%
09-04-16;0.00%;0.00%;0.00%;0.65%;0.93%;-0.02%;0.24%;0.07%;0.00%;0.00%;0.00%
10-04-16;0.00%;0.00%;0.00%;0.00%;0.00%;0.01%;0.00%;0.00%;0.00%;0.00%;0.00%
11-04-16;-0.09%;0.09%;-0.03%;0.24%;0.24%;0.25%;0.24%;0.24%;0.00%;0.24%;0.74%
12-04-16;0.70%;-0.06%;0.06%;-0.03%;0.84%;-0.03%;0.27%;0.20%;0.00%;-0.04%;0.18%
13-04-16;0.11%;0.00%;0.01%;-0.38%;-0.28%;-1.27%;-0.92%;-0.94%;0.00%;-1.12%;-0.31%
14-04-16;-0.14%;0.02%;0.08%;0.77%;1.02%;-0.44%;-0.07%;-0.09%;0.00%;-0.56%;0.76%
15-04-16;0.35%;0.05%;0.04%;0.00%;-0.20%;-0.41%;-0.13%;-0.11%;0.00%;-0.36%;-0.03%
16-04-16;0.00%;0.00%;0.00%;-0.09%;0.15%;0.15%;0.06%;-0.02%;0.00%;0.00%;0.00%
17-04-16;0.00%;0.00%;0.00%;0.00%;0.00%;0.01%;0.00%;0.00%;0.00%;0.00%;0.00%
18-04-16;0.08%;0.04%;0.07%;-0.27%;-0.27%;-0.26%;-0.27%;-0.27%;0.00%;-0.27%;-0.36%
19-04-16;0.58%;0.01%;0.06%;0.20%;-0.43%;-0.14%;-0.05%;-0.14%;0.00%;-0.09%;0.18%
20-04-16;-0.09%;0.01%;-0.01%;-0.18%;-0.15%;-1.24%;-0.60%;-0.87%;0.00%;-1.22%;-0.15%
21-04-16;0.11%;-0.09%;-0.03%;0.50%;-0.01%;0.38%;0.61%;0.42%;0.00%;0.38%;0.27%
22-04-16;-0.28%;-0.14%;-0.09%;-0.27%;0.50%;-0.17%;0.04%;-0.05%;0.00%;-0.01%;-0.02%
23-04-16;0.00%;0.00%;0.00%;-0.25%;-0.99%;-0.07%;-0.06%;-0.16%;0.00%;0.00%;0.00%
24-04-16;0.00%;0.00%;0.00%;0.00%;0.00%;0.01%;0.00%;0.00%;0.00%;0.00%;0.00%
25-04-16;-0.32%;0.00%;0.08%;0.97%;0.97%;0.98%;0.97%;0.97%;0.00%;0.97%;0.50%
26-04-16;-0.03%;0.04%;0.03%;0.03%;-0.48%;0.10%;0.20%;0.05%;0.00%;0.23%;-0.17%
27-04-16;0.56%;0.02%;-0.02%;0.28%;0.51%;0.07%;0.25%;0.03%;0.00%;0.10%;0.24%
28-04-16;0.91%;-0.11%;0.06%;-0.05%;-0.01%;0.04%;0.15%;0.21%;0.00%;-0.08%;0.07%
29-04-16;-0.42%;-0.07%;-0.14%;-1.25%;-0.65%;-0.59%;-0.38%;-0.44%;0.00%;-0.76%;-0.76%
30-04-16;0.00%;0.00%;0.00%;-0.38%;-0.45%;0.04%;0.21%;0.03%;0.00%;0.00%;0.00%
01-05-16;0.00%;0.00%;0.00%;0.00%;0.00%;0.01%;0.00%;0.00%;0.00%;0.00%;0.00%
02-05-16;0.13%;-0.01%;0.02%;-0.61%;-0.61%;-0.60%;-0.61%;-0.61%;0.00%;-0.61%;-0.65%
03-05-16;-0.04%;0.06%;0.07%;0.54%;-0.30%;0.21%;0.24%;0.18%;0.00%;0.23%;0.22%
04-05-16;0.12%;0.03%;0.08%;0.04%;-0.69%;1.35%;0.83%;0.93%;0.00%;1.06%;0.03%
05-05-16;0.19%;0.08%;0.03%;-0.50%;-0.54%;0.39%;0.11%;0.23%;0.00%;0.37%;-0.12%
06-05-16;-0.23%;-0.03%;-0.07%;-0.58%;-0.94%;-0.31%;-0.56%;-0.34%;0.00%;-0.44%;-0.38%
07-05-16;0.00%;0.00%;0.00%;0.14%;-0.51%;0.04%;-0.17%;0.04%;0.00%;0.00%;0.00%
08-05-16;0.00%;0.00%;0.00%;0.00%;0.00%;0.01%;0.00%;0.00%;0.00%;0.00%;0.00%
09-05-16;-0.36%;0.05%;0.13%;-0.08%;-0.08%;-0.07%;-0.08%;-0.08%;0.00%;-0.08%;-0.12%
10-05-16;0.41%;-0.02%;-0.02%;0.60%;0.07%;0.67%;0.54%;0.62%;0.00%;0.61%;0.42%
11-05-16;-0.25%;-0.01%;0.04%;2.11%;1.68%;0.94%;1.11%;1.08%;0.00%;0.92%;1.26%
12-05-16;0.36%;-0.10%;0.06%;-0.32%;0.32%;0.27%;0.44%;0.38%;0.00%;0.19%;0.02%
13-05-16;-0.30%;-0.01%;-0.08%;0.42%;0.44%;0.48%;0.67%;0.72%;0.00%;0.60%;0.37%
14-05-16;0.00%;0.00%;0.00%;-0.84%;-1.32%;0.13%;-0.17%;0.12%;0.00%;0.00%;0.00%
15-05-16;0.00%;0.00%;0.00%;0.00%;0.00%;0.01%;0.00%;0.00%;0.00%;0.00%;0.00%
16-05-16;-0.21%;-0.03%;0.10%;0.99%;0.99%;1.00%;0.99%;0.99%;0.00%;0.99%;0.21%
17-05-16;-0.36%;-0.10%;0.07%;1.24%;0.63%;0.35%;0.66%;0.44%;0.00%;0.46%;0.65%
18-05-16;-0.21%;-0.01%;-0.01%;-0.35%;0.57%;0.08%;0.17%;0.06%;0.00%;0.04%;-0.05%
19-05-16;-0.63%;-0.10%;0.02%;-0.23%;-1.13%;-0.55%;-0.34%;-0.62%;0.00%;-0.21%;-0.51%
20-05-16;0.09%;-0.04%;0.00%;0.01%;-0.75%;0.88%;0.33%;0.48%;0.00%;0.81%;0.04%
21-05-16;0.00%;0.00%;0.00%;0.76%;0.45%;0.03%;0.20%;0.07%;0.00%;0.00%;0.00%
22-05-16;0.00%;0.00%;0.00%;0.00%;0.00%;0.01%;0.00%;0.00%;0.00%;0.00%;0.00%
23-05-16;0.23%;0.00%;0.10%;-0.69%;-0.69%;-0.68%;-0.69%;-0.69%;0.00%;-0.69%;-0.09%
24-05-16;0.32%;0.06%;0.09%;0.01%;0.72%;0.27%;0.27%;0.21%;0.00%;0.25%;0.09%
25-05-16;0.07%;-0.01%;0.06%;1.00%;-0.25%;-0.14%;0.01%;-0.11%;0.00%;-0.15%;0.37%
26-05-16;-0.10%;0.02%;0.02%;0.79%;1.39%;-0.03%;0.16%;0.02%;0.00%;-0.09%;0.67%
27-05-16;-0.14%;0.01%;0.03%;-0.50%;-0.30%;-0.52%;-0.57%;-0.60%;0.00%;-0.71%;-0.35%
28-05-16;0.00%;0.00%;0.00%;0.25%;0.67%;-0.01%;-0.07%;0.01%;0.00%;0.00%;0.00%
29-05-16;0.00%;0.00%;0.00%;0.00%;0.00%;0.01%;0.00%;0.00%;0.00%;0.00%;0.00%
30-05-16;0.00%;0.07%;-0.02%;0.01%;0.01%;0.02%;0.01%;0.01%;0.00%;0.01%;0.35%
31-05-16;-0.33%;-0.07%;0.16%;0.46%;0.36%;0.41%;0.41%;0.41%;0.00%;0.41%;0.39%
01-06-16;-0.27%;-0.04%;-0.10%;-0.19%;-0.08%;0.00%;0.03%;-0.07%;0.00%;-0.07%;-0.09%
02-06-16;-0.20%;0.11%;0.10%;0.45%;0.52%;0.58%;0.48%;0.60%;0.00%;0.55%;0.40%
03-06-16;0.81%;0.01%;-0.02%;-0.25%;-0.03%;-0.20%;-0.18%;-0.12%;0.00%;-0.32%;-0.10%
04-06-16;0.00%;0.00%;0.00%;0.29%;0.86%;0.34%;0.44%;0.40%;0.00%;0.00%;0.00%
05-06-16;0.00%;0.00%;0.00%;0.00%;0.00%;0.01%;0.00%;0.00%;0.00%;0.00%;0.00%
06-06-16;0.77%;-0.11%;0.08%;-1.18%;-1.18%;-1.17%;-1.18%;-1.18%;0.00%;-1.18%;-0.49%
07-06-16;0.77%;-0.04%;0.02%;0.07%;0.48%;-0.41%;0.00%;-0.07%;0.00%;-0.40%;0.13%
08-06-16;0.11%;-0.03%;0.06%;0.37%;1.44%;0.02%;0.22%;0.11%;0.00%;-0.10%;0.49%
09-06-16;-0.70%;0.02%;0.00%;-0.69%;-0.19%;-0.93%;-0.61%;-0.73%;0.00%;-0.99%;-0.42%
10-06-16;-0.48%;0.02%;0.02%;0.13%;0.12%;0.90%;0.60%;0.69%;0.00%;0.75%;0.08%
11-06-16;0.00%;0.00%;0.00%;-1.40%;-1.57%;0.15%;-0.23%;-0.13%;0.00%;0.00%;0.00%
12-06-16;0.00%;0.00%;0.00%;0.00%;0.00%;0.01%;0.00%;0.00%;0.00%;0.00%;0.00%
13-06-16;-0.37%;-0.03%;0.08%;0.81%;0.81%;0.82%;0.81%;0.81%;0.00%;0.81%;-0.44%
14-06-16;0.01%;0.02%;0.01%;-0.98%;-1.55%;0.22%;-0.01%;0.03%;0.00%;0.19%;-0.74%
15-06-16;0.41%;0.04%;0.05%;-0.44%;-0.30%;0.53%;-0.14%;0.21%;0.00%;0.49%;-0.16%
16-06-16;0.10%;0.07%;0.04%;-0.15%;0.28%;-0.23%;-0.26%;-0.24%;0.00%;-0.36%;-0.01%
17-06-16;0.24%;0.03%;0.05%;0.23%;-0.41%;0.69%;0.17%;0.62%;0.00%;0.57%;0.14%
18-06-16;0.00%;0.00%;0.00%;0.47%;0.80%;-0.25%;0.36%;0.03%;0.00%;0.00%;0.00%
19-06-16;0.00%;0.00%;0.00%;0.00%;0.00%;0.01%;0.00%;0.00%;0.00%;0.00%;0.00%
20-06-16;0.09%;-0.06%;-0.01%;-0.61%;-0.61%;-0.60%;-0.61%;-0.61%;0.00%;-0.61%;-0.13%
21-06-16;0.23%;-0.11%;-0.06%;0.87%;1.00%;-0.98%;-0.11%;-0.54%;0.00%;-0.86%;0.30%
22-06-16;0.09%;0.00%;0.00%;-0.27%;-0.03%;-0.62%;-0.59%;-0.53%;0.00%;-0.56%;-0.21%
23-06-16;0.62%;-0.01%;0.03%;-0.53%;0.10%;-0.46%;-0.28%;-0.32%;0.00%;-0.48%;-0.15%
24-06-16;-1.35%;0.07%;0.05%;0.99%;0.31%;-0.51%;0.00%;-0.20%;0.00%;-0.43%;0.15%
25-06-16;0.00%;0.00%;0.00%;-5.03%;-3.59%;0.56%;-1.30%;-0.27%;0.00%;0.00%;0.00%
26-06-16;0.00%;0.00%;0.00%;0.00%;0.00%;0.01%;0.00%;0.00%;0.00%;0.00%;0.00%
27-06-16;0.00%;0.00%;0.00%;0.00%;0.00%;0.01%;0.00%;0.00%;0.00%;0.00%;0.00%
28-06-16;-0.63%;0.13%;0.11%;-0.80%;0.25%;1.98%;0.70%;1.63%;0.00%;1.53%;-2.10%
29-06-16;0.93%;0.11%;0.03%;0.86%;0.45%;-0.72%;-0.58%;-0.49%;0.00%;-0.89%;-0.14%
30-06-16;0.40%;0.13%;0.14%;0.29%;0.26%;-1.84%;-1.20%;-1.27%;2.91%;-1.90%;-0.18%
01-07-16;0.76%;0.17%;0.09%;1.13%;1.49%;0.03%;0.22%;0.14%;0.00%;2.22%;0.77%
02-07-16;0.00%;0.00%;0.00%;0.43%;0.62%;0.24%;0.43%;0.42%;0.00%;0.00%;0.00%
03-07-16;0.00%;0.00%;0.00%;0.00%;0.00%;0.01%;0.00%;0.00%;0.00%;0.00%;0.00%
04-07-16;-0.02%;0.11%;0.13%;-0.26%;-0.26%;-0.25%;-0.26%;-0.26%;0.00%;-0.26%;0.38%
05-07-16;-0.23%;0.07%;0.07%;-0.02%;0.44%;-0.01%;-0.02%;-0.06%;0.00%;-0.06%;0.10%
06-07-16;-0.45%;0.11%;0.07%;-0.62%;-1.07%;0.64%;0.34%;0.70%;0.00%;0.31%;-0.51%
07-07-16;0.11%;-0.02%;0.06%;0.21%;-1.02%;0.48%;0.40%;0.44%;0.00%;0.49%;0.19%
08-07-16;0.70%;0.11%;0.10%;0.13%;0.91%;-0.05%;0.15%;0.06%;0.00%;-0.07%;0.01%
09-07-16;0.00%;0.00%;0.00%;1.11%;0.23%;0.14%;0.31%;0.28%;0.00%;0.00%;0.00%
10-07-16;0.00%;0.00%;0.00%;0.00%;0.00%;0.01%;0.00%;0.00%;0.00%;0.00%;0.00%
11-07-16;0.23%;0.14%;0.17%;-0.39%;-0.39%;-0.38%;-0.39%;-0.39%;0.00%;-0.39%;0.37%
12-07-16;0.58%;0.02%;0.02%;0.28%;1.61%;-0.66%;-0.03%;-0.28%;0.00%;-0.55%;0.35%
13-07-16;-0.28%;-0.03%;0.06%;0.86%;0.89%;-0.24%;0.51%;-0.05%;0.00%;0.00%;0.89%
14-07-16;0.58%;-0.04%;0.06%;0.28%;0.34%;0.28%;0.17%;0.19%;0.00%;0.06%;-0.06%
15-07-16;0.53%;0.05%;0.05%;-0.59%;0.01%;-1.31%;-0.94%;-1.19%;0.00%;-1.11%;-0.36%
16-07-16;0.00%;0.00%;0.00%;-0.16%;0.26%;-0.27%;-0.03%;-0.11%;0.00%;0.00%;0.00%
17-07-16;0.00%;0.00%;0.00%;0.00%;0.00%;0.01%;0.00%;0.00%;0.00%;0.00%;0.00%
18-07-16;0.28%;0.08%;0.10%;-0.05%;-0.05%;-0.04%;-0.05%;-0.05%;0.00%;-0.05%;-0.10%
19-07-16;0.57%;0.02%;0.02%;0.24%;0.31%;0.12%;0.08%;0.02%;0.00%;0.04%;0.33%
20-07-16;-0.63%;0.02%;0.06%;-0.20%;-0.08%;0.19%;0.07%;0.24%;0.00%;0.11%;0.07%
21-07-16;0.34%;0.03%;0.05%;0.49%;0.29%;-0.08%;0.04%;-0.09%;0.00%;-0.02%;0.33%
22-07-16;0.53%;-0.02%;0.02%;-0.32%;-0.14%;-0.23%;-0.14%;-0.26%;0.00%;-0.21%;-0.24%
23-07-16;0.00%;0.00%;0.00%;0.09%;-0.21%;0.06%;0.01%;0.08%;0.00%;0.00%;0.00%
24-07-16;0.00%;0.00%;0.00%;0.00%;0.00%;0.01%;0.00%;0.00%;0.00%;0.00%;0.00%
25-07-16;0.02%;-0.12%;0.02%;0.11%;0.11%;0.12%;0.11%;0.11%;0.00%;0.11%;0.25%
26-07-16;0.11%;-0.16%;-0.11%;0.67%;0.83%;0.90%;0.88%;0.82%;0.00%;0.85%;0.56%
27-07-16;0.03%;-0.04%;0.04%;0.84%;0.91%;0.72%;0.56%;0.52%;0.00%;0.72%;0.73%
28-07-16;-0.12%;0.03%;0.04%;0.62%;0.97%;0.87%;0.59%;0.69%;0.00%;0.59%;0.49%
29-07-16;-0.45%;0.20%;0.07%;0.08%;0.17%;0.04%;0.12%;0.07%;0.00%;0.00%;0.06%
30-07-16;0.00%;0.00%;0.00%;0.83%;-0.22%;0.12%;0.14%;0.16%;0.00%;0.00%;0.00%
31-07-16;0.00%;0.00%;0.00%;0.00%;0.00%;0.01%;0.00%;0.00%;0.00%;0.00%;0.00%
01-08-16;-0.05%;0.20%;0.15%;-1.21%;-1.21%;-1.20%;-1.21%;-1.21%;0.00%;-1.21%;-0.68%
02-08-16;-0.63%;0.07%;0.06%;-0.16%;1.12%;-0.08%;0.07%;0.04%;0.00%;0.08%;0.06%
03-08-16;0.21%;0.04%;0.03%;-1.06%;-1.06%;-0.70%;-0.50%;-0.57%;0.00%;-0.41%;-0.79%
04-08-16;0.40%;0.09%;0.02%;0.21%;-0.61%;0.38%;0.29%;0.32%;0.00%;0.37%;0.11%
05-08-16;0.07%;0.09%;0.06%;0.29%;0.94%;0.29%;0.22%;0.38%;0.00%;0.02%;0.25%
06-08-16;0.00%;0.00%;0.00%;0.53%;1.09%;-0.11%;0.17%;0.08%;0.00%;0.00%;0.00%
07-08-16;0.00%;0.00%;0.00%;0.00%;0.00%;0.01%;0.00%;0.00%;0.00%;0.00%;0.00%
08-08-16;0.39%;0.04%;0.12%;-0.06%;-0.06%;-0.05%;-0.06%;-0.06%;0.00%;-0.06%;0.56%
09-08-16;0.22%;0.11%;0.09%;-0.14%;0.79%;-0.32%;-0.07%;-0.11%;0.00%;-0.33%;0.04%
10-08-16;-0.31%;0.17%;0.11%;0.24%;0.22%;-0.06%;0.05%;-0.03%;0.00%;-0.26%;0.08%
11-08-16;0.37%;0.17%;0.14%;-0.62%;-0.22%;-0.33%;-0.34%;-0.32%;0.00%;-0.58%;-0.34%
12-08-16;0.26%;0.31%;0.21%;-0.11%;-0.11%;-0.76%;-0.58%;-0.75%;0.00%;-0.63%;-0.22%
13-08-16;0.00%;0.00%;0.00%;0.03%;0.28%;0.14%;0.11%;0.26%;0.00%;0.00%;0.00%
14-08-16;0.00%;0.00%;0.00%;0.00%;0.00%;0.01%;0.00%;0.00%;0.00%;0.00%;0.00%
15-08-16;0.00%;0.00%;0.00%;0.00%;0.00%;0.01%;0.00%;0.00%;0.00%;0.00%;0.00%
16-08-16;0.27%;0.34%;0.28%;0.68%;1.14%;0.36%;0.67%;0.67%;0.00%;0.48%;0.66%
17-08-16;-0.86%;0.02%;0.16%;-0.37%;0.08%;-0.01%;0.36%;0.19%;0.00%;0.11%;-0.01%
18-08-16;0.22%;-0.07%;0.02%;1.35%;0.64%;1.36%;1.36%;1.30%;0.00%;1.29%;0.52%
19-08-16;0.05%;-0.08%;0.05%;0.09%;0.54%;-0.07%;-0.01%;-0.02%;0.00%;-0.21%;0.09%
20-08-16;0.00%;0.00%;0.00%;-0.28%;-0.66%;-0.14%;-0.03%;-0.12%;0.00%;0.00%;0.00%
21-08-16;0.00%;0.00%;0.00%;0.00%;0.00%;0.01%;0.00%;0.00%;0.00%;0.00%;0.00%
22-08-16;0.34%;-0.05%;0.02%;0.74%;0.74%;0.75%;0.74%;0.74%;0.00%;0.74%;0.38%
23-08-16;0.29%;0.07%;0.09%;1.00%;0.29%;1.11%;1.03%;0.97%;0.00%;0.96%;0.60%
24-08-16;-0.20%;0.07%;0.10%;0.53%;0.45%;0.28%;0.27%;0.27%;0.00%;0.19%;0.48%
25-08-16;-0.03%;0.08%;0.05%;0.02%;-0.63%;0.40%;0.37%;0.35%;0.00%;0.44%;0.15%
26-08-16;-0.22%;0.06%;0.09%;-1.05%;-0.68%;-0.87%;-0.82%;-0.96%;0.00%;-0.83%;-0.69%
27-08-16;0.00%;0.00%;0.00%;-0.07%;0.37%;-0.09%;0.06%;-0.01%;0.00%;0.00%;0.00%
28-08-16;0.00%;0.00%;0.00%;0.00%;0.00%;0.01%;0.00%;0.00%;0.00%;0.00%;0.00%
29-08-16;0.29%;0.08%;0.13%;-0.45%;-0.45%;-0.44%;-0.45%;-0.45%;0.00%;-0.45%;-0.52%
30-08-16;-0.26%;-0.01%;0.07%;1.24%;0.66%;1.40%;1.33%;1.48%;0.00%;1.26%;1.06%
31-08-16;-0.53%;0.03%;0.09%;0.17%;0.61%;0.26%;0.15%;0.29%;0.00%;0.28%;0.28%
01-09-16;0.10%;-0.03%;0.10%;0.57%;0.23%;0.74%;0.72%;0.68%;0.00%;0.80%;0.49%
02-09-16;0.46%;0.09%;0.07%;0.49%;-0.01%;0.17%;0.30%;0.08%;0.00%;0.25%;0.17%
03-09-16;0.00%;0.00%;0.00%;0.64%;0.99%;-0.17%;0.06%;0.05%;0.00%;0.00%;0.00%
04-09-16;0.00%;0.00%;0.00%;0.00%;0.00%;0.01%;0.00%;0.00%;0.00%;0.00%;0.00%
05-09-16;-0.23%;0.09%;0.13%;-0.72%;-0.72%;-0.71%;-0.72%;-0.72%;0.00%;-0.72%;-0.12%
06-09-16;0.12%;0.13%;0.14%;-0.11%;0.84%;-0.20%;-0.28%;-0.27%;0.00%;-0.27%;0.02%
07-09-16;-0.40%;0.11%;0.14%;-0.12%;0.90%;-0.36%;-0.21%;-0.18%;0.00%;-0.61%;0.08%
08-09-16;-0.16%;0.12%;0.16%;-1.18%;-0.99%;-1.13%;-1.13%;-1.03%;0.00%;-1.28%;-0.83%
09-09-16;-0.29%;-0.03%;0.08%;-0.02%;0.30%;-0.22%;0.24%;0.05%;0.00%;0.15%;0.09%
10-09-16;0.00%;0.00%;0.00%;-2.11%;-1.95%;-0.38%;-0.50%;-0.56%;0.00%;0.00%;0.00%
11-09-16;0.00%;0.00%;0.00%;0.00%;0.00%;0.01%;0.00%;0.00%;0.00%;0.00%;0.00%
12-09-16;-0.57%;-0.16%;-0.08%;1.30%;1.30%;1.31%;1.30%;1.30%;0.00%;1.30%;-0.25%
13-09-16;-0.04%;-0.10%;0.05%;0.99%;-1.68%;0.47%;0.31%;0.31%;0.00%;0.53%;0.03%
14-09-16;-0.05%;-0.07%;-0.01%;-1.39%;-0.56%;-0.33%;-0.40%;-0.45%;0.00%;-0.18%;-0.73%
15-09-16;0.10%;0.02%;-0.01%;0.16%;0.21%;0.38%;0.17%;0.03%;0.00%;0.29%;0.14%
16-09-16;-0.39%;0.03%;0.09%;0.20%;-0.09%;-0.55%;-0.53%;-0.54%;0.00%;-0.53%;-0.05%
17-09-16;0.00%;0.00%;0.00%;-0.50%;-0.40%;0.06%;-0.19%;-0.11%;0.00%;0.00%;0.00%
18-09-16;0.00%;0.00%;0.00%;0.00%;0.00%;0.01%;0.00%;0.00%;0.00%;0.00%;0.00%
19-09-16;0.00%;0.00%;0.00%;0.49%;0.49%;0.50%;0.49%;0.49%;0.00%;0.49%;0.00%
20-09-16;0.33%;0.11%;0.05%;0.40%;1.38%;0.02%;0.14%;0.12%;0.00%;0.00%;0.36%
21-09-16;0.28%;-0.05%;-0.03%;-0.28%;-0.16%;-0.11%;-0.29%;-0.19%;0.00%;-0.29%;-0.11%
22-09-16;0.56%;0.18%;0.14%;0.21%;-0.11%;-0.86%;-0.83%;-0.76%;0.00%;-0.87%;0.14%
23-09-16;-0.11%;0.12%;0.17%;-0.35%;0.23%;-1.11%;-0.63%;-0.51%;0.00%;-1.45%;-0.34%
24-09-16;0.00%;0.00%;0.00%;-0.63%;-0.37%;0.07%;0.02%;-0.02%;0.00%;0.00%;0.00%
25-09-16;0.00%;0.00%;0.00%;0.00%;0.00%;0.01%;0.00%;0.00%;0.00%;0.00%;0.00%
26-09-16;-0.09%;0.03%;0.10%;0.36%;0.36%;0.37%;0.36%;0.36%;0.00%;0.36%;0.07%
27-09-16;-0.73%;0.08%;0.14%;-0.46%;-0.92%;0.53%;0.38%;0.20%;0.00%;0.40%;-0.33%
28-09-16;0.29%;0.13%;0.08%;0.24%;0.57%;0.08%;-0.18%;0.06%;0.00%;-0.06%;0.11%
29-09-16;-0.26%;0.06%;0.09%;0.46%;0.17%;0.10%;0.18%;0.17%;0.00%;0.05%;0.33%
30-09-16;-0.80%;0.00%;0.01%;-0.82%;-0.34%;-0.51%;-0.28%;-0.55%;4.20%;-0.48%;-0.73%
01-10-16;0.00%;0.00%;0.00%;0.34%;-1.09%;-0.13%;0.08%;-0.06%;0.00%;3.39%;0.00%
02-10-16;0.00%;0.00%;0.00%;0.00%;0.00%;0.01%;0.00%;0.00%;0.00%;0.00%;0.00%
03-10-16;0.49%;-0.03%;0.01%;-0.16%;-0.16%;-0.15%;-0.16%;-0.16%;0.00%;-0.16%;-0.27%
04-10-16;0.54%;-0.06%;0.03%;-0.07%;1.00%;0.05%;0.20%;0.22%;0.00%;0.09%;0.27%
05-10-16;0.50%;-0.15%;0.08%;0.27%;1.00%;0.40%;0.54%;0.42%;0.00%;0.56%;0.59%
06-10-16;-0.14%;-0.09%;0.12%;0.60%;0.36%;0.15%;0.47%;0.31%;0.00%;0.39%;0.53%
07-10-16;-0.04%;0.08%;0.01%;0.16%;0.51%;0.24%;0.29%;0.26%;0.00%;0.32%;0.20%
08-10-16;0.00%;0.00%;0.00%;-0.35%;-0.24%;-0.05%;-0.07%;-0.08%;0.00%;0.00%;0.00%
09-10-16;0.00%;0.00%;0.00%;0.00%;0.00%;0.01%;0.00%;0.00%;0.00%;0.00%;0.00%
10-10-16;0.00%;0.00%;0.00%;0.14%;0.14%;0.15%;0.14%;0.14%;0.00%;0.14%;0.00%
11-10-16;1.20%;0.11%;0.01%;0.40%;0.42%;-0.04%;-0.03%;0.00%;0.00%;0.00%;0.13%
12-10-16;0.18%;0.04%;-0.02%;-1.18%;-1.51%;-0.10%;-0.20%;-0.14%;0.00%;-0.07%;-0.53%
13-10-16;0.28%;-0.01%;0.00%;-0.32%;-0.35%;-0.12%;-0.15%;-0.14%;0.00%;-0.04%;-0.11%
14-10-16;0.43%;-0.10%;-0.06%;0.20%;-0.80%;0.73%;0.52%;0.63%;0.00%;0.55%;0.11%
15-10-16;0.00%;0.00%;0.00%;0.24%;0.71%;-0.15%;0.03%;-0.12%;0.00%;0.00%;0.00%
16-10-16;0.00%;0.00%;0.00%;0.00%;0.00%;0.01%;0.00%;0.00%;0.00%;0.00%;0.00%
17-10-16;0.25%;-0.15%;-0.06%;-0.08%;-0.08%;-0.07%;-0.08%;-0.08%;0.00%;-0.08%;0.25%
18-10-16;1.06%;-0.07%;-0.10%;-0.31%;-0.22%;0.11%;0.01%;0.00%;0.00%;0.04%;-0.04%
19-10-16;1.05%;0.15%;0.00%;0.46%;1.21%;-0.23%;-0.24%;-0.31%;0.00%;-0.32%;0.38%
20-10-16;-0.39%;0.18%;0.03%;0.18%;0.37%;-0.11%;0.02%;-0.02%;0.00%;-0.16%;0.32%
21-10-16;0.51%;0.00%;-0.03%;-0.25%;-0.10%;-0.02%;0.03%;0.15%;0.00%;-0.10%;-0.01%
22-10-16;0.00%;0.00%;0.00%;-0.17%;-0.23%;0.02%;-0.03%;0.07%;0.00%;0.00%;0.00%
23-10-16;0.00%;0.00%;0.00%;0.00%;0.00%;0.01%;0.00%;0.00%;0.00%;0.00%;0.00%
24-10-16;0.38%;0.02%;-0.20%;0.05%;0.05%;0.06%;0.05%;0.05%;0.00%;0.05%;-0.08%
25-10-16;0.77%;-0.02%;-0.10%;-0.71%;-0.23%;-1.06%;-0.84%;-0.90%;0.00%;-1.01%;-0.32%
26-10-16;-0.35%;0.00%;0.00%;-1.27%;-0.99%;-0.93%;-0.98%;-0.95%;0.00%;-0.97%;-0.68%
27-10-16;0.18%;-0.12%;-0.09%;-0.13%;-0.89%;-0.26%;-0.19%;-0.35%;0.00%;-0.06%;-0.35%
28-10-16;-0.25%;-0.27%;-0.10%;-0.60%;-0.88%;-0.57%;-0.55%;-0.63%;0.00%;-0.30%;-0.53%
29-10-16;0.00%;0.00%;0.00%;-0.21%;-0.20%;-0.05%;-0.18%;-0.20%;0.00%;0.00%;0.00%
30-10-16;0.00%;0.00%;0.00%;0.00%;0.00%;0.01%;0.00%;0.00%;0.00%;0.00%;0.00%
31-10-16;0.00%;0.03%;0.04%;0.00%;0.00%;0.01%;0.00%;0.00%;0.00%;0.00%;0.00%
01-11-16;0.00%;0.00%;0.00%;0.00%;0.18%;0.09%;-0.07%;0.06%;0.00%;0.00%;0.00%
02-11-16;-0.55%;-0.26%;-0.16%;-0.48%;-0.34%;-0.12%;-0.30%;-0.18%;0.00%;-0.07%;-0.44%
03-11-16;-0.46%;-0.03%;-0.08%;-0.29%;-1.02%;0.54%;0.27%;0.25%;0.00%;0.36%;-0.33%
04-11-16;-0.64%;0.19%;-0.04%;-0.76%;-1.03%;-0.50%;-0.46%;-0.44%;0.00%;-0.43%;-0.67%
05-11-16;0.00%;0.00%;0.00%;-0.41%;-0.54%;0.13%;-0.02%;0.02%;0.00%;0.00%;0.00%
06-11-16;0.00%;0.00%;0.00%;0.00%;0.00%;0.01%;0.00%;0.00%;0.00%;0.00%;0.00%
07-11-16;0.77%;0.13%;0.04%;0.64%;0.64%;0.64%;0.64%;0.64%;0.00%;0.64%;0.06%
08-11-16;1.07%;0.14%;0.10%;1.49%;1.62%;-0.13%;0.18%;0.17%;0.00%;-0.03%;0.97%
09-11-16;-0.19%;-0.13%;-0.12%;-0.13%;0.34%;-0.61%;-0.39%;-0.31%;0.00%;-0.51%;0.03%
10-11-16;-1.65%;-0.51%;-0.24%;0.23%;-2.55%;-0.48%;-0.52%;-1.03%;0.00%;-0.06%;-0.40%
11-11-16;-1.34%;-0.79%;-0.73%;1.13%;0.32%;0.38%;0.23%;-0.15%;0.00%;0.83%;0.48%
12-11-16;0.00%;0.00%;0.00%;-0.25%;-3.08%;-0.13%;-0.07%;0.00%;0.00%;0.00%;0.00%
13-11-16;0.00%;0.00%;0.00%;0.00%;0.00%;0.01%;0.00%;0.00%;0.00%;0.00%;0.00%
14-11-16;-0.99%;-1.05%;-0.80%;1.04%;1.04%;1.05%;1.04%;1.04%;0.00%;1.04%;-0.43%
15-11-16;1.04%;-0.41%;-0.81%;0.50%;-0.44%;0.32%;-0.62%;-1.19%;0.00%;0.76%;0.02%
16-11-16;0.55%;0.61%;0.43%;0.67%;0.40%;0.22%;0.65%;0.82%;0.00%;0.10%;0.16%
17-11-16;0.11%;0.15%;0.11%;0.83%;1.70%;0.99%;0.99%;1.11%;0.00%;1.02%;0.84%
18-11-16;-0.02%;0.04%;0.17%;0.30%;-0.20%;-0.27%;-0.08%;-0.19%;0.00%;-0.21%;-0.01%
19-11-16;0.00%;0.00%;0.00%;-0.56%;-0.31%;-0.25%;-0.34%;-0.42%;0.00%;0.00%;0.00%
20-11-16;0.00%;0.00%;0.00%;0.00%;0.00%;0.01%;0.00%;0.00%;0.00%;0.00%;0.00%
21-11-16;0.98%;-0.13%;-0.04%;0.58%;0.58%;0.58%;0.58%;0.58%;0.00%;0.58%;0.24%
22-11-16;-0.52%;-0.07%;-0.03%;0.35%;-0.09%;-0.38%;-0.18%;-0.33%;0.00%;-0.43%;-0.03%
23-11-16;0.17%;-0.05%;0.03%;0.00%;1.03%;-0.05%;0.02%;-0.05%;0.00%;-0.15%;0.21%
24-11-16;-0.53%;-0.11%;-0.06%;0.53%;0.55%;0.53%;0.59%;0.58%;0.00%;0.72%;0.33%
25-11-16;0.33%;-0.06%;-0.16%;-0.03%;-0.70%;-0.23%;-0.18%;-0.25%;0.00%;-0.25%;-0.28%
26-11-16;0.00%;0.00%;0.00%;0.44%;0.44%;0.01%;0.05%;-0.06%;0.00%;0.00%;0.00%
27-11-16;0.00%;0.00%;0.00%;0.00%;0.00%;0.01%;0.00%;0.00%;0.00%;0.00%;0.00%
28-11-16;-0.14%;-0.07%;0.00%;0.07%;0.07%;0.08%;0.07%;0.07%;0.00%;0.07%;0.25%
29-11-16;-0.60%;0.26%;0.05%;-0.76%;0.55%;-0.05%;-0.20%;-0.10%;0.00%;-0.31%;-0.23%
30-11-16;0.72%;0.18%;0.20%;0.09%;-0.61%;0.03%;-0.04%;-0.04%;0.00%;-0.06%;-0.06%
01-12-16;-0.23%;0.10%;0.02%;-0.47%;0.23%;-0.44%;-0.21%;-0.35%;0.00%;-0.29%;-0.03%
02-12-16;0.09%;0.10%;-0.03%;-0.02%;-0.33%;-0.14%;0.11%;-0.20%;0.00%;0.18%;-0.06%
03-12-16;0.00%;0.00%;0.00%;0.02%;-0.62%;0.24%;0.15%;0.10%;0.00%;0.00%;0.00%
04-12-16;0.00%;0.00%;0.00%;0.00%;0.00%;0.01%;0.00%;0.00%;0.00%;0.00%;0.00%
05-12-16;0.05%;0.21%;0.16%;-0.32%;-0.32%;-0.32%;-0.32%;-0.32%;0.00%;-0.32%;-0.52%
06-12-16;0.13%;0.12%;0.08%;-0.01%;-0.44%;-0.57%;-0.25%;-0.31%;0.00%;-0.55%;-0.02%
07-12-16;0.22%;0.12%;0.06%;-0.46%;-0.15%;-1.08%;-0.69%;-0.79%;0.00%;-1.03%;-0.40%
08-12-16;0.00%;0.00%;0.00%;0.34%;-0.20%;-0.70%;-0.49%;-0.48%;0.00%;-0.91%;0.00%
09-12-16;1.16%;0.15%;0.14%;0.21%;1.34%;-0.16%;-0.11%;-0.01%;0.00%;0.00%;0.39%
10-12-16;0.00%;0.00%;0.00%;0.41%;-0.17%;-0.21%;0.02%;-0.13%;0.00%;0.00%;0.00%
11-12-16;0.00%;0.00%;0.00%;0.00%;0.00%;0.01%;0.00%;0.00%;0.00%;0.00%;0.00%
12-12-16;-0.52%;-0.09%;-0.06%;-0.38%;-0.38%;-0.38%;-0.38%;-0.38%;0.00%;-0.38%;-0.09%
13-12-16;0.54%;0.05%;-0.05%;-0.63%;-1.28%;-0.79%;-0.41%;-0.67%;0.00%;-0.64%;-0.72%
14-12-16;-0.90%;0.31%;0.28%;0.92%;0.70%;0.26%;0.35%;0.25%;0.00%;0.13%;0.45%
15-12-16;-0.12%;0.15%;0.21%;0.14%;0.21%;0.79%;0.78%;0.71%;0.00%;0.72%;0.11%
16-12-16;-0.25%;-0.13%;-0.02%;0.80%;-0.30%;1.03%;0.60%;0.87%;0.00%;1.33%;0.48%
17-12-16;0.00%;0.00%;0.00%;0.01%;-0.26%;0.06%;0.01%;0.06%;0.00%;0.00%;0.00%
18-12-16;0.00%;0.00%;0.00%;0.00%;0.00%;0.01%;0.00%;0.00%;0.00%;0.00%;0.00%
19-12-16;-0.22%;0.07%;0.14%;0.97%;0.97%;0.98%;0.97%;0.97%;0.00%;0.97%;0.67%
20-12-16;-0.20%;0.06%;0.17%;1.27%;0.41%;1.33%;1.20%;1.27%;0.00%;1.03%;0.66%
21-12-16;-0.87%;0.05%;0.17%;0.00%;-0.13%;-0.17%;-0.18%;-0.11%;0.00%;-0.15%;-0.12%
22-12-16;-0.74%;0.07%;0.17%;-0.64%;-0.59%;-0.42%;-0.38%;-0.38%;0.00%;-0.57%;-0.54%
23-12-16;-1.58%;-0.01%;0.11%;0.28%;-0.59%;0.39%;0.48%;0.42%;0.00%;0.40%;-0.02%
24-12-16;0.00%;0.00%;0.00%;0.08%;-0.09%;0.09%;0.08%;0.05%;0.00%;0.00%;0.00%
25-12-16;0.00%;0.00%;0.00%;0.00%;0.00%;0.01%;0.00%;0.00%;0.00%;0.00%;0.00%
26-12-16;0.04%;0.09%;0.01%;-0.22%;-0.22%;-0.21%;-0.22%;-0.22%;0.00%;-0.22%;-0.34%
27-12-16;-0.13%;0.17%;0.22%;-0.16%;-0.02%;-0.12%;-0.12%;-0.12%;0.00%;-0.12%;-0.15%
28-12-16;1.14%;0.14%;0.12%;0.27%;0.43%;0.12%;0.27%;0.22%;0.00%;0.15%;0.23%
29-12-16;-0.06%;0.20%;0.15%;-0.65%;0.86%;0.12%;-0.11%;0.06%;0.00%;-0.10%;0.05%
30-12-16;1.09%;0.15%;0.16%;-0.71%;-0.01%;-0.67%;-0.68%;-0.77%;3.15%;-0.86%;-0.28%
31-12-16;0.00%;0.00%;0.00%;-0.10%;0.45%;0.06%;0.14%;0.13%;0.00%;0.00%;0.00%
01-01-17;0.00%;0.00%;0.00%;0.00%;0.00%;0.01%;0.00%;0.00%;0.00%;2.95%;0.00%
02-01-17;0.00%;0.00%;0.00%;0.33%;0.33%;0.33%;0.33%;0.33%;0.00%;0.33%;0.00%
03-01-17;-0.06%;0.22%;0.22%;0.11%;-0.04%;0.01%;0.00%;0.00%;0.00%;0.00%;0.46%
04-01-17;0.42%;0.33%;0.37%;0.86%;1.34%;0.43%;0.56%;0.67%;0.00%;0.58%;0.66%
05-01-17;-0.12%;0.16%;0.37%;0.68%;0.11%;-0.26%;0.22%;-0.05%;0.00%;-0.23%;0.28%
06-01-17;0.16%;0.04%;0.12%;-0.32%;0.37%;-0.58%;-0.32%;-0.29%;0.00%;-0.80%;-0.25%
07-01-17;0.00%;0.00%;0.00%;0.05%;-0.07%;-0.17%;0.05%;0.03%;0.00%;0.00%;0.00%
08-01-17;0.00%;0.00%;0.00%;0.00%;0.00%;0.01%;0.00%;0.00%;0.00%;0.00%;0.00%
09-01-17;-0.21%;-0.01%;-0.25%;-0.17%;-0.17%;-0.16%;-0.17%;-0.17%;0.00%;-0.17%;-0.09%
10-01-17;0.28%;-0.13%;0.03%;0.41%;0.45%;0.90%;0.75%;0.87%;0.00%;0.76%;0.38%
11-01-17;0.78%;-0.04%;-0.02%;0.24%;0.91%;0.12%;0.20%;0.08%;0.00%;0.09%;0.24%
12-01-17;0.51%;0.09%;0.11%;0.03%;0.23%;0.18%;-0.15%;-0.05%;0.00%;0.11%;0.51%
13-01-17;0.03%;0.07%;0.10%;-1.00%;-0.19%;-1.22%;-0.97%;-1.09%;0.00%;-1.30%;-0.75%
14-01-17;0.00%;0.00%;0.00%;0.27%;-0.07%;-0.13%;0.04%;0.06%;0.00%;0.00%;0.00%
15-01-17;0.00%;0.00%;0.00%;0.00%;0.00%;0.01%;0.00%;0.00%;0.00%;0.00%;0.00%
16-01-17;-0.24%;-0.02%;0.00%;-0.44%;-0.44%;-0.43%;-0.44%;-0.44%;0.00%;-0.44%;-0.21%
17-01-17;0.14%;-0.06%;-0.06%;-0.06%;-0.58%;0.23%;0.15%;0.19%;0.00%;0.19%;0.02%
18-01-17;0.83%;-0.11%;-0.07%;-0.59%;0.11%;-0.33%;-0.18%;-0.12%;0.00%;-0.54%;-0.36%
19-01-17;-0.04%;-0.06%;-0.03%;0.33%;0.50%;-0.05%;0.12%;-0.02%;0.00%;0.16%;0.32%
20-01-17;-0.16%;0.04%;-0.01%;-0.35%;-0.18%;-0.08%;-0.06%;-0.19%;0.00%;0.19%;-0.09%
21-01-17;0.00%;0.00%;0.00%;0.38%;-0.14%;-0.08%;0.10%;-0.01%;0.00%;0.00%;0.00%
22-01-17;0.00%;0.00%;0.00%;0.00%;0.00%;0.01%;0.00%;0.00%;0.00%;0.00%;0.00%
23-01-17;0.03%;0.01%;0.11%;-0.10%;-0.10%;-0.10%;-0.10%;-0.10%;0.00%;-0.10%;0.02%
24-01-17;0.55%;-0.02%;-0.01%;-1.07%;-0.01%;-0.71%;-0.81%;-0.72%;0.00%;-1.00%;-0.61%
25-01-17;0.45%;0.01%;0.06%;0.65%;0.86%;0.00%;0.21%;0.05%;0.00%;0.14%;0.50%
26-01-17;0.13%;0.01%;0.05%;0.41%;-0.05%;-0.73%;-0.35%;-0.58%;0.00%;-0.44%;0.35%
27-01-17;-0.67%;-0.05%;-0.02%;-0.52%;0.09%;-0.48%;-0.45%;-0.33%;0.00%;-0.41%;-0.08%
28-01-17;0.00%;0.00%;0.00%;-0.02%;-0.09%;0.13%;0.14%;0.16%;0.00%;0.00%;0.00%
29-01-17;0.00%;0.00%;0.00%;0.00%;0.00%;0.01%;0.00%;0.00%;0.00%;0.00%;0.00%
30-01-17;-1.37%;0.01%;0.00%;0.25%;0.25%;0.26%;0.25%;0.25%;0.00%;0.25%;0.10%
31-01-17;-0.21%;0.08%;0.07%;-0.79%;-0.47%;-0.15%;-0.20%;-0.14%;0.00%;-0.16%;-0.55%
01-02-17;0.09%;0.15%;0.14%;-0.39%;-0.84%;-0.31%;-0.28%;-0.35%;0.00%;-0.41%;-0.46%
02-02-17;0.46%;0.12%;0.14%;0.18%;0.54%;-0.02%;0.16%;0.17%;0.00%;0.12%;0.26%
03-02-17;0.77%;0.09%;0.04%;-0.48%;-0.34%;-0.47%;-0.41%;-0.37%;0.00%;-0.59%;-0.24%
04-02-17;0.00%;0.00%;0.00%;0.58%;0.40%;-0.05%;0.18%;0.16%;0.00%;0.00%;0.00%
05-02-17;0.00%;0.00%;0.00%;0.00%;0.00%;0.01%;0.00%;0.00%;0.00%;0.00%;0.00%
06-02-17;-0.33%;0.05%;-0.01%;-0.21%;-0.21%;-0.21%;-0.21%;-0.21%;0.00%;-0.21%;0.26%
07-02-17;0.24%;0.01%;0.09%;-0.79%;0.07%;-0.22%;-0.32%;-0.08%;0.00%;-0.38%;-0.24%
08-02-17;0.21%;0.10%;0.24%;1.00%;0.71%;1.14%;0.96%;1.01%;0.00%;1.04%;0.66%
09-02-17;0.60%;0.03%;0.15%;0.37%;0.28%;0.33%;0.08%;0.21%;0.00%;0.08%;0.26%
10-02-17;0.46%;0.07%;0.08%;0.34%;0.46%;-0.02%;0.02%;0.05%;0.00%;0.04%;0.35%
11-02-17;0.00%;0.00%;0.00%;0.40%;0.50%;-0.09%;0.04%;0.11%;0.00%;0.00%;0.00%
12-02-17;0.00%;0.00%;0.00%;0.00%;0.00%;0.01%;0.00%;0.00%;0.00%;0.00%;0.00%
13-02-17;1.01%;-0.03%;0.00%;-0.65%;-0.65%;-0.65%;-0.65%;-0.65%;0.00%;-0.65%;-0.11%
14-02-17;-0.29%;0.03%;0.11%;0.45%;0.54%;-0.07%;0.09%;0.09%;0.00%;-0.03%;0.34%
15-02-17;0.22%;-0.04%;0.13%;-0.05%;-0.23%;-0.20%;-0.11%;-0.08%;0.00%;-0.08%;0.00%
16-02-17;0.14%;-0.14%;-0.02%;0.24%;0.52%;-0.41%;-0.31%;-0.55%;0.00%;-0.31%;0.04%
17-02-17;-0.20%;0.01%;-0.02%;-0.05%;0.17%;-0.02%;-0.08%;-0.13%;0.00%;-0.25%;-0.01%
18-02-17;0.00%;0.00%;0.00%;0.00%;-0.69%;0.10%;-0.11%;-0.01%;0.00%;0.00%;0.00%
19-02-17;0.00%;0.00%;0.00%;0.00%;0.00%;0.01%;0.00%;0.00%;0.00%;0.00%;0.00%
20-02-17;0.35%;-0.01%;0.05%;0.80%;0.80%;0.81%;0.80%;0.80%;0.00%;0.80%;0.52%
21-02-17;0.36%;-0.12%;0.10%;-0.18%;0.28%;-0.19%;-0.19%;-0.20%;0.00%;-0.20%;-0.04%
22-02-17;0.04%;-0.02%;-0.02%;0.56%;0.46%;0.18%;0.31%;0.40%;0.00%;0.22%;0.48%
23-02-17;-0.34%;0.15%;0.03%;-0.35%;0.23%;-0.22%;-0.19%;-0.15%;0.00%;-0.33%;-0.03%
24-02-17;-0.33%;0.13%;0.11%;0.01%;-0.06%;0.03%;0.05%;0.01%;0.00%;-0.18%;0.00%
25-02-17;0.00%;0.00%;0.00%;-0.23%;-0.90%;0.32%;0.00%;0.16%;0.00%;0.00%;0.00%
26-02-17;0.00%;0.00%;0.00%;0.00%;0.00%;0.01%;0.00%;0.00%;0.00%;0.00%;0.00%
27-02-17;0.08%;0.09%;0.07%;0.82%;0.82%;0.83%;0.82%;0.82%;0.00%;0.82%;0.28%
28-02-17;0.32%;0.06%;0.04%;-0.02%;-0.41%;-0.12%;0.04%;-0.12%;0.00%;-0.07%;-0.10%
01-03-17;0.90%;0.00%;0.10%;0.42%;0.15%;0.63%;0.67%;0.62%;0.00%;0.57%;0.30%
02-03-17;0.49%;-0.05%;-0.01%;1.29%;0.56%;-0.05%;0.31%;0.06%;0.00%;0.32%;0.93%
03-03-17;0.36%;0.01%;0.01%;0.09%;0.27%;0.38%;0.41%;0.40%;0.00%;0.48%;0.10%
04-03-17;0.00%;0.00%;0.00%;0.01%;-0.57%;0.00%;0.00%;0.03%;0.00%;0.00%;0.00%
05-03-17;0.00%;0.00%;0.00%;0.00%;0.00%;0.01%;0.00%;0.00%;0.00%;0.00%;0.00%
06-03-17;0.87%;0.01%;-0.05%;0.22%;0.22%;0.23%;0.22%;0.22%;0.00%;0.22%;0.19%
07-03-17;0.32%;-0.10%;-0.03%;0.30%;0.84%;0.51%;0.46%;0.53%;0.00%;0.48%;0.50%
08-03-17;-0.09%;-0.09%;0.01%;-0.08%;0.42%;0.17%;0.03%;0.21%;0.00%;0.20%;0.13%
09-03-17;0.04%;-0.12%;0.02%;-0.06%;0.08%;0.00%;-0.15%;-0.13%;0.00%;0.25%;-0.02%
10-03-17;0.17%;-0.12%;-0.25%;0.56%;-0.80%;0.28%;0.08%;0.01%;0.00%;0.48%;0.10%
11-03-17;0.00%;0.00%;0.00%;0.54%;0.35%;-0.07%;0.17%;0.13%;0.00%;0.00%;0.00%
12-03-17;0.00%;0.00%;0.00%;0.00%;0.00%;0.01%;0.00%;0.00%;0.00%;0.00%;0.00%
13-03-17;1.39%;-0.08%;-0.14%;-0.22%;-0.22%;-0.21%;-0.22%;-0.22%;0.00%;-0.22%;0.24%
14-03-17;-0.28%;-0.13%;-0.11%;0.54%;1.63%;0.27%;0.24%;0.30%;0.00%;0.31%;0.63%
15-03-17;0.48%;-0.19%;-0.22%;0.17%;0.71%;0.62%;0.18%;0.36%;0.00%;0.55%;0.44%
16-03-17;1.36%;0.14%;-0.02%;0.68%;0.45%;0.40%;0.32%;0.44%;0.00%;0.07%;0.61%
17-03-17;0.71%;0.39%;0.26%;-0.69%;0.82%;-1.29%;-0.69%;-0.97%;0.00%;-1.25%;-0.07%
18-03-17;0.00%;0.00%;0.00%;-0.05%;0.25%;0.07%;0.07%;0.13%;0.00%;0.00%;0.00%
19-03-17;0.00%;0.00%;0.00%;0.00%;0.00%;0.01%;0.00%;0.00%;0.00%;0.00%;0.00%
20-03-17;0.17%;0.22%;0.15%;-0.01%;-0.01%;0.00%;-0.01%;-0.01%;0.00%;-0.01%;0.18%
21-03-17;0.13%;-0.10%;0.05%;0.05%;0.88%;0.28%;0.23%;0.35%;0.00%;0.18%;0.24%
22-03-17;0.38%;0.03%;0.07%;-1.44%;-0.61%;-0.57%;-0.64%;-0.54%;0.00%;-0.68%;-0.78%
23-03-17;0.80%;0.17%;0.12%;0.56%;0.15%;1.00%;0.56%;0.77%;0.00%;0.76%;0.30%
24-03-17;0.72%;0.14%;0.06%;0.07%;0.04%;-0.13%;0.02%;0.02%;0.00%;-0.06%;0.22%
25-03-17;0.00%;0.00%;0.00%;0.05%;0.13%;0.09%;0.15%;0.18%;0.00%;0.00%;0.00%
26-03-17;0.00%;0.00%;0.00%;0.00%;0.00%;0.01%;0.00%;0.00%;0.00%;0.00%;0.00%
27-03-17;-0.06%;0.06%;0.14%;-0.12%;-0.12%;-0.11%;-0.12%;-0.12%;0.00%;-0.12%;0.32%
28-03-17;2.09%;0.04%;0.06%;0.28%;-0.03%;0.42%;0.44%;0.43%;0.00%;0.32%;0.17%
29-03-17;-0.27%;-0.02%;0.08%;1.09%;0.83%;0.30%;0.45%;0.36%;0.00%;0.35%;0.96%
30-03-17;-0.61%;0.06%;0.06%;-0.40%;-0.18%;-0.22%;-0.35%;-0.27%;0.00%;-0.37%;-0.04%
31-03-17;-0.64%;0.19%;0.16%;0.04%;-0.37%;-0.19%;0.05%;-0.16%;5.04%;-0.14%;-0.15%
01-04-17;0.00%;0.00%;0.00%;-0.33%;-1.15%;0.03%;-0.06%;-0.09%;0.00%;2.97%;0.00%
02-04-17;0.00%;0.00%;0.00%;0.00%;0.00%;0.00%;0.00%;0.00%;0.00%;0.00%;0.00%
03-04-17;0.19%;0.25%;0.13%;0.20%;0.20%;0.20%;0.20%;0.20%;0.00%;0.20%;-0.14%
04-04-17;0.60%;0.10%;0.04%;-1.13%;-0.17%;-0.67%;-0.87%;-0.76%;0.00%;-0.88%;-0.57%
05-04-17;0.90%;0.08%;0.10%;0.56%;0.51%;0.56%;0.52%;0.52%;0.00%;0.49%;0.43%
06-04-17;0.52%;-0.01%;0.03%;-0.77%;-0.12%;-0.58%;-0.39%;-0.47%;0.00%;-0.56%;-0.21%
07-04-17;-0.13%;0.04%;0.05%;-0.13%;-0.80%;-0.13%;-0.12%;-0.09%;0.00%;-0.19%;-0.05%
08-04-17;0.00%;0.00%;0.00%;-0.06%;-0.17%;0.00%;-0.01%;-0.05%;0.00%;0.00%;0.00%
09-04-17;0.00%;0.00%;0.00%;0.00%;0.00%;0.01%;0.00%;0.00%;0.00%;0.00%;0.00%
10-04-17;0.29%;0.18%;0.10%;-0.01%;-0.01%;0.00%;-0.01%;-0.01%;0.00%;-0.01%;0.03%
11-04-17;-0.48%;0.12%;0.07%;-0.26%;-0.72%;-0.31%;-0.29%;-0.29%;0.00%;-0.34%;-0.20%
12-04-17;-0.21%;0.14%;0.10%;-0.15%;-0.58%;0.00%;-0.16%;-0.09%;0.00%;-0.22%;-0.25%
13-04-17;-0.06%;0.09%;0.09%;-0.13%;0.53%;0.17%;0.11%;0.15%;0.00%;0.13%;-0.04%
14-04-17;0.00%;0.00%;0.00%;-0.53%;0.49%;0.19%;0.06%;0.20%;0.00%;0.00%;0.00%
15-04-17;0.00%;0.00%;0.00%;-0.05%;-0.25%;0.03%;0.00%;0.00%;0.00%;0.00%;0.00%
16-04-17;0.00%;0.00%;0.00%;0.00%;0.00%;0.01%;0.00%;0.00%;0.00%;0.00%;0.00%
17-04-17;0.07%;0.35%;0.20%;-0.56%;-0.56%;-0.56%;-0.56%;-0.56%;0.00%;-0.56%;-0.55%
18-04-17;-0.39%;0.15%;0.32%;0.36%;-0.15%;-0.39%;-0.35%;-0.36%;0.00%;-0.39%;0.10%
19-04-17;0.00%;0.00%;0.00%;-0.44%;-0.48%;0.22%;0.20%;0.21%;0.00%;0.03%;0.00%
20-04-17;-0.61%;-0.16%;-0.05%;-0.12%;-0.49%;-0.06%;0.08%;0.01%;0.00%;0.00%;-0.35%
21-04-17;0.11%;0.00%;0.01%;0.88%;0.82%;0.13%;0.35%;0.19%;0.00%;0.24%;0.36%
22-04-17;0.00%;0.00%;0.00%;-0.24%;0.36%;0.02%;-0.05%;0.11%;0.00%;0.00%;0.00%
23-04-17;0.00%;0.00%;0.00%;0.00%;0.00%;0.00%;0.00%;0.00%;0.00%;0.00%;0.00%
24-04-17;0.77%;-0.08%;0.00%;0.21%;0.21%;0.22%;0.21%;0.21%;0.00%;0.21%;0.18%
25-04-17;0.35%;-0.26%;-0.07%;2.07%;1.49%;0.38%;0.95%;0.56%;0.00%;0.47%;1.26%
26-04-17;-0.31%;-0.15%;-0.16%;1.52%;2.12%;0.78%;1.18%;0.91%;0.00%;0.96%;1.17%
27-04-17;-1.32%;0.06%;0.00%;0.83%;0.79%;0.84%;0.84%;0.82%;0.00%;0.80%;0.52%
28-04-17;0.21%;0.13%;-0.05%;-0.21%;-0.44%;-0.03%;-0.13%;-0.10%;0.00%;-0.16%;-0.20%
29-04-17;0.00%;0.00%;0.00%;-0.14%;-0.17%;0.06%;0.19%;0.17%;0.00%;0.00%;0.00%
30-04-17;0.00%;0.00%;0.00%;0.00%;0.00%;0.01%;0.00%;0.00%;0.00%;0.00%;0.00%
01-05-17;0.00%;0.00%;0.00%;0.17%;0.17%;0.18%;0.17%;0.17%;0.00%;0.17%;0.00%
02-05-17;1.56%;0.08%;0.22%;0.23%;0.18%;-0.08%;0.06%;-0.08%;0.00%;0.00%;0.15%
03-05-17;-0.48%;0.04%;0.03%;0.44%;1.11%;0.30%;0.33%;0.39%;0.00%;0.23%;0.63%
04-05-17;-0.08%;-0.15%;-0.18%;0.15%;0.06%;0.32%;0.37%;0.37%;0.00%;0.30%;0.18%
05-05-17;-0.13%;-0.19%;-0.05%;0.93%;0.16%;0.59%;0.60%;0.50%;0.00%;0.73%;0.51%
06-05-17;0.00%;0.00%;0.00%;0.55%;-0.18%;0.01%;-0.01%;-0.07%;0.00%;0.00%;0.00%
07-05-17;0.00%;0.00%;0.00%;0.00%;0.00%;0.01%;0.00%;0.00%;0.00%;0.00%;0.00%
08-05-17;-0.38%;-0.10%;-0.04%;0.15%;0.15%;0.15%;0.15%;0.15%;0.00%;0.15%;0.20%
09-05-17;-0.32%;-0.33%;-0.21%;0.27%;0.92%;0.15%;0.19%;0.24%;0.00%;0.21%;0.16%
10-05-17;0.31%;-0.11%;-0.09%;0.20%;0.97%;0.28%;0.37%;0.32%;0.00%;0.40%;0.23%
11-05-17;-0.13%;-0.12%;-0.11%;-0.75%;-0.45%;-0.86%;-0.83%;-0.82%;0.00%;-0.91%;-0.34%
12-05-17;0.66%;-0.16%;-0.04%;-0.41%;0.32%;-0.21%;-0.14%;-0.10%;0.00%;-0.20%;-0.08%
13-05-17;0.00%;0.00%;0.00%;0.10%;0.21%;0.25%;0.15%;0.23%;0.00%;0.00%;0.00%
14-05-17;0.00%;0.00%;0.00%;0.00%;0.00%;0.01%;0.00%;0.00%;0.00%;0.00%;0.00%
15-05-17;0.74%;0.19%;0.05%;-0.08%;-0.08%;-0.07%;-0.08%;-0.08%;0.00%;-0.08%;0.09%
16-05-17;-0.26%;0.25%;0.09%;0.03%;0.34%;-0.47%;-0.24%;-0.34%;0.00%;-0.45%;0.21%
17-05-17;-0.37%;0.26%;0.09%;0.01%;0.22%;-0.20%;-0.07%;-0.21%;0.00%;-0.27%;-0.05%
18-05-17;-1.51%;0.25%;0.17%;-0.88%;-0.28%;0.71%;0.36%;0.47%;0.00%;0.35%;-0.44%
19-05-17;0.38%;0.05%;0.20%;1.01%;-0.96%;1.06%;0.74%;0.62%;0.00%;1.07%;-0.40%
20-05-17;0.00%;0.00%;0.00%;0.74%;0.75%;0.00%;0.30%;0.17%;0.00%;0.00%;0.00%
21-05-17;0.00%;0.00%;0.00%;0.00%;0.00%;0.00%;0.00%;0.00%;0.00%;0.00%;0.00%
22-05-17;0.16%;-0.24%;-0.19%;-0.82%;-0.82%;-0.81%;-0.82%;-0.82%;0.00%;-0.82%;0.08%
23-05-17;0.61%;-0.09%;0.10%;0.24%;0.49%;-0.34%;-0.14%;-0.29%;0.00%;-0.31%;-0.08%
24-05-17;0.70%;-0.09%;-0.04%;0.72%;0.71%;0.58%;0.65%;0.64%;0.00%;0.63%;0.56%
25-05-17;0.00%;-0.03%;-0.03%;0.34%;0.34%;0.32%;0.33%;0.46%;0.00%;0.28%;0.37%
26-05-17;0.30%;-0.30%;-0.12%;-0.36%;0.22%;-0.62%;-0.61%;-0.64%;0.00%;-0.72%;-0.29%
27-05-17;0.00%;0.00%;0.00%;-0.12%;0.25%;0.09%;-0.03%;0.04%;0.00%;0.00%;0.00%
28-05-17;0.00%;0.00%;0.00%;0.00%;0.00%;0.00%;0.00%;0.00%;0.00%;0.00%;0.00%
29-05-17;0.06%;-0.15%;0.03%;0.12%;0.12%;0.13%;0.12%;0.12%;0.00%;0.12%;0.32%
30-05-17;0.17%;0.21%;-0.07%;0.54%;0.39%;0.57%;0.56%;0.56%;0.00%;0.56%;0.42%
31-05-17;-0.89%;0.41%;0.21%;0.11%;-0.14%;0.31%;0.29%;0.33%;0.00%;0.19%;0.16%
01-06-17;0.63%;0.19%;0.11%;-0.33%;-1.06%;-0.40%;-0.32%;-0.42%;0.00%;-0.44%;-0.38%
02-06-17;0.20%;0.07%;0.11%;0.61%;0.33%;-0.07%;0.06%;0.03%;0.00%;0.00%;0.44%
03-06-17;0.00%;0.00%;0.00%;0.63%;0.68%;0.15%;0.20%;0.21%;0.00%;0.00%;0.00%
04-06-17;0.00%;0.00%;0.00%;0.00%;0.00%;0.00%;0.00%;0.00%;0.00%;0.00%;0.00%
05-06-17;-0.06%;0.13%;0.12%;-0.29%;-0.29%;-0.29%;-0.29%;-0.29%;0.00%;-0.29%;0.25%
06-06-17;0.26%;0.01%;0.11%;-0.40%;0.03%;-0.26%;-0.20%;-0.20%;0.00%;-0.23%;-0.12%
07-06-17;-0.40%;-0.03%;0.01%;-0.32%;-0.19%;0.14%;0.00%;0.09%;0.00%;-0.03%;-0.01%
08-06-17;-0.59%;-0.06%;0.00%;0.01%;-0.06%;-0.11%;-0.14%;-0.13%;0.00%;-0.05%;-0.03%
09-06-17;-0.31%;-0.09%;0.02%;-0.45%;0.04%;-0.37%;-0.44%;-0.40%;0.00%;-0.31%;-0.31%
10-06-17;0.00%;0.00%;0.00%;-0.07%;-0.08%;0.02%;-0.08%;-0.01%;0.00%;0.00%;0.00%
11-06-17;0.00%;0.00%;0.00%;0.00%;0.00%;0.00%;0.00%;0.00%;0.00%;0.00%;0.00%
12-06-17;0.05%;-0.11%;-0.02%;-0.27%;-0.27%;-0.27%;-0.27%;-0.27%;0.00%;-0.27%;-0.21%
13-06-17;0.55%;-0.02%;-0.01%;-0.64%;-1.34%;-0.40%;-0.40%;-0.46%;0.00%;-0.43%;-0.62%
14-06-17;-0.05%;0.08%;0.17%;0.62%;0.21%;0.06%;0.16%;0.10%;0.00%;0.08%;0.37%
15-06-17;-0.59%;0.02%;-0.17%;-0.32%;-0.02%;-0.11%;-0.20%;-0.16%;0.00%;-0.41%;-0.15%
16-06-17;-0.26%;-0.15%;0.10%;0.15%;-0.12%;0.72%;0.56%;0.72%;0.00%;0.87%;0.11%
17-06-17;0.00%;0.00%;0.00%;0.35%;-0.05%;0.04%;0.07%;0.02%;0.00%;0.00%;0.00%
18-06-17;0.00%;0.00%;0.00%;0.00%;0.00%;0.00%;0.00%;0.00%;0.00%;0.00%;0.00%
19-06-17;-0.23%;-0.11%;-0.03%;-0.23%;-0.23%;-0.22%;-0.23%;-0.23%;0.00%;-0.23%;-0.12%
20-06-17;-0.58%;0.01%;0.00%;0.50%;0.79%;-0.21%;-0.21%;-0.25%;0.00%;-0.19%;0.28%
21-06-17;-0.83%;-0.16%;-0.08%;-0.53%;-0.21%;0.34%;-0.07%;0.06%;0.00%;0.19%;-0.21%
22-06-17;0.08%;0.00%;0.05%;-0.01%;-0.10%;0.15%;-0.05%;-0.01%;0.00%;0.12%;-0.30%
23-06-17;0.17%;-0.08%;-0.11%;0.00%;0.24%;-0.04%;-0.09%;-0.08%;0.00%;-0.08%;0.05%
24-06-17;0.00%;0.00%;0.00%;0.18%;0.28%;0.01%;0.16%;0.14%;0.00%;0.00%;0.00%
25-06-17;0.00%;0.00%;0.00%;0.00%;0.00%;0.00%;0.00%;0.00%;0.00%;0.00%;0.00%
26-06-17;0.00%;0.00%;0.00%;-0.34%;-0.34%;-0.34%;-0.34%;-0.34%;0.00%;-0.34%;0.00%
27-06-17;-0.17%;-0.21%;-0.04%;0.13%;0.86%;0.06%;0.16%;0.15%;0.00%;0.00%;0.14%
28-06-17;-0.23%;-0.14%;-0.23%;-0.46%;-0.18%;-0.22%;0.18%;-0.06%;0.00%;0.06%;-0.28%
29-06-17;-0.33%;-0.04%;-0.03%;0.80%;-0.40%;-0.05%;0.14%;-0.04%;0.00%;0.04%;0.10%
30-06-17;0.34%;0.01%;-0.13%;-0.49%;0.35%;-0.16%;0.17%;-0.04%;5.04%;0.13%;-0.22%
01-07-17;0.00%;0.00%;0.00%;-0.16%;-0.31%;-0.14%;-0.05%;-0.11%;0.00%;2.85%;0.00%
02-07-17;0.00%;0.00%;0.00%;0.00%;0.00%;0.00%;0.00%;0.00%;0.00%;0.00%;0.00%
03-07-17;0.71%;0.02%;0.03%;0.16%;0.16%;0.17%;0.16%;0.16%;0.00%;0.16%;0.10%
04-07-17;0.96%;-0.17%;-0.03%;-0.13%;0.07%;-0.44%;-0.39%;-0.41%;0.00%;-0.35%;-0.15%
05-07-17;0.22%;-0.08%;-0.09%;0.13%;-0.52%;0.24%;0.20%;0.21%;0.00%;0.21%;0.14%
06-07-17;-0.26%;-0.09%;-0.05%;0.47%;0.72%;0.42%;0.31%;0.29%;0.00%;0.39%;0.50%
07-07-17;0.45%;-0.18%;-0.27%;-0.53%;-0.24%;-0.22%;-0.06%;-0.24%;0.00%;0.04%;-0.24%
08-07-17;0.00%;0.00%;0.00%;0.22%;-0.35%;-0.08%;-0.20%;-0.13%;0.00%;0.00%;0.00%
09-07-17;0.00%;0.00%;0.00%;0.00%;0.00%;0.00%;0.00%;0.00%;0.00%;0.00%;0.00%
10-07-17;0.85%;0.08%;-0.08%;0.06%;0.06%;0.06%;0.06%;0.06%;0.00%;0.06%;0.12%
11-07-17;-0.14%;0.13%;-0.06%;0.19%;0.68%;0.14%;0.14%;0.29%;0.00%;-0.01%;0.41%
12-07-17;1.12%;0.19%;0.18%;-0.07%;0.91%;0.00%;0.07%;0.06%;0.00%;0.01%;0.25%
13-07-17;0.58%;-0.20%;0.02%;0.43%;0.69%;-0.26%;-0.18%;-0.12%;0.00%;-0.47%;0.26%
14-07-17;0.30%;-0.42%;-0.34%;-0.20%;0.69%;-0.47%;-0.35%;-0.42%;0.00%;-0.42%;0.16%
15-07-17;0.00%;0.00%;0.00%;0.57%;0.62%;0.07%;0.24%;0.15%;0.00%;0.00%;0.00%
16-07-17;0.00%;0.00%;0.00%;0.00%;0.00%;0.00%;0.00%;0.00%;0.00%;0.00%;0.00%
17-07-17;0.86%;-0.29%;-0.16%;-0.38%;-0.38%;-0.38%;-0.38%;-0.38%;0.00%;-0.38%;0.18%
18-07-17;-0.08%;-0.11%;-0.16%;-0.16%;0.25%;-0.08%;0.01%;-0.06%;0.00%;-0.19%;0.04%
19-07-17;-0.01%;-0.09%;-0.06%;-0.08%;0.04%;0.05%;0.09%;0.01%;0.00%;-0.14%;-0.02%
20-07-17;0.00%;-0.02%;-0.14%;0.11%;0.34%;-0.30%;-0.31%;-0.26%;0.00%;-0.35%;0.09%
21-07-17;-0.48%;0.11%;0.16%;-0.08%;-0.39%;-0.30%;-0.13%;-0.28%;0.00%;-0.33%;-0.11%
22-07-17;0.00%;0.00%;0.00%;-0.23%;0.08%;0.17%;0.10%;0.15%;0.00%;0.00%;0.00%
23-07-17;0.00%;0.00%;0.00%;0.00%;0.00%;0.00%;0.00%;0.00%;0.00%;0.00%;0.00%
24-07-17;0.20%;0.26%;0.20%;0.04%;0.04%;0.04%;0.04%;0.04%;0.00%;0.04%;-0.07%
25-07-17;0.25%;0.09%;0.15%;-0.38%;0.21%;-0.20%;-0.23%;-0.33%;0.00%;-0.18%;-0.26%
26-07-17;0.19%;-0.03%;0.03%;0.01%;-0.53%;-0.58%;-0.25%;-0.46%;0.00%;-0.29%;-0.07%
27-07-17;0.17%;0.06%;0.15%;0.06%;0.06%;0.13%;0.10%;0.28%;0.00%;0.00%;0.15%
28-07-17;0.47%;0.09%;0.11%;-0.03%;0.51%;-0.11%;-0.06%;-0.13%;0.00%;-0.12%;0.12%
29-07-17;0.00%;0.00%;0.00%;-0.16%;-0.56%;0.02%;0.11%;0.03%;0.00%;0.00%;0.00%
30-07-17;0.00%;0.00%;0.00%;0.00%;0.00%;0.00%;0.00%;0.00%;0.00%;0.00%;0.00%
31-07-17;-0.16%;0.12%;0.12%;0.55%;0.55%;0.55%;0.55%;0.55%;0.00%;0.55%;0.29%
01-08-17;0.18%;0.08%;0.00%;0.14%;0.41%;0.12%;0.19%;0.12%;0.00%;0.10%;0.26%
02-08-17;0.36%;0.04%;0.07%;0.43%;0.22%;0.17%;0.04%;0.07%;0.00%;-0.05%;0.20%
03-08-17;-0.45%;-0.10%;-0.06%;0.13%;0.23%;0.13%;0.24%;0.16%;0.00%;0.13%;0.25%
04-08-17;0.58%;-0.17%;-0.12%;-0.46%;-0.94%;-0.23%;-0.25%;-0.14%;0.00%;-0.40%;-0.54%
05-08-17;0.00%;0.00%;0.00%;-0.04%;0.31%;-0.11%;-0.22%;-0.15%;0.00%;0.00%;0.00%
06-08-17;0.00%;0.00%;0.00%;0.00%;0.00%;0.00%;0.00%;0.00%;0.00%;0.00%;0.00%
07-08-17;0.57%;-0.18%;-0.14%;-0.04%;-0.04%;-0.04%;-0.04%;-0.04%;0.00%;-0.04%;0.06%
08-08-17;-0.33%;-0.08%;0.05%;0.30%;0.86%;0.17%;0.22%;0.19%;0.00%;0.10%;0.29%
09-08-17;-0.71%;-0.04%;0.08%;-0.40%;0.15%;-0.24%;-0.27%;-0.15%;0.00%;-0.15%;-0.10%
10-08-17;-0.53%;-0.04%;-0.04%;-0.25%;-0.89%;0.17%;-0.24%;-0.06%;0.00%;0.00%;-0.46%
11-08-17;-0.42%;0.10%;0.11%;-1.38%;-1.50%;-0.25%;-0.52%;-0.41%;0.00%;-0.32%;-1.01%
12-08-17;0.00%;0.00%;0.00%;-0.12%;-1.27%;0.07%;-0.04%;-0.05%;0.00%;0.00%;0.00%
13-08-17;0.00%;0.00%;0.00%;0.00%;0.00%;0.00%;0.00%;0.00%;0.00%;0.00%;0.00%
14-08-17;0.61%;0.14%;0.20%;0.05%;0.05%;0.06%;0.05%;0.05%;0.00%;0.05%;-0.25%
15-08-17;0.00%;0.00%;0.00%;0.74%;1.01%;-0.06%;0.19%;0.14%;0.00%;-0.03%;0.00%
16-08-17;0.89%;0.00%;0.09%;-0.16%;-0.10%;-0.13%;-0.12%;-0.04%;0.00%;0.00%;0.64%
17-08-17;0.04%;-0.03%;0.08%;0.00%;0.47%;-0.19%;-0.18%;-0.09%;0.00%;-0.27%;0.20%
18-08-17;0.13%;0.05%;0.02%;-0.99%;0.21%;-0.01%;-0.06%;-0.03%;0.00%;-0.09%;-0.31%
19-08-17;0.00%;0.00%;0.00%;-0.30%;-0.35%;0.06%;-0.06%;0.02%;0.00%;0.00%;0.00%
20-08-17;0.00%;0.00%;0.00%;0.00%;0.00%;0.00%;0.00%;0.00%;0.00%;0.00%;0.00%
21-08-17;-0.19%;0.08%;0.08%;0.20%;0.20%;0.20%;0.20%;0.20%;0.00%;0.20%;0.06%
22-08-17;0.27%;0.06%;-0.01%;-0.50%;-0.20%;-0.53%;-0.44%;-0.50%;0.00%;-0.60%;-0.35%
23-08-17;0.19%;-0.16%;-0.01%;0.48%;0.64%;-0.29%;-0.26%;-0.23%;0.00%;-0.20%;0.25%
24-08-17;0.44%;-0.21%;-0.14%;-0.15%;0.30%;0.14%;0.09%;0.11%;0.00%;0.00%;0.11%
25-08-17;0.45%;-0.17%;0.00%;-0.57%;0.20%;-0.48%;-0.35%;-0.35%;0.00%;-0.44%;-0.21%
26-08-17;0.00%;0.00%;0.00%;0.26%;0.27%;0.06%;0.20%;0.14%;0.00%;0.00%;0.00%
27-08-17;0.00%;0.00%;0.00%;0.00%;0.00%;0.00%;0.00%;0.00%;0.00%;0.00%;0.00%
28-08-17;-0.13%;-0.04%;-0.04%;-0.32%;-0.32%;-0.32%;-0.32%;-0.32%;0.00%;-0.32%;0.02%
29-08-17;-0.17%;0.05%;0.04%;-0.90%;-1.02%;-0.95%;-0.96%;-0.97%;0.00%;-0.99%;-0.59%
30-08-17;-0.13%;0.12%;0.09%;-0.63%;-0.93%;-0.44%;-0.35%;-0.56%;0.00%;-0.58%;-0.70%
31-08-17;-0.02%;0.02%;0.05%;0.41%;0.89%;0.20%;0.21%;0.39%;0.00%;0.27%;0.42%
01-09-17;0.43%;0.05%;0.04%;0.71%;0.13%;0.16%;0.21%;0.31%;0.00%;0.08%;0.31%
02-09-17;0.00%;0.00%;0.00%;0.31%;0.34%;-0.11%;0.05%;-0.05%;0.00%;0.00%;0.00%
03-09-17;0.00%;0.00%;0.00%;0.00%;0.00%;0.00%;0.00%;0.00%;0.00%;0.00%;0.00%
04-09-17;-0.45%;0.11%;0.18%;-0.75%;-0.75%;-0.75%;-0.75%;-0.75%;0.00%;-0.75%;-0.25%
05-09-17;-0.25%;0.03%;-0.03%;-0.05%;-0.65%;0.11%;0.12%;0.08%;0.00%;0.08%;-0.13%
06-09-17;-0.94%;0.06%;0.00%;-0.94%;-0.35%;-0.22%;-0.34%;-0.17%;0.00%;-0.50%;-0.51%
07-09-17;0.58%;-0.02%;-0.02%;0.08%;-0.30%;-0.24%;-0.08%;-0.22%;0.00%;-0.15%;0.00%
08-09-17;-0.34%;0.05%;0.05%;-0.51%;-0.16%;-0.63%;-0.62%;-0.59%;0.00%;-0.81%;-0.37%
09-09-17;0.00%;0.00%;0.00%;0.00%;0.10%;-0.04%;0.02%;0.06%;0.00%;0.00%;0.00%
10-09-17;0.00%;0.00%;0.00%;0.00%;0.00%;0.00%;0.00%;0.00%;0.00%;0.00%;0.00%
11-09-17;1.11%;0.03%;0.10%;0.45%;0.45%;0.45%;0.45%;0.45%;0.00%;0.45%;0.44%
12-09-17;0.28%;-0.14%;-0.08%;1.42%;1.28%;0.37%;0.53%;0.44%;0.00%;0.54%;0.95%
13-09-17;-0.11%;-0.06%;-0.14%;0.74%;0.70%;0.18%;0.39%;0.31%;0.00%;0.42%;0.59%
14-09-17;-0.07%;-0.01%;-0.08%;0.21%;0.05%;0.25%;0.26%;0.28%;0.00%;0.29%;0.17%
15-09-17;0.73%;-0.16%;-0.31%;0.03%;0.23%;0.13%;0.19%;0.18%;0.00%;0.18%;0.13%
16-09-17;0.00%;0.00%;0.00%;0.22%;0.21%;-0.05%;0.18%;0.03%;0.00%;0.00%;0.00%
17-09-17;0.00%;0.00%;0.00%;0.00%;0.00%;0.00%;0.00%;0.00%;0.00%;0.00%;0.00%
18-09-17;0.00%;0.00%;0.00%;0.00%;0.00%;0.00%;0.00%;0.00%;0.00%;0.00%;0.00%
19-09-17;0.00%;0.00%;0.00%;-0.13%;0.70%;-0.31%;-0.23%;-0.29%;0.00%;-0.28%;0.00%
20-09-17;0.67%;-0.10%;0.04%;0.28%;-0.30%;-0.01%;0.02%;-0.12%;0.00%;0.00%;0.32%
21-09-17;0.93%;0.06%;-0.01%;-0.45%;-0.36%;-0.62%;-0.57%;-0.74%;0.00%;-0.59%;-0.25%
22-09-17;0.06%;0.23%;0.11%;-0.08%;-0.02%;0.30%;0.20%;0.27%;0.00%;0.33%;0.14%
23-09-17;0.00%;0.00%;0.00%;0.21%;-0.53%;0.06%;0.10%;0.14%;0.00%;0.00%;0.00%
24-09-17;0.00%;0.00%;0.00%;0.00%;0.00%;0.00%;0.00%;0.00%;0.00%;0.00%;0.00%
25-09-17;-0.50%;0.13%;0.13%;-0.01%;-0.01%;-0.01%;-0.01%;-0.01%;0.00%;-0.01%;0.01%
26-09-17;0.07%;0.07%;0.07%;0.45%;-0.55%;0.91%;0.62%;0.79%;0.00%;0.72%;0.06%
27-09-17;0.69%;-0.01%;0.00%;0.50%;0.04%;0.76%;0.69%;0.78%;0.00%;0.79%;0.26%
28-09-17;0.22%;-0.05%;0.00%;1.07%;0.64%;0.50%;0.62%;0.45%;0.00%;0.77%;0.50%
29-09-17;0.55%;-0.18%;-0.16%;0.01%;-0.78%;-0.25%;-0.06%;-0.12%;4.13%;-0.22%;0.03%
30-09-17;0.00%;0.00%;0.00%;0.41%;0.88%;0.07%;0.15%;0.12%;0.00%;0.00%;0.00%
01-10-17;0.00%;0.00%;0.00%;0.00%;0.00%;0.00%;0.00%;0.00%;0.00%;3.56%;0.00%
02-10-17;0.58%;-0.24%;-0.21%;0.17%;0.17%;0.17%;0.17%;0.17%;0.00%;0.17%;0.56%
03-10-17;0.92%;-0.19%;-0.29%;0.61%;0.52%;0.41%;0.33%;0.44%;0.00%;0.41%;0.55%
04-10-17;0.59%;-0.25%;-0.13%;-0.49%;0.55%;-0.75%;-0.65%;-0.64%;0.00%;-0.74%;0.03%
05-10-17;-0.13%;-0.29%;-0.22%;-0.74%;-0.36%;-0.78%;-0.74%;-0.79%;0.00%;-0.81%;-0.31%
06-10-17;0.81%;-0.41%;-0.40%;-0.02%;-0.21%;-0.32%;-0.32%;-0.30%;0.00%;-0.29%;-0.09%
07-10-17;0.00%;0.00%;0.00%;-0.09%;0.03%;-0.06%;-0.04%;-0.13%;0.00%;0.00%;0.00%
08-10-17;0.00%;0.00%;0.00%;0.00%;0.00%;0.00%;0.00%;0.00%;0.00%;0.00%;0.00%
09-10-17;0.00%;0.00%;0.00%;0.71%;0.71%;0.71%;0.71%;0.71%;0.00%;0.71%;0.00%
10-10-17;-0.11%;-0.31%;-0.54%;-0.04%;-0.24%;0.05%;0.03%;0.00%;0.00%;0.00%;0.37%
11-10-17;-0.15%;-0.15%;-0.22%;-0.30%;0.38%;-0.65%;-0.54%;-0.62%;0.00%;-0.72%;-0.06%
12-10-17;-0.51%;-0.07%;-0.07%;-0.17%;0.11%;-0.32%;-0.25%;-0.28%;0.00%;-0.32%;-0.17%
13-10-17;0.45%;-0.07%;-0.02%;-0.32%;0.10%;-0.20%;-0.25%;-0.16%;0.00%;-0.28%;-0.14%
14-10-17;0.00%;0.00%;0.00%;0.22%;0.38%;0.18%;0.07%;0.12%;0.00%;0.00%;0.00%
15-10-17;0.00%;0.00%;0.00%;0.00%;0.00%;0.00%;0.00%;0.00%;0.00%;0.00%;0.00%
16-10-17;0.49%;0.06%;0.07%;-0.46%;-0.46%;-0.46%;-0.46%;-0.46%;0.00%;-0.46%;-0.18%
17-10-17;0.03%;-0.08%;0.02%;-0.30%;0.13%;-0.38%;-0.40%;-0.45%;0.00%;-0.39%;-0.05%
18-10-17;0.60%;-0.12%;-0.08%;0.26%;-0.16%;0.45%;0.40%;0.49%;0.00%;0.38%;0.18%
19-10-17;-0.68%;0.02%;0.06%;0.63%;0.59%;0.34%;0.57%;0.46%;0.00%;0.47%;0.43%
20-10-17;0.76%;0.29%;0.07%;0.23%;-0.81%;0.14%;0.21%;0.16%;0.00%;0.08%;-0.16%
21-10-17;0.00%;0.00%;0.00%;0.12%;0.25%;-0.23%;-0.11%;-0.18%;0.00%;0.00%;0.00%
22-10-17;0.00%;0.00%;0.00%;0.00%;0.00%;0.00%;0.00%;0.00%;0.00%;0.00%;0.00%
23-10-17;0.64%;0.48%;0.43%;0.50%;0.50%;0.50%;0.50%;0.50%;0.00%;0.50%;0.54%
24-10-17;-0.36%;0.40%;0.37%;0.09%;0.02%;0.47%;0.35%;0.37%;0.00%;0.36%;0.17%
25-10-17;-0.66%;-0.09%;0.06%;0.22%;-0.07%;0.03%;0.17%;0.08%;0.00%;0.16%;0.06%
26-10-17;0.33%;-0.12%;-0.10%;-0.52%;-0.06%;-0.24%;-0.19%;-0.30%;0.00%;-0.13%;-0.15%
27-10-17;0.00%;0.00%;0.00%;0.11%;-0.53%;0.05%;-0.25%;-0.16%;0.00%;0.00%;0.00%
28-10-17;0.00%;0.00%;0.00%;0.44%;0.19%;0.15%;-0.09%;0.17%;0.00%;0.00%;0.00%
29-10-17;0.00%;0.00%;0.00%;0.00%;0.00%;0.00%;0.00%;0.00%;0.00%;0.00%;0.00%
30-10-17;1.58%;0.18%;0.09%;-0.24%;-0.24%;-0.24%;-0.24%;-0.24%;0.00%;-0.24%;-0.03%
31-10-17;-0.25%;0.04%;0.13%;1.09%;1.56%;1.32%;1.29%;1.36%;0.00%;1.09%;1.00%
01-11-17;0.00%;0.00%;0.00%;0.11%;0.33%;0.02%;0.06%;-0.01%;0.00%;0.00%;0.00%
02-11-17;-1.21%;0.05%;0.13%;0.26%;0.93%;0.05%;0.06%;0.08%;0.00%;0.05%;0.37%
03-11-17;-0.40%;0.03%;0.02%;-0.65%;-0.91%;-0.64%;-0.68%;-0.65%;0.00%;-0.76%;-0.52%
04-11-17;0.00%;0.00%;0.00%;0.11%;-0.10%;0.02%;-0.32%;-0.32%;0.00%;0.00%;0.00%
05-11-17;0.00%;0.00%;0.00%;0.00%;0.00%;0.00%;0.00%;0.00%;0.00%;0.00%;0.00%
06-11-17;0.70%;-0.02%;0.05%;-0.18%;-0.18%;-0.18%;-0.18%;-0.18%;0.00%;-0.18%;-0.23%
07-11-17;-0.62%;0.00%;0.04%;0.41%;0.77%;0.49%;0.25%;0.28%;0.00%;0.34%;0.50%
08-11-17;-0.03%;0.05%;0.14%;0.12%;0.43%;0.20%;-0.09%;-0.13%;0.00%;0.12%;0.04%
09-11-17;-0.71%;0.11%;0.16%;-0.11%;-0.29%;-0.33%;-0.52%;-0.43%;0.00%;-0.30%;-0.31%
10-11-17;-0.82%;0.09%;0.10%;-0.44%;-0.13%;-0.24%;-0.30%;-0.19%;0.00%;-0.05%;-0.17%
11-11-17;0.00%;0.00%;0.00%;-0.09%;-0.47%;-0.26%;0.06%;-0.14%;0.00%;0.00%;0.00%
12-11-17;0.00%;0.00%;0.00%;0.00%;0.00%;0.00%;0.00%;0.00%;0.00%;0.00%;0.00%
13-11-17;-1.02%;0.05%;0.16%;-0.13%;-0.13%;-0.13%;-0.13%;-0.13%;0.00%;-0.13%;-0.36%
14-11-17;-0.52%;0.05%;0.07%;0.08%;-0.17%;0.30%;0.31%;0.36%;0.00%;0.29%;-0.23%
15-11-17;-0.64%;0.03%;0.02%;-0.47%;-0.73%;-0.23%;-0.36%;-0.27%;0.00%;-0.29%;-0.40%
16-11-17;0.75%;-0.13%;-0.01%;-0.32%;-0.44%;0.34%;0.10%;0.27%;0.00%;0.21%;-0.49%
17-11-17;1.30%;-0.19%;-0.21%;0.52%;1.04%;-0.29%;0.13%;-0.10%;0.00%;-0.24%;0.60%
18-11-17;0.00%;0.00%;0.00%;-0.13%;0.98%;0.05%;0.09%;0.15%;0.00%;0.00%;0.00%
19-11-17;0.00%;0.00%;0.00%;0.00%;0.00%;0.00%;0.00%;0.00%;0.00%;0.00%;0.00%
20-11-17;-5.82%;-0.01%;0.05%;-0.19%;-0.19%;-0.19%;-0.19%;-0.19%;0.00%;-0.19%;0.33%
21-11-17;2.11%;-0.13%;0.05%;1.31%;1.15%;1.21%;1.22%;1.20%;0.00%;1.18%;0.21%
22-11-17;-1.30%;-0.34%;-0.46%;0.41%;1.15%;-0.06%;-0.08%;-0.06%;0.00%;-0.16%;0.44%
23-11-17;-1.76%;-0.24%;-0.15%;0.00%;0.35%;-0.02%;0.05%;0.06%;0.00%;-0.14%;0.05%
24-11-17;0.02%;-0.09%;-0.14%;0.07%;-0.46%;-0.08%;-0.01%;-0.09%;0.00%;-0.09%;-0.54%
25-11-17;0.00%;0.00%;0.00%;0.31%;0.16%;-0.06%;0.20%;0.02%;0.00%;0.00%;0.00%
26-11-17;0.00%;0.00%;0.00%;0.00%;0.00%;0.00%;0.00%;0.00%;0.00%;0.00%;0.00%
27-11-17;-0.12%;0.14%;0.00%;-0.09%;-0.09%;-0.09%;-0.09%;-0.09%;0.00%;-0.09%;0.10%
28-11-17;0.43%;-0.04%;0.06%;0.16%;-0.52%;0.39%;0.41%;0.49%;0.00%;0.34%;0.00%
29-11-17;-0.91%;-0.10%;-0.05%;1.35%;1.02%;0.83%;0.75%;0.87%;0.00%;0.83%;0.76%
30-11-17;-0.20%;-0.01%;0.00%;0.20%;-0.23%;0.04%;0.18%;0.06%;0.00%;0.21%;0.04%
01-12-17;0.43%;-0.05%;-0.06%;1.01%;-1.37%;0.42%;0.56%;0.38%;0.00%;0.45%;-0.18%
02-12-17;0.00%;0.00%;0.00%;-0.38%;-0.43%;0.27%;-0.08%;0.11%;0.00%;0.00%;0.00%
03-12-17;0.00%;0.00%;0.00%;0.00%;0.00%;0.00%;0.00%;0.00%;0.00%;0.00%;0.00%
04-12-17;-0.16%;-0.02%;0.06%;0.53%;0.53%;0.53%;0.53%;0.53%;0.00%;0.53%;0.16%
05-12-17;-1.70%;-0.05%;-0.07%;-0.06%;0.46%;-0.18%;-0.02%;-0.09%;0.00%;-0.09%;0.09%
06-12-17;-0.79%;-0.08%;0.04%;0.36%;0.28%;0.74%;0.71%;0.80%;0.00%;0.66%;0.08%
07-12-17;0.01%;-0.09%;-0.03%;-0.06%;-1.28%;0.32%;0.08%;0.20%;0.00%;0.20%;-0.59%
08-12-17;0.00%;0.00%;0.00%;0.49%;0.16%;0.14%;0.15%;0.05%;0.00%;0.22%;0.00%
09-12-17;0.00%;0.00%;0.00%;0.48%;0.93%;-0.01%;-0.03%;0.03%;0.00%;0.00%;0.00%
10-12-17;0.00%;0.00%;0.00%;0.00%;0.00%;0.00%;0.00%;0.00%;0.00%;0.00%;0.00%
11-12-17;2.39%;-0.11%;-0.13%;0.00%;0.00%;0.00%;0.00%;0.00%;0.00%;0.00%;0.77%
12-12-17;0.49%;-0.09%;-0.16%;0.42%;0.86%;0.08%;0.16%;0.06%;0.00%;0.04%;0.57%
13-12-17;1.75%;-0.03%;-0.02%;0.14%;-0.65%;-0.03%;-0.04%;0.00%;0.00%;0.03%;0.12%
14-12-17;-0.38%;-0.07%;0.01%;-0.93%;-0.39%;-0.86%;-0.89%;-0.78%;0.00%;-0.97%;-0.35%
15-12-17;2.13%;0.00%;-0.01%;-1.61%;-1.08%;-1.25%;-1.29%;-1.29%;0.00%;-1.29%;-0.89%
16-12-17;0.00%;0.00%;0.00%;0.39%;-0.24%;0.03%;0.00%;0.06%;0.00%;0.00%;0.00%
17-12-17;0.00%;0.00%;0.00%;0.00%;0.00%;-0.01%;0.00%;0.00%;0.00%;0.00%;0.00%
18-12-17;6.73%;0.33%;0.22%;-0.42%;-0.42%;-0.42%;-0.42%;-0.42%;0.00%;-0.42%;-0.06%
19-12-17;-0.09%;0.30%;0.37%;-1.57%;-1.40%;-2.50%;-2.34%;-2.45%;0.00%;-2.46%;0.09%
20-12-17;-0.86%;0.13%;0.01%;-0.72%;-0.19%;-0.66%;-0.41%;-0.50%;0.00%;-0.36%;-0.15%
21-12-17;-1.23%;0.30%;0.32%;-0.04%;0.05%;-0.20%;0.05%;-0.13%;0.00%;-0.01%;-0.08%
22-12-17;1.43%;0.25%;0.35%;0.25%;0.15%;0.03%;-0.02%;0.03%;0.00%;-0.01%;-0.06%
23-12-17;0.00%;0.00%;0.00%;-0.06%;0.60%;0.02%;-0.02%;0.00%;0.00%;0.00%;0.00%
24-12-17;0.00%;0.00%;0.00%;0.00%;0.00%;0.00%;0.00%;0.00%;0.00%;0.00%;0.00%
25-12-17;0.00%;0.00%;0.00%;0.25%;0.25%;0.25%;0.25%;0.25%;0.00%;0.25%;0.00%
26-12-17;-0.38%;0.08%;0.14%;0.02%;0.00%;0.01%;0.00%;0.00%;0.00%;0.00%;0.36%
27-12-17;-0.30%;0.13%;0.19%;-0.52%;-0.69%;-0.44%;-0.42%;-0.37%;0.00%;-0.50%;-0.29%
28-12-17;0.89%;0.04%;0.07%;-0.20%;0.23%;-0.19%;-0.26%;-0.29%;0.00%;-0.40%;-0.25%
29-12-17;0.25%;0.05%;0.09%;-0.02%;0.58%;-0.32%;-0.13%;-0.26%;5.45%;-0.22%;0.26%
30-12-17;0.00%;0.00%;0.00%;-0.16%;0.42%;0.05%;0.12%;0.04%;0.00%;0.00%;0.00%
31-12-17;0.00%;0.00%;0.00%;0.00%;0.00%;0.00%;0.00%;0.00%;0.00%;0.00%;0.00%
01-01-18;0.00%;0.00%;0.00%;-0.08%;-0.08%;-0.08%;-0.08%;-0.08%;0.00%;2.88%;0.00%
02-01-18;0.85%;0.13%;0.06%;0.00%;-0.08%;0.00%;0.00%;0.00%;0.00%;0.00%;0.11%
03-01-18;0.03%;-0.01%;0.05%;-0.26%;0.90%;-1.09%;-0.72%;-0.91%;0.00%;-0.86%;0.02%
04-01-18;0.35%;-0.04%;0.04%;-0.31%;-0.24%;-0.63%;-0.56%;-0.60%;0.00%;-0.77%;-0.03%
05-01-18;1.08%;-0.07%;0.04%;0.67%;0.56%;-0.14%;0.15%;-0.06%;0.00%;-0.14%;0.55%
06-01-18;0.00%;0.00%;0.00%;0.64%;0.71%;-0.04%;0.06%;0.06%;0.00%;0.00%;0.00%
07-01-18;0.00%;0.00%;0.00%;0.00%;0.00%;0.00%;0.00%;0.00%;0.00%;0.00%;0.00%
08-01-18;0.21%;0.04%;0.05%;0.34%;0.34%;0.34%;0.34%;0.34%;0.00%;0.34%;0.79%
09-01-18;0.08%;0.01%;0.01%;0.10%;0.53%;0.09%;0.00%;0.04%;0.00%;0.04%;0.27%
10-01-18;-0.52%;-0.20%;-0.13%;0.35%;0.01%;-0.07%;0.06%;0.02%;0.00%;0.16%;0.15%
11-01-18;0.64%;-0.19%;-0.13%;0.34%;-0.31%;0.26%;0.21%;0.20%;0.00%;0.32%;0.05%
12-01-18;0.26%;0.02%;0.00%;0.26%;-0.23%;-0.18%;-0.05%;-0.12%;0.00%;-0.19%;0.14%
13-01-18;0.00%;0.00%;0.00%;0.62%;0.93%;0.01%;0.18%;-0.01%;0.00%;0.00%;0.00%
14-01-18;0.00%;0.00%;0.00%;0.00%;0.00%;0.00%;0.00%;0.00%;0.00%;0.00%;0.00%
15-01-18;0.28%;0.08%;0.06%;-0.65%;-0.65%;-0.65%;-0.65%;-0.65%;0.00%;-0.65%;0.01%
16-01-18;0.00%;0.00%;0.00%;0.39%;0.20%;0.01%;0.19%;0.00%;0.00%;0.00%;0.00%
17-01-18;0.57%;0.12%;0.09%;-0.65%;0.20%;-0.31%;-0.34%;-0.26%;0.00%;-0.40%;0.11%
18-01-18;0.83%;0.04%;0.14%;1.07%;0.94%;0.48%;0.54%;0.48%;0.00%;0.55%;0.68%
19-01-18;0.29%;-0.09%;0.03%;-0.06%;0.48%;-0.03%;0.02%;-0.01%;0.00%;0.08%;0.20%
20-01-18;0.00%;0.00%;0.00%;0.49%;0.41%;-0.05%;-0.12%;-0.20%;0.00%;0.00%;0.00%
21-01-18;0.00%;0.00%;0.00%;0.00%;0.00%;0.00%;0.00%;0.00%;0.00%;0.00%;0.00%
22-01-18;-0.43%;-0.01%;0.04%;0.18%;0.18%;0.18%;0.18%;0.18%;0.00%;0.18%;0.56%
23-01-18;-0.41%;0.05%;0.05%;0.57%;0.44%;-0.06%;0.04%;-0.10%;0.00%;-0.04%;0.27%
24-01-18;-0.02%;0.12%;0.13%;0.72%;1.42%;0.43%;0.49%;0.46%;0.00%;0.31%;0.47%
25-01-18;0.23%;0.17%;-0.01%;-0.56%;-0.16%;-0.79%;-0.50%;-0.74%;0.00%;-0.66%;-0.15%
26-01-18;0.67%;0.11%;0.12%;-0.70%;-0.42%;-0.72%;-0.57%;-0.61%;0.00%;-0.80%;-0.45%
27-01-18;0.00%;0.00%;0.00%;0.65%;0.76%;-0.10%;-0.10%;-0.05%;0.00%;0.00%;0.00%
28-01-18;0.00%;0.00%;0.00%;0.00%;0.00%;0.00%;0.00%;0.00%;0.00%;0.00%;0.00%
29-01-18;0.36%;-0.09%;-0.02%;0.17%;0.17%;0.17%;0.17%;0.17%;0.00%;0.17%;0.48%
30-01-18;-0.33%;-0.10%;-0.07%;0.05%;0.31%;0.57%;0.47%;0.54%;0.00%;0.71%;0.34%
31-01-18;-0.01%;-0.09%;0.04%;-0.93%;-1.65%;-0.11%;-0.16%;-0.17%;0.00%;-0.03%;-0.73%
01-02-18;0.15%;-0.08%;-0.03%;-0.23%;0.36%;-0.14%;-0.02%;-0.06%;0.00%;-0.19%;-0.01%
02-02-18;-0.58%;-0.11%;-0.08%;-0.69%;-1.13%;-0.81%;-0.73%;-0.79%;0.00%;-0.68%;-0.38%
03-02-18;0.00%;0.00%;0.00%;-1.87%;-1.43%;-0.25%;-0.36%;-0.38%;0.00%;0.00%;0.00%
04-02-18;0.00%;0.00%;0.00%;0.00%;0.00%;0.00%;0.00%;0.00%;0.00%;0.00%;0.00%
05-02-18;-1.37%;-0.08%;-0.09%;0.34%;0.34%;0.35%;0.34%;0.34%;0.00%;0.34%;-1.01%
06-02-18;-0.60%;0.07%;0.12%;-2.88%;-1.46%;0.44%;0.06%;0.23%;0.00%;0.30%;-1.50%
07-02-18;0.81%;0.05%;0.02%;-0.53%;-3.08%;-0.18%;-0.71%;-0.46%;0.00%;-0.31%;-1.16%
08-02-18;-1.50%;0.07%;0.15%;-0.68%;-1.02%;-0.96%;-0.63%;-0.78%;0.00%;-0.78%;-0.70%
09-02-18;-1.81%;0.11%;0.14%;-1.99%;-0.17%;0.55%;0.22%;0.26%;0.00%;0.70%;-0.56%
10-02-18;0.00%;0.00%;0.00%;0.30%;-1.75%;0.04%;-0.74%;-0.59%;0.00%;0.00%;0.00%
11-02-18;0.00%;0.00%;0.00%;0.00%;0.00%;0.00%;0.00%;0.00%;0.00%;0.00%;0.00%
12-02-18;0.13%;0.08%;0.14%;0.39%;0.39%;0.39%;0.39%;0.39%;0.00%;0.39%;-0.72%
13-02-18;-0.95%;0.02%;0.12%;0.76%;0.48%;-0.49%;-0.17%;-0.38%;0.00%;-0.45%;0.39%
14-02-18;0.87%;0.10%;0.08%;-0.33%;0.40%;-0.58%;-0.70%;-0.68%;0.00%;-0.56%;-0.33%
15-02-18;1.04%;-0.01%;0.04%;1.17%;1.72%;-0.23%;-0.08%;-0.37%;0.00%;-0.06%;0.69%
16-02-18;-0.09%;-0.06%;-0.01%;0.54%;0.78%;-0.62%;-0.17%;-0.35%;0.00%;-0.67%;0.59%
17-02-18;0.00%;0.00%;0.00%;0.33%;-0.20%;0.17%;0.29%;0.32%;0.00%;0.00%;0.00%
18-02-18;0.00%;0.00%;0.00%;0.00%;0.00%;0.00%;0.00%;0.00%;0.00%;0.00%;0.00%
19-02-18;0.09%;0.06%;0.09%;0.08%;0.08%;0.08%;0.08%;0.08%;0.00%;0.08%;0.28%
20-02-18;0.61%;0.09%;0.09%;0.15%;0.35%;0.19%;0.18%;0.24%;0.00%;0.24%;0.25%
21-02-18;0.49%;0.05%;0.06%;-0.28%;-0.37%;0.16%;0.12%;0.12%;0.00%;0.18%;-0.15%
22-02-18;0.27%;0.08%;0.14%;-0.52%;1.10%;-0.22%;-0.23%;-0.29%;0.00%;-0.16%;0.07%
23-02-18;0.25%;0.00%;0.00%;-0.03%;-0.72%;0.07%;-0.11%;0.01%;0.00%;0.01%;0.01%
24-02-18;0.00%;0.00%;0.00%;1.12%;1.30%;0.18%;-0.02%;0.11%;0.00%;0.00%;0.00%
25-02-18;0.00%;0.00%;0.00%;0.00%;0.00%;0.00%;0.00%;0.00%;0.00%;0.00%;0.00%
26-02-18;-1.21%;0.07%;0.05%;-0.53%;-0.53%;-0.53%;-0.53%;-0.53%;0.00%;-0.53%;0.23%
27-02-18;-0.44%;-0.05%;-0.03%;0.33%;-0.17%;-0.47%;-0.32%;-0.34%;0.00%;-0.56%;0.04%
28-02-18;-0.64%;-0.05%;0.00%;-0.73%;-0.57%;0.02%;0.07%;0.10%;0.00%;0.15%;-0.47%
01-03-18;-1.16%;0.05%;0.04%;-0.30%;-0.66%;0.90%;0.69%;0.78%;0.00%;0.75%;-0.22%
02-03-18;-0.03%;0.09%;0.01%;-0.89%;0.18%;0.60%;0.24%;0.39%;0.00%;0.43%;-0.23%
03-03-18;0.00%;0.00%;0.00%;0.00%;-0.86%;-0.15%;-0.04%;-0.15%;0.00%;0.00%;0.00%
04-03-18;0.00%;0.00%;0.00%;0.00%;0.00%;0.00%;0.00%;0.00%;0.00%;0.00%;0.00%
05-03-18;-0.12%;0.04%;0.04%;0.32%;0.32%;0.32%;0.32%;0.32%;0.00%;0.32%;-0.27%
06-03-18;0.13%;-0.02%;0.02%;1.21%;-0.08%;0.40%;0.55%;0.48%;0.00%;0.41%;0.35%
07-03-18;0.01%;-0.02%;0.01%;-0.22%;0.75%;-0.81%;-0.51%;-0.68%;0.00%;-0.77%;0.13%
08-03-18;0.38%;-0.03%;-0.08%;0.92%;0.62%;1.03%;0.91%;0.85%;0.00%;1.00%;0.41%
09-03-18;1.03%;-0.08%;-0.23%;1.01%;1.06%;0.65%;0.48%;0.58%;0.00%;0.55%;0.62%
10-03-18;0.00%;0.00%;0.00%;1.13%;1.00%;-0.10%;0.11%;0.03%;0.00%;0.00%;0.00%
11-03-18;0.00%;0.00%;0.00%;0.00%;0.00%;0.00%;0.00%;0.00%;0.00%;0.00%;0.00%
12-03-18;0.22%;0.03%;0.02%;-0.27%;-0.27%;-0.27%;-0.27%;-0.27%;0.00%;-0.27%;0.66%
13-03-18;-0.31%;0.13%;0.24%;0.28%;1.28%;0.15%;0.11%;0.13%;0.00%;0.05%;0.54%
14-03-18;-0.22%;0.05%;0.06%;-0.72%;-0.14%;-0.20%;-0.22%;-0.32%;0.00%;-0.28%;-0.20%
15-03-18;-0.42%;0.04%;0.09%;-0.63%;-0.58%;-0.03%;-0.28%;-0.10%;0.00%;-0.17%;-0.43%
16-03-18;0.15%;0.08%;0.10%;0.36%;0.20%;0.41%;0.27%;0.35%;0.00%;0.40%;0.10%
17-03-18;0.00%;0.00%;0.00%;0.04%;-0.25%;-0.01%;-0.05%;-0.02%;0.00%;0.00%;0.00%
18-03-18;0.00%;0.00%;0.00%;0.00%;0.00%;0.00%;0.00%;0.00%;0.00%;0.00%;0.00%
19-03-18;-0.33%;0.06%;0.13%;0.67%;0.67%;0.67%;0.67%;0.67%;0.00%;0.67%;0.30%
20-03-18;-0.54%;-0.02%;-0.05%;-0.82%;-0.50%;0.33%;0.23%;0.12%;0.00%;0.29%;-0.38%
21-03-18;-0.13%;-0.02%;-0.07%;0.06%;0.57%;-0.06%;-0.15%;-0.15%;0.00%;0.03%;-0.07%
22-03-18;-0.32%;0.03%;0.01%;-0.46%;-0.41%;-0.48%;-0.35%;-0.37%;0.00%;-0.39%;-0.19%
23-03-18;-0.48%;0.11%;0.09%;-1.63%;-0.98%;0.39%;0.07%;0.17%;0.00%;0.09%;-0.83%
24-03-18;0.00%;0.00%;0.00%;-1.76%;-2.08%;-0.01%;-0.09%;-0.19%;0.00%;0.00%;0.00%
25-03-18;0.00%;0.00%;0.00%;0.00%;0.00%;0.00%;0.00%;0.00%;0.00%;0.00%;0.00%
26-03-18;-0.74%;0.15%;0.09%;0.06%;0.06%;0.06%;0.06%;0.06%;0.00%;0.06%;-1.09%
27-03-18;0.50%;0.15%;0.04%;1.25%;0.53%;-0.36%;-0.19%;-0.32%;0.00%;-0.34%;0.48%
28-03-18;-0.22%;0.15%;0.07%;-0.72%;0.19%;0.11%;0.03%;0.22%;0.00%;-0.07%;-0.07%
29-03-18;1.21%;0.07%;0.11%;-0.36%;-1.97%;0.00%;-0.18%;-0.04%;0.00%;-0.06%;-0.71%
30-03-18;0.00%;0.00%;0.00%;0.56%;0.30%;-0.18%;-0.25%;-0.07%;3.09%;-0.31%;0.00%
31-03-18;0.00%;0.00%;0.00%;0.06%;0.14%;0.00%;0.00%;0.00%;0.00%;0.00%;0.00%
01-04-18;0.00%;0.00%;0.00%;0.00%;0.00%;0.00%;0.00%;0.00%;0.00%;1.87%;0.00%
02-04-18;-0.60%;0.01%;0.12%;0.00%;0.00%;0.00%;0.00%;0.00%;0.00%;0.00%;0.58%
03-04-18;0.52%;0.01%;0.02%;-1.27%;0.00%;0.14%;0.09%;0.12%;0.00%;0.11%;-0.26%
04-04-18;0.17%;0.09%;0.07%;0.44%;0.00%;-0.17%;-0.10%;-0.07%;0.00%;-0.07%;0.22%
05-04-18;1.08%;0.11%;0.07%;0.81%;-1.04%;0.21%;0.25%;0.21%;0.00%;0.19%;-0.11%
06-04-18;-0.31%;-0.01%;-0.03%;0.60%;0.59%;-0.50%;-0.20%;-0.24%;0.00%;-0.35%;0.55%
07-04-18;0.00%;0.00%;0.00%;-1.33%;-0.39%;0.16%;0.12%;0.15%;0.00%;0.00%;0.00%
08-04-18;0.00%;0.00%;0.00%;0.00%;0.00%;0.00%;0.00%;0.00%;0.00%;0.00%;0.00%
09-04-18;0.14%;0.03%;0.02%;0.41%;0.41%;0.41%;0.41%;0.41%;0.00%;0.41%;-0.09%
10-04-18;0.18%;0.09%;0.01%;0.32%;-0.01%;-0.10%;-0.01%;-0.26%;0.00%;-0.10%;-0.08%
11-04-18;0.07%;0.10%;0.15%;0.97%;0.63%;-0.48%;-0.23%;-0.54%;0.00%;-0.42%;0.36%
12-04-18;0.28%;0.10%;0.02%;-0.82%;-0.43%;-0.36%;-0.37%;-0.44%;0.00%;-0.46%;-0.34%
13-04-18;0.02%;0.03%;0.04%;0.03%;-0.26%;-0.51%;-0.32%;-0.38%;0.00%;-0.37%;-0.06%
14-04-18;0.00%;0.00%;0.00%;-0.09%;-0.57%;0.02%;0.11%;-0.03%;0.00%;0.00%;0.00%
15-04-18;0.00%;0.00%;0.00%;0.00%;0.00%;0.00%;0.00%;0.00%;0.00%;0.00%;0.00%
16-04-18;-0.25%;0.02%;0.03%;-0.25%;-0.25%;-0.25%;-0.25%;-0.25%;0.00%;-0.25%;-0.21%
17-04-18;0.27%;0.07%;-0.05%;0.63%;-0.50%;0.08%;0.22%;0.03%;0.00%;0.09%;-0.11%
18-04-18;0.84%;0.06%;0.04%;0.76%;0.08%;0.06%;0.02%;-0.03%;0.00%;-0.03%;0.17%
19-04-18;0.20%;0.04%;0.06%;0.11%;0.77%;-0.35%;-0.19%;-0.30%;0.00%;-0.24%;0.42%
20-04-18;0.39%;-0.02%;-0.02%;-0.35%;0.68%;-0.25%;-0.28%;-0.24%;0.00%;0.00%;-0.01%
21-04-18;0.00%;0.00%;0.00%;-0.76%;-1.35%;-0.12%;-0.26%;-0.23%;0.00%;0.00%;0.00%
22-04-18;0.00%;0.00%;0.00%;0.00%;0.00%;0.00%;0.00%;0.00%;0.00%;0.00%;0.00%
23-04-18;0.33%;-0.04%;0.05%;0.31%;0.31%;0.31%;0.31%;0.31%;0.00%;0.31%;-0.31%
24-04-18;-0.45%;-0.14%;-0.05%;0.61%;-0.13%;0.63%;0.50%;0.55%;0.00%;0.72%;0.20%
25-04-18;-0.17%;-0.25%;-0.28%;-0.86%;-0.46%;-0.15%;-0.23%;-0.12%;0.00%;-0.12%;-0.19%
26-04-18;0.14%;-0.06%;-0.14%;0.33%;-0.67%;0.44%;0.24%;0.24%;0.00%;0.55%;-0.24%
27-04-18;0.17%;0.16%;0.14%;0.79%;0.38%;0.18%;0.03%;0.05%;0.00%;0.02%;0.20%
28-04-18;0.00%;0.00%;0.00%;0.19%;1.04%;0.16%;-0.05%;0.01%;0.00%;0.00%;0.00%
29-04-18;0.00%;0.00%;0.00%;0.00%;0.00%;0.00%;0.00%;0.00%;0.00%;0.00%;0.00%
30-04-18;0.41%;0.13%;0.11%;0.40%;0.40%;0.40%;0.40%;0.40%;0.00%;0.40%;0.63%
01-05-18;0.00%;0.00%;0.00%;0.42%;1.57%;0.94%;0.83%;0.88%;0.00%;0.86%;0.00%
02-05-18;-0.18%;0.10%;0.14%;-0.13%;-0.16%;-0.06%;-0.31%;-0.26%;0.00%;0.00%;0.64%
03-05-18;-0.83%;0.06%;0.08%;0.76%;0.15%;1.05%;0.92%;0.79%;0.00%;1.09%;0.35%
04-05-18;-0.24%;0.12%;0.05%;0.01%;-0.94%;0.37%;0.04%;-0.01%;0.00%;0.24%;-0.30%
05-05-18;0.00%;0.00%;0.00%;0.88%;-0.14%;-0.03%;-0.08%;-0.09%;0.00%;0.00%;0.00%
06-05-18;0.00%;0.00%;0.00%;0.00%;0.00%;0.00%;0.00%;0.00%;0.00%;0.00%;0.00%
07-05-18;0.35%;0.03%;0.06%;0.35%;0.35%;0.35%;0.35%;0.35%;0.00%;0.35%;0.25%
08-05-18;0.00%;-0.03%;0.07%;1.29%;1.22%;0.93%;0.96%;0.90%;0.00%;0.92%;0.65%
09-05-18;0.44%;-0.13%;-0.11%;1.33%;1.70%;1.30%;1.10%;1.03%;0.00%;1.41%;1.07%
10-05-18;0.87%;-0.10%;-0.12%;0.23%;-0.39%;-0.57%;-0.59%;-0.75%;0.00%;-0.49%;-0.15%
11-05-18;-0.08%;0.03%;-0.02%;-0.28%;0.14%;-0.86%;-0.65%;-0.38%;0.00%;-0.97%;-0.10%
12-05-18;0.00%;0.00%;0.00%;0.42%;0.69%;0.03%;0.21%;0.22%;0.00%;0.00%;0.00%
13-05-18;0.00%;0.00%;0.00%;0.00%;0.00%;0.00%;0.00%;0.00%;0.00%;0.00%;0.00%
14-05-18;-0.05%;0.15%;0.22%;-1.34%;-1.34%;-1.34%;-1.34%;-1.34%;0.00%;-1.34%;-0.56%
15-05-18;0.28%;-0.11%;-0.10%;0.92%;1.10%;0.62%;0.78%;0.70%;0.00%;0.72%;0.45%
16-05-18;0.32%;-0.02%;0.09%;0.81%;-0.04%;1.28%;1.14%;1.08%;0.00%;1.56%;0.35%
17-05-18;-0.67%;-0.01%;0.18%;-0.14%;0.13%;-0.34%;-0.33%;-0.21%;0.00%;-0.29%;-0.03%
18-05-18;-0.29%;-0.07%;-0.01%;0.38%;-0.71%;0.13%;0.19%;0.08%;0.00%;0.23%;-0.07%
19-05-18;0.00%;0.00%;0.00%;-0.20%;-0.54%;0.14%;-0.16%;-0.11%;0.00%;0.00%;0.00%
20-05-18;0.00%;0.00%;0.00%;0.00%;0.00%;0.00%;0.00%;0.00%;0.00%;0.00%;0.00%
21-05-18;0.00%;0.00%;0.00%;0.74%;0.74%;0.74%;0.74%;0.74%;0.00%;0.74%;0.00%
22-05-18;-0.49%;-0.03%;0.01%;0.48%;-0.10%;0.00%;-0.05%;-0.02%;0.00%;0.00%;0.41%
23-05-18;-0.49%;-0.02%;0.00%;-1.64%;-1.07%;-1.56%;-1.39%;-1.31%;0.00%;-1.56%;-0.97%
24-05-18;-0.83%;0.00%;0.03%;-0.62%;-1.13%;-0.13%;-0.46%;-0.10%;0.00%;-0.34%;-0.75%
25-05-18;0.14%;0.09%;0.05%;-0.35%;0.08%;0.04%;0.01%;0.11%;0.00%;-0.11%;-0.24%
26-05-18;0.00%;0.00%;0.00%;-0.32%;0.17%;0.16%;-0.10%;0.20%;0.00%;0.00%;0.00%
27-05-18;0.00%;0.00%;0.00%;0.00%;0.00%;0.00%;0.00%;0.00%;0.00%;0.00%;0.00%
28-05-18;-0.07%;0.07%;0.03%;0.16%;0.16%;0.16%;0.16%;0.16%;0.00%;0.16%;0.14%
29-05-18;-1.27%;0.02%;0.01%;-0.31%;-0.11%;-0.14%;-0.14%;-0.14%;0.00%;-0.14%;-0.17%
30-05-18;-0.16%;0.03%;0.09%;-0.63%;-0.43%;0.84%;0.11%;0.70%;0.00%;0.50%;-0.86%
31-05-18;-0.58%;-0.02%;0.01%;0.97%;-1.07%;-0.05%;0.19%;-0.08%;0.00%;0.13%;0.15%
01-06-18;0.29%;0.00%;0.02%;0.13%;1.20%;0.59%;0.48%;0.27%;0.00%;0.47%;0.47%
02-06-18;0.00%;0.00%;0.00%;0.78%;0.86%;-0.19%;-0.06%;-0.33%;0.00%;0.00%;0.00%
03-06-18;0.00%;0.00%;0.00%;0.00%;0.00%;0.00%;0.00%;0.00%;0.00%;0.00%;0.00%
04-06-18;1.41%;0.07%;0.06%;0.09%;0.09%;0.09%;0.09%;0.09%;0.00%;0.09%;0.34%
05-06-18;-0.60%;0.04%;0.07%;0.37%;1.23%;-0.29%;0.02%;-0.15%;0.00%;-0.23%;0.46%
06-06-18;-0.47%;-0.08%;-0.02%;0.45%;0.37%;0.59%;0.63%;0.62%;0.00%;0.56%;0.41%
07-06-18;-0.47%;0.00%;0.04%;0.07%;-0.24%;-1.10%;-0.63%;-0.96%;0.00%;-0.75%;-0.46%
08-06-18;0.97%;0.11%;0.07%;0.28%;0.23%;0.26%;0.32%;0.21%;0.00%;0.23%;-0.12%
09-06-18;0.00%;0.00%;0.00%;0.01%;-1.24%;0.01%;-0.14%;-0.08%;0.00%;0.00%;0.00%
10-06-18;0.00%;0.00%;0.00%;0.00%;0.00%;0.00%;0.00%;0.00%;0.00%;0.00%;0.00%
11-06-18;-0.05%;0.09%;0.11%;-0.03%;-0.03%;-0.03%;-0.03%;-0.03%;0.00%;-0.03%;-0.08%
12-06-18;0.34%;-0.01%;-0.05%;0.68%;0.73%;0.36%;0.47%;0.29%;0.00%;0.37%;0.57%
13-06-18;-0.27%;-0.01%;0.09%;0.27%;0.32%;0.24%;0.13%;0.04%;0.00%;0.21%;0.18%
14-06-18;-0.08%;-0.01%;0.03%;-0.17%;-0.35%;0.08%;0.05%;-0.04%;0.00%;0.06%;-0.08%
15-06-18;-0.94%;0.03%;0.09%;0.01%;-0.95%;0.12%;-0.18%;0.02%;0.00%;-0.09%;-0.44%
16-06-18;0.00%;0.00%;0.00%;-0.36%;-1.06%;0.14%;-0.14%;-0.08%;0.00%;0.00%;0.00%
17-06-18;0.00%;0.00%;0.00%;0.00%;0.00%;0.00%;0.00%;0.00%;0.00%;0.00%;0.00%
18-06-18;-0.43%;0.08%;0.02%;0.37%;0.37%;0.37%;0.37%;0.37%;0.00%;0.37%;-0.08%
19-06-18;-0.30%;0.05%;0.05%;-0.23%;-0.54%;0.18%;-0.04%;-0.10%;0.00%;0.16%;-0.39%
20-06-18;-0.26%;0.05%;0.00%;-0.02%;-1.25%;0.76%;0.35%;0.42%;0.00%;0.65%;-0.29%
21-06-18;-0.55%;0.04%;0.03%;-0.09%;0.38%;-0.47%;-0.13%;-0.11%;0.00%;-0.39%;0.01%
22-06-18;-0.01%;0.01%;-0.01%;-0.29%;-0.94%;0.28%;0.36%;0.48%;0.00%;0.26%;-0.37%
23-06-18;0.00%;0.00%;0.00%;0.43%;0.72%;-0.02%;0.20%;0.29%;0.00%;0.00%;0.00%
24-06-18;0.00%;0.00%;0.00%;0.00%;0.00%;0.00%;0.00%;0.00%;0.00%;0.00%;0.00%
25-06-18;-1.44%;0.04%;0.04%;-0.51%;-0.51%;-0.51%;-0.51%;-0.51%;0.00%;-0.51%;-0.24%
26-06-18;0.07%;0.00%;-0.06%;-1.09%;-1.13%;0.35%;0.19%;0.22%;0.00%;0.30%;-0.61%
27-06-18;-0.24%;0.01%;0.03%;0.26%;-0.16%;0.09%;-0.02%;0.06%;0.00%;0.13%;-0.28%
28-06-18;-0.55%;0.00%;0.01%;0.31%;-0.58%;1.08%;0.66%;0.96%;0.00%;0.88%;-0.23%
29-06-18;0.72%;0.00%;-0.06%;0.50%;-0.14%;0.29%;-0.01%;0.18%;4.20%;0.32%;0.10%
30-06-18;0.00%;0.00%;0.00%;0.47%;2.16%;0.08%;0.19%;0.05%;0.00%;0.00%;0.00%
01-07-18;0.00%;0.00%;0.00%;0.00%;0.00%;0.00%;0.00%;0.00%;0.00%;1.40%;0.00%
02-07-18;0.00%;0.00%;0.00%;0.50%;0.50%;0.50%;0.50%;0.50%;0.00%;0.50%;0.00%
03-07-18;-0.73%;0.04%;0.09%;-0.34%;-0.95%;0.02%;-0.29%;-0.09%;0.00%;0.00%;0.47%
04-07-18;-0.21%;0.03%;-0.02%;0.13%;-0.01%;0.23%;0.39%;0.40%;0.00%;0.13%;0.18%
05-07-18;0.45%;0.00%;0.00%;0.18%;0.06%;0.16%;0.19%;0.18%;0.00%;0.18%;-0.09%
06-07-18;0.33%;0.09%;0.05%;1.00%;0.28%;0.35%;0.59%;0.55%;0.00%;0.32%;0.33%
07-07-18;0.00%;0.00%;0.00%;0.84%;0.54%;0.06%;0.27%;0.27%;0.00%;0.00%;0.00%
08-07-18;0.00%;0.00%;0.00%;0.00%;0.00%;0.00%;0.00%;0.00%;0.00%;0.00%;0.00%
09-07-18;0.62%;0.02%;0.00%;0.31%;0.31%;0.31%;0.31%;0.31%;0.00%;0.31%;0.80%
10-07-18;-0.07%;-0.02%;0.04%;-0.02%;0.72%;-0.88%;-0.55%;-0.54%;0.00%;-0.85%;0.22%
11-07-18;-0.47%;-0.03%;0.07%;0.02%;-0.12%;-0.23%;-0.18%;-0.20%;0.00%;-0.20%;0.12%
12-07-18;-0.21%;0.02%;0.02%;-0.58%;-0.75%;0.36%;0.18%;0.25%;0.00%;0.30%;-0.55%
13-07-18;0.32%;-0.01%;-0.04%;-0.02%;-0.12%;-0.64%;-0.62%;-0.59%;0.00%;-0.66%;-0.10%
14-07-18;0.00%;0.00%;0.00%;0.18%;0.51%;0.10%;0.13%;0.25%;0.00%;0.00%;0.00%
15-07-18;0.00%;0.00%;0.00%;0.00%;0.00%;0.00%;0.00%;0.00%;0.00%;0.00%;0.00%
16-07-18;0.00%;0.00%;0.00%;0.08%;0.08%;0.08%;0.08%;0.08%;0.00%;0.08%;0.00%
17-07-18;0.79%;0.03%;0.00%;-0.08%;-0.49%;-0.08%;0.08%;-0.01%;0.00%;0.00%;0.31%
18-07-18;0.38%;-0.03%;-0.05%;1.07%;0.88%;0.87%;0.75%;0.73%;0.00%;0.81%;0.77%
19-07-18;-0.30%;0.09%;0.13%;0.44%;0.08%;0.24%;0.25%;0.31%;0.00%;0.25%;0.35%
20-07-18;0.93%;0.02%;0.04%;0.60%;0.19%;1.03%;0.92%;0.98%;0.00%;0.94%;0.38%
21-07-18;0.00%;0.00%;0.00%;0.20%;0.88%;-0.18%;0.20%;0.02%;0.00%;0.00%;0.00%
22-07-18;0.00%;0.00%;0.00%;0.00%;0.00%;0.00%;0.00%;0.00%;0.00%;0.00%;0.00%
23-07-18;-0.36%;0.09%;0.11%;-0.40%;-0.40%;-0.40%;-0.40%;-0.40%;0.00%;-0.40%;0.30%
24-07-18;0.75%;0.04%;0.09%;0.52%;0.47%;0.22%;0.53%;0.40%;0.00%;0.51%;0.19%
25-07-18;0.01%;0.01%;0.01%;-0.47%;0.00%;-0.96%;-0.96%;-0.95%;0.00%;-1.02%;0.00%
26-07-18;-0.17%;0.00%;-0.03%;-0.51%;-0.21%;-0.93%;-0.94%;-0.81%;0.00%;-1.01%;-0.17%
27-07-18;-1.13%;0.03%;0.03%;-0.10%;-0.07%;-0.23%;0.07%;0.05%;0.00%;-0.11%;-0.10%
28-07-18;0.00%;0.00%;0.00%;-0.27%;0.29%;0.01%;0.07%;0.09%;0.00%;0.00%;0.00%
29-07-18;0.00%;0.00%;0.00%;0.00%;0.00%;0.00%;0.00%;0.00%;0.00%;0.00%;0.00%
30-07-18;0.12%;0.03%;0.05%;-0.81%;-0.81%;-0.81%;-0.81%;-0.81%;0.00%;-0.81%;-0.57%
31-07-18;0.87%;0.04%;0.07%;-1.04%;-0.88%;-0.81%;-0.57%;-0.75%;0.00%;-0.69%;-0.66%
01-08-18;-0.63%;0.05%;0.06%;0.29%;-0.18%;0.22%;0.10%;0.03%;0.00%;0.06%;-0.04%
02-08-18;-0.17%;0.09%;0.05%;0.12%;0.24%;0.03%;0.17%;0.01%;0.00%;0.29%;-0.03%
03-08-18;0.43%;0.01%;0.00%;0.43%;-1.28%;0.53%;0.30%;0.36%;0.00%;0.51%;-0.43%
04-08-18;0.00%;0.00%;0.00%;0.37%;0.57%;0.16%;0.10%;0.19%;0.00%;0.00%;0.00%
05-08-18;0.00%;0.00%;0.00%;0.00%;0.00%;0.00%;0.00%;0.00%;0.00%;0.00%;0.00%
06-08-18;-0.65%;0.05%;0.05%;-0.08%;-0.08%;-0.08%;-0.08%;-0.08%;0.00%;-0.08%;0.41%
07-08-18;-0.59%;0.09%;0.09%;0.55%;0.24%;0.57%;0.45%;0.47%;0.00%;0.46%;0.17%
08-08-18;-0.07%;0.10%;0.09%;-0.28%;0.10%;-0.83%;-0.66%;-0.84%;0.00%;-0.72%;-0.22%
09-08-18;-0.41%;0.10%;0.08%;0.28%;0.31%;0.32%;0.23%;0.16%;0.00%;0.31%;0.03%
10-08-18;-0.47%;0.13%;0.13%;0.22%;0.20%;0.39%;0.11%;0.13%;0.00%;0.29%;-0.18%
11-08-18;0.00%;0.00%;0.00%;-1.10%;-1.51%;0.23%;-0.67%;-0.42%;0.00%;0.00%;0.00%
12-08-18;0.00%;0.00%;0.00%;0.00%;0.00%;0.00%;0.00%;0.00%;0.00%;0.00%;0.00%
13-08-18;-0.75%;0.15%;0.21%;1.24%;1.24%;1.24%;1.24%;1.24%;0.00%;1.24%;-0.15%
14-08-18;0.69%;0.05%;-0.03%;0.14%;-1.09%;0.64%;0.15%;-0.04%;0.00%;0.72%;-0.38%
15-08-18;0.00%;0.00%;0.00%;0.93%;0.40%;0.43%;0.65%;0.83%;0.00%;0.46%;0.00%
16-08-18;-0.24%;0.13%;0.09%;-1.00%;-1.85%;0.12%;-0.17%;0.04%;0.00%;0.00%;0.07%
17-08-18;-0.30%;0.12%;0.13%;1.41%;0.48%;0.63%;1.03%;0.95%;0.00%;0.66%;0.17%
18-08-18;0.00%;0.00%;0.00%;0.34%;0.14%;0.02%;0.01%;-0.01%;0.00%;0.00%;0.00%
19-08-18;0.00%;0.00%;0.00%;0.00%;0.00%;0.00%;0.00%;0.00%;0.00%;0.00%;0.00%
20-08-18;-0.02%;0.15%;0.12%;0.35%;0.35%;0.35%;0.35%;0.35%;0.00%;0.35%;0.32%
21-08-18;0.12%;0.07%;0.13%;0.54%;1.27%;0.38%;0.30%;0.34%;0.00%;0.21%;0.52%
22-08-18;0.41%;0.04%;0.00%;-0.41%;0.31%;-0.77%;-0.45%;-0.62%;0.00%;-0.72%;-0.14%
23-08-18;-0.16%;0.07%;0.03%;-0.46%;-0.05%;-0.66%;-0.43%;-0.51%;0.00%;-0.66%;-0.24%
24-08-18;-0.13%;0.02%;-0.02%;0.43%;0.51%;0.74%;0.68%;0.70%;0.00%;0.74%;0.19%
25-08-18;0.00%;0.00%;0.00%;0.58%;0.19%;-0.02%;0.08%;-0.04%;0.00%;0.00%;0.00%
26-08-18;0.00%;0.00%;0.00%;0.00%;0.00%;0.00%;0.00%;0.00%;0.00%;0.00%;0.00%
27-08-18;0.36%;0.04%;0.03%;-0.44%;-0.44%;-0.44%;-0.44%;-0.44%;0.00%;-0.44%;-0.07%
28-08-18;0.09%;-0.03%;0.01%;-0.03%;0.91%;-0.91%;-0.82%;-0.86%;0.00%;-0.88%;0.13%
29-08-18;0.07%;-0.18%;-0.30%;0.37%;0.39%;0.11%;0.37%;0.23%;0.00%;0.25%;0.38%
30-08-18;-0.85%;-0.13%;-0.14%;1.65%;1.26%;1.22%;1.17%;1.16%;0.00%;1.26%;1.03%
31-08-18;0.45%;0.04%;-0.04%;0.87%;0.11%;1.35%;0.95%;1.00%;0.00%;1.28%;0.15%
01-09-18;0.00%;0.00%;0.00%;-0.27%;-0.17%;0.04%;-0.15%;-0.13%;0.00%;0.00%;0.00%
02-09-18;0.00%;0.00%;0.00%;0.00%;0.00%;0.00%;0.00%;0.00%;0.00%;0.00%;0.00%
03-09-18;-0.50%;0.17%;0.24%;0.75%;0.75%;0.75%;0.75%;0.75%;0.00%;0.75%;0.43%
04-09-18;-1.03%;0.13%;0.13%;0.44%;-0.29%;0.55%;0.50%;0.53%;0.00%;0.53%;0.11%
05-09-18;-0.62%;0.03%;-0.02%;0.82%;0.65%;1.18%;1.02%;0.89%;0.00%;1.31%;0.22%
06-09-18;0.54%;-0.12%;-0.02%;-0.76%;-2.08%;-0.33%;-0.17%;-0.21%;0.00%;-0.30%;-0.90%
07-09-18;1.09%;-0.09%;-0.05%;-1.26%;-1.19%;-0.74%;-0.73%;-0.62%;0.00%;-0.88%;-0.79%
08-09-18;0.00%;0.00%;0.00%;-0.30%;0.47%;-0.20%;-0.04%;-0.06%;0.00%;0.00%;0.00%
09-09-18;0.00%;0.00%;0.00%;0.00%;0.00%;0.00%;0.00%;0.00%;0.00%;0.00%;0.00%
10-09-18;-0.24%;-0.11%;-0.09%;0.51%;0.51%;0.50%;0.51%;0.51%;0.00%;0.51%;0.23%
11-09-18;0.11%;-0.04%;-0.13%;0.84%;-0.54%;0.65%;0.64%;0.47%;0.00%;0.61%;0.20%
12-09-18;0.88%;0.06%;0.03%;1.07%;0.06%;0.71%;0.79%;0.69%;0.00%;0.84%;0.17%
13-09-18;1.73%;0.07%;0.05%;-0.83%;-0.91%;-0.99%;-0.82%;-0.86%;0.00%;-1.06%;-0.28%
14-09-18;-0.05%;0.11%;0.10%;-0.73%;0.10%;-1.20%;-0.84%;-0.84%;0.00%;-1.20%;-0.04%
15-09-18;0.00%;0.00%;0.00%;0.19%;1.07%;-0.10%;0.11%;0.10%;0.00%;0.00%;0.00%
16-09-18;0.00%;0.00%;0.00%;0.00%;0.00%;0.00%;0.00%;0.00%;0.00%;0.00%;0.00%
17-09-18;0.00%;0.00%;0.00%;0.30%;0.30%;0.30%;0.30%;0.30%;0.00%;0.30%;0.00%
18-09-18;0.00%;0.00%;0.00%;-0.28%;-1.18%;0.02%;0.13%;0.04%;0.00%;0.00%;0.00%
19-09-18;0.00%;0.00%;0.00%;0.55%;0.34%;-0.14%;0.01%;-0.16%;0.00%;0.00%;0.00%
20-09-18;1.57%;0.03%;0.08%;0.25%;1.12%;-0.14%;0.06%;0.07%;0.00%;0.00%;0.95%
21-09-18;0.26%;0.05%;0.00%;-0.81%;-1.07%;-1.59%;-1.31%;-1.35%;0.00%;-1.64%;-0.31%
22-09-18;0.00%;0.00%;0.00%;0.20%;1.39%;0.07%;0.14%;0.26%;0.00%;0.00%;0.00%
23-09-18;0.00%;0.00%;0.00%;0.00%;0.00%;0.00%;0.00%;0.00%;0.00%;0.00%;0.00%
24-09-18;-1.14%;-0.04%;-0.03%;-1.09%;-1.09%;-1.09%;-1.09%;-1.09%;0.00%;-1.09%;-0.33%
25-09-18;-0.41%;-0.16%;-0.10%;-0.21%;-0.75%;0.00%;0.19%;0.18%;0.00%;0.11%;-0.48%
26-09-18;-0.38%;-0.19%;-0.01%;0.61%;0.50%;0.45%;0.51%;0.49%;0.00%;0.55%;0.30%
27-09-18;-0.18%;-0.03%;-0.22%;-1.20%;-0.62%;-0.88%;-0.98%;-0.74%;0.00%;-1.04%;-0.52%
28-09-18;-0.53%;0.15%;0.16%;-0.38%;0.17%;-0.31%;-0.28%;-0.07%;4.97%;-0.36%;-0.23%
29-09-18;0.00%;0.00%;0.00%;-0.21%;-0.30%;0.01%;-0.12%;-0.04%;0.00%;0.00%;0.00%
30-09-18;0.00%;0.00%;0.00%;0.00%;0.00%;0.00%;0.00%;0.00%;0.00%;0.00%;0.00%
01-10-18;0.24%;0.15%;0.09%;-0.16%;-0.16%;-0.17%;-0.16%;-0.16%;0.00%;2.45%;-0.33%
02-10-18;0.42%;0.11%;0.11%;-0.44%;-0.78%;-0.74%;-0.58%;-0.68%;0.00%;-0.63%;-0.44%
03-10-18;0.36%;0.04%;0.05%;0.20%;-0.85%;0.49%;0.35%;0.44%;0.00%;0.40%;0.12%
04-10-18;-0.27%;-0.07%;-0.07%;0.06%;0.24%;-0.20%;0.06%;-0.10%;0.00%;0.06%;0.20%
05-10-18;-1.10%;-0.14%;-0.05%;0.85%;-0.74%;1.41%;1.19%;1.15%;0.00%;1.67%;0.18%
06-10-18;0.00%;0.00%;0.00%;-0.65%;-0.95%;-0.16%;-0.19%;-0.18%;0.00%;0.00%;0.00%
07-10-18;0.00%;0.00%;0.00%;0.00%;0.00%;0.00%;0.00%;0.00%;0.00%;0.00%;0.00%
08-10-18;1.07%;-0.04%;-0.09%;0.33%;0.33%;0.33%;0.33%;0.33%;0.00%;0.33%;-0.30%
09-10-18;-0.38%;-0.01%;-0.09%;0.83%;0.67%;1.20%;1.13%;1.19%;0.00%;1.19%;0.76%
10-10-18;-1.19%;-0.17%;0.02%;0.19%;0.26%;0.47%;0.26%;0.39%;0.00%;0.41%;0.03%
11-10-18;-1.20%;-0.18%;-0.06%;-2.32%;-0.83%;-0.06%;-0.11%;-0.06%;0.00%;0.01%;-1.06%
12-10-18;-0.34%;-0.20%;-0.51%;-2.11%;-3.16%;0.26%;0.00%;0.11%;0.00%;0.02%;-1.55%
13-10-18;0.00%;0.00%;0.00%;0.90%;2.64%;0.00%;0.19%;0.10%;0.00%;0.00%;0.00%
14-10-18;0.00%;0.00%;0.00%;0.00%;0.00%;0.00%;0.00%;0.00%;0.00%;0.00%;0.00%
15-10-18;0.00%;0.00%;0.00%;-0.81%;-0.81%;-0.81%;-0.81%;-0.81%;0.00%;-0.81%;0.00%
16-10-18;0.01%;-0.04%;0.13%;-0.40%;-0.86%;-0.02%;0.14%;0.05%;0.00%;0.00%;-0.01%
17-10-18;-0.11%;-0.01%;-0.19%;0.59%;0.18%;-1.08%;-0.98%;-0.97%;0.00%;-1.15%;-0.03%
18-10-18;-0.44%;0.08%;-0.11%;-0.13%;-0.15%;-0.05%;-0.14%;-0.08%;0.00%;-0.06%;0.08%
19-10-18;-0.09%;0.18%;0.12%;-0.51%;-0.63%;0.65%;0.41%;0.49%;0.00%;0.68%;-0.52%
20-10-18;0.00%;0.00%;0.00%;-0.10%;0.06%;-0.07%;-0.09%;-0.16%;0.00%;0.00%;0.00%
21-10-18;0.00%;0.00%;0.00%;0.00%;0.00%;0.00%;0.00%;0.00%;0.00%;0.00%;0.00%
22-10-18;0.01%;0.18%;0.09%;0.33%;0.33%;0.32%;0.33%;0.33%;0.00%;0.33%;0.10%
23-10-18;-0.15%;0.12%;0.15%;0.06%;1.66%;0.55%;0.48%;0.48%;0.00%;0.49%;0.60%
24-10-18;0.42%;0.12%;0.15%;-0.24%;-1.58%;0.82%;0.41%;0.61%;0.00%;0.71%;-0.55%
25-10-18;-0.09%;0.01%;-0.05%;-1.99%;-0.52%;0.39%;0.19%;0.33%;0.00%;0.26%;-0.61%
26-10-18;-0.31%;0.01%;0.08%;0.97%;-0.33%;0.13%;-0.12%;0.01%;0.00%;0.09%;-0.06%
27-10-18;0.00%;0.00%;0.00%;-1.22%;-0.99%;0.21%;-0.16%;0.08%;0.00%;0.00%;0.00%
28-10-18;0.00%;0.00%;0.00%;0.00%;0.00%;0.00%;0.00%;0.00%;0.00%;0.00%;0.00%
29-10-18;-1.01%;0.09%;0.01%;0.37%;0.37%;0.37%;0.37%;0.37%;0.00%;0.37%;-0.27%
30-10-18;-0.88%;-0.01%;-0.20%;-0.62%;-0.81%;-0.31%;-0.23%;-0.37%;0.00%;-0.31%;-0.45%
31-10-18;1.59%;0.06%;0.13%;1.87%;0.95%;0.67%;0.57%;0.60%;0.00%;0.78%;0.32%
01-11-18;0.00%;0.00%;0.00%;1.99%;2.83%;0.62%;0.81%;0.60%;0.00%;0.75%;0.00%
02-11-18;0.00%;0.00%;0.00%;0.94%;1.62%;0.02%;0.26%;0.12%;0.00%;0.00%;0.00%
03-11-18;0.00%;0.00%;0.00%;-0.20%;2.57%;-0.19%;0.16%;0.07%;0.00%;0.00%;0.00%
04-11-18;0.00%;0.00%;0.00%;0.00%;0.00%;0.00%;0.00%;0.00%;0.00%;0.00%;0.00%
05-11-18;2.44%;0.29%;0.17%;0.00%;0.00%;0.00%;0.00%;0.00%;0.00%;0.00%;3.31%
06-11-18;-0.45%;0.14%;0.21%;-2.09%;-2.72%;-2.22%;-2.13%;-2.17%;0.00%;-2.28%;-1.29%
07-11-18;0.01%;0.04%;0.02%;0.09%;-0.41%;-0.45%;-0.28%;-0.35%;0.00%;-0.40%;-0.24%
08-11-18;0.09%;-0.03%;-0.03%;1.06%;0.00%;-0.54%;-0.29%;-0.50%;0.00%;-0.58%;0.25%
09-11-18;-0.86%;-0.05%;0.07%;-0.09%;-0.46%;-0.12%;-0.09%;-0.12%;0.00%;-0.03%;-0.32%
10-11-18;0.00%;0.00%;0.00%;-0.92%;-1.76%;0.15%;-0.38%;-0.05%;0.00%;0.00%;0.00%
11-11-18;0.00%;0.00%;0.00%;0.00%;0.00%;0.00%;0.00%;0.00%;0.00%;0.00%;0.00%
12-11-18;-0.48%;0.03%;-0.01%;0.81%;0.81%;0.81%;0.81%;0.81%;0.00%;0.81%;-0.45%
13-11-18;-0.35%;0.03%;0.01%;-1.09%;-0.41%;0.64%;0.40%;0.59%;0.00%;0.59%;-0.29%
14-11-18;0.07%;0.00%;-0.03%;0.38%;0.44%;0.51%;0.19%;0.33%;0.00%;0.48%;0.18%
15-11-18;0.64%;0.05%;-0.02%;-0.81%;-0.03%;-0.23%;-0.48%;-0.30%;0.00%;-0.26%;-0.21%
16-11-18;0.22%;0.07%;0.04%;-0.67%;0.06%;-1.20%;-1.60%;-1.41%;0.00%;-1.25%;-0.24%
17-11-18;0.00%;0.00%;0.00%;0.27%;0.55%;0.10%;-0.06%;0.10%;0.00%;0.00%;0.00%
18-11-18;0.00%;0.00%;0.00%;0.00%;0.00%;0.00%;0.00%;0.00%;0.00%;0.00%;0.00%
19-11-18;-0.43%;0.11%;0.11%;-0.90%;-0.90%;-0.90%;-0.90%;-0.90%;0.00%;-0.90%;-0.29%
20-11-18;-1.06%;0.13%;0.05%;-1.44%;-0.15%;-0.32%;-0.43%;-0.42%;0.00%;-0.35%;-0.40%
21-11-18;0.48%;0.12%;0.14%;-1.44%;-1.41%;0.15%;-0.31%;-0.21%;0.00%;0.19%;-1.25%
22-11-18;-0.26%;-0.02%;-0.01%;0.12%;-0.03%;-0.26%;-0.11%;-0.22%;0.00%;-0.28%;0.04%
23-11-18;0.38%;0.02%;-0.03%;-0.32%;-0.19%;-0.28%;-0.25%;-0.30%;0.00%;-0.30%;-0.06%
24-11-18;0.00%;0.00%;0.00%;-0.45%;-0.70%;0.08%;-0.23%;-0.09%;0.00%;0.00%;0.00%
25-11-18;0.00%;0.00%;0.00%;0.00%;0.00%;0.00%;0.00%;0.00%;0.00%;0.00%;0.00%
26-11-18;-0.16%;0.02%;-0.09%;0.87%;0.87%;0.87%;0.87%;0.87%;0.00%;0.87%;0.28%
27-11-18;-0.10%;0.01%;0.01%;1.60%;1.15%;0.39%;0.42%;0.27%;0.00%;0.38%;0.66%
28-11-18;-0.24%;0.11%;0.18%;0.06%;0.38%;0.04%;-0.31%;-0.15%;0.00%;0.01%;0.06%
29-11-18;0.67%;0.13%;-0.02%;0.94%;0.64%;-0.53%;-0.28%;-0.29%;0.00%;-0.54%;0.42%
30-11-18;-0.66%;0.11%;0.05%;-0.17%;0.21%;-0.33%;-0.14%;-0.18%;0.00%;-0.44%;0.11%
01-12-18;0.00%;0.00%;0.00%;0.33%;-0.33%;0.02%;-0.05%;0.09%;0.00%;0.00%;0.00%
02-12-18;0.00%;0.00%;0.00%;0.00%;0.00%;0.00%;0.00%;0.00%;0.00%;0.00%;0.00%
03-12-18;0.74%;0.03%;0.09%;0.25%;0.25%;0.25%;0.25%;0.25%;0.00%;0.25%;0.10%
04-12-18;-0.09%;0.07%;0.04%;0.54%;1.52%;-0.53%;-0.18%;-0.19%;0.00%;-0.69%;0.72%
05-12-18;-0.12%;0.09%;0.10%;-2.05%;0.12%;0.64%;0.23%;0.42%;0.00%;0.38%;-0.61%
06-12-18;-0.39%;0.07%;-0.11%;0.00%;-0.81%;0.41%;0.35%;0.41%;0.00%;0.41%;-0.15%
07-12-18;-0.48%;0.10%;0.21%;0.01%;-1.43%;1.05%;0.50%;0.81%;0.00%;0.89%;-0.63%
08-12-18;0.00%;0.00%;0.00%;-1.29%;0.25%;0.05%;0.22%;0.27%;0.00%;0.00%;0.00%
09-12-18;0.00%;0.00%;0.00%;0.00%;0.00%;0.00%;0.00%;0.00%;0.00%;0.00%;0.00%
10-12-18;-1.03%;0.10%;0.05%;-0.55%;-0.55%;-0.55%;-0.55%;-0.55%;0.00%;-0.55%;-0.55%
11-12-18;0.61%;-0.03%;-0.16%;-0.19%;-1.47%;0.57%;0.17%;0.36%;0.00%;0.44%;-0.92%
12-12-18;0.79%;0.01%;0.04%;0.52%;0.64%;0.37%;0.46%;0.46%;0.00%;0.43%;0.54%
13-12-18;0.70%;-0.05%;0.08%;0.91%;1.29%;-0.24%;0.17%;0.02%;0.00%;-0.17%;0.86%
14-12-18;0.10%;-0.06%;-0.02%;0.29%;1.03%;0.36%;0.50%;0.56%;0.00%;0.35%;0.55%
15-12-18;0.00%;0.00%;0.00%;-1.62%;-1.39%;0.13%;-0.18%;0.05%;0.00%;0.00%;0.00%
16-12-18;0.00%;0.00%;0.00%;0.00%;0.00%;0.00%;0.00%;0.00%;0.00%;0.00%;0.00%
17-12-18;-0.94%;0.00%;-0.04%;0.77%;0.77%;0.77%;0.77%;0.77%;0.00%;0.77%;-0.27%
18-12-18;0.18%;0.10%;0.01%;-1.65%;-0.61%;-0.09%;-0.24%;-0.07%;0.00%;-0.19%;-0.65%
19-12-18;-0.07%;0.14%;0.04%;0.18%;0.00%;0.65%;0.29%;0.53%;0.00%;0.50%;0.12%
20-12-18;-1.01%;0.16%;0.15%;-0.82%;0.48%;0.14%;-0.01%;0.09%;0.00%;-0.01%;-0.18%
21-12-18;0.07%;0.16%;0.03%;-1.64%;-0.85%;-0.06%;-0.82%;-0.22%;0.00%;-0.05%;-0.70%
22-12-18;0.00%;0.00%;0.00%;-1.51%;-0.25%;-0.11%;-0.18%;-0.11%;0.00%;0.00%;0.00%
23-12-18;0.00%;0.00%;0.00%;0.00%;0.00%;0.00%;0.00%;0.00%;0.00%;0.00%;0.00%
24-12-18;-0.46%;0.10%;0.12%;0.54%;0.54%;0.54%;0.54%;0.54%;0.00%;0.54%;-0.37%
25-12-18;0.00%;0.00%;0.00%;-1.64%;-0.35%;0.26%;-0.02%;0.20%;0.00%;0.12%;0.00%
26-12-18;0.53%;-0.02%;0.05%;-0.43%;-0.27%;0.04%;0.00%;0.00%;0.00%;0.00%;-0.35%
27-12-18;0.17%;0.26%;0.18%;3.21%;0.18%;0.05%;0.07%;0.02%;0.00%;0.16%;0.60%
28-12-18;0.63%;0.12%;0.06%;0.91%;0.67%;0.38%;0.38%;0.41%;0.00%;0.27%;0.55%
29-12-18;0.00%;0.00%;0.00%;0.47%;1.08%;0.05%;0.28%;0.09%;0.00%;0.00%;0.00%
30-12-18;0.00%;0.00%;0.00%;0.00%;0.00%;0.00%;0.00%;0.00%;0.00%;0.00%;0.00%
31-12-18;0.00%;0.06%;0.05%;-0.13%;-0.13%;-0.14%;-0.13%;-0.13%;-0.05%;-0.13%;0.58%
01-01-19;0.00%;0.00%;0.00%;0.70%;0.33%;0.12%;0.11%;0.08%;0.00%;-1.15%;0.00%
02-01-19;0.32%;0.26%;0.11%;0.00%;0.03%;0.00%;0.00%;0.00%;0.00%;0.00%;0.19%
03-01-19;0.01%;0.14%;0.17%;0.19%;-0.73%;0.50%;0.23%;0.39%;0.00%;0.33%;0.16%
04-01-19;1.02%;0.14%;0.15%;-1.41%;-0.57%;0.33%;0.21%;0.45%;0.00%;0.08%;-0.31%
05-01-19;0.00%;0.00%;0.00%;2.72%;1.61%;-0.25%;0.74%;0.18%;0.00%;0.00%;0.00%
06-01-19;0.00%;0.00%;0.00%;0.00%;0.00%;0.00%;0.00%;0.00%;0.00%;0.00%;0.00%
07-01-19;-0.01%;-0.01%;0.01%;-1.33%;-1.33%;-1.33%;-1.33%;-1.33%;0.00%;-1.33%;0.39%
08-01-19;0.51%;-0.13%;-0.20%;-0.46%;0.06%;-1.32%;-0.57%;-0.91%;0.00%;-1.28%;-0.01%
09-01-19;0.74%;-0.02%;0.34%;0.89%;-0.18%;-0.07%;0.34%;0.04%;0.00%;0.06%;0.45%
10-01-19;0.61%;-0.17%;-0.20%;0.50%;1.63%;-0.26%;0.29%;-0.03%;0.00%;-0.30%;0.92%
11-01-19;0.94%;-0.05%;0.01%;0.28%;0.35%;-0.08%;-0.08%;-0.18%;0.00%;-0.08%;0.13%
12-01-19;0.00%;0.00%;0.00%;-0.03%;0.24%;0.11%;0.06%;0.09%;0.00%;0.00%;0.00%
13-01-19;0.00%;0.00%;0.00%;0.00%;0.00%;0.00%;0.00%;0.00%;0.00%;0.00%;0.00%
14-01-19;0.06%;0.04%;0.04%;-0.36%;-0.36%;-0.36%;-0.36%;-0.36%;0.00%;-0.36%;-0.01%
15-01-19;0.26%;0.07%;0.07%;-0.48%;-0.87%;0.00%;-0.09%;0.01%;0.00%;-0.03%;-0.40%
16-01-19;0.70%;-0.01%;0.02%;0.62%;1.07%;-0.13%;-0.06%;-0.01%;0.00%;-0.18%;0.37%
17-01-19;0.31%;-0.09%;0.03%;0.00%;0.27%;-0.16%;0.12%;0.01%;0.00%;-0.15%;0.28%
18-01-19;0.68%;-0.14%;-0.14%;0.27%;-0.24%;-0.23%;-0.17%;-0.17%;0.00%;-0.20%;0.11%
19-01-19;0.00%;0.00%;0.00%;1.27%;0.89%;-0.05%;0.35%;0.24%;0.00%;0.00%;0.00%
20-01-19;0.00%;0.00%;0.00%;0.00%;0.00%;0.00%;0.00%;0.00%;0.00%;0.00%;0.00%
21-01-19;-0.31%;-0.24%;-0.10%;-0.19%;-0.19%;-0.19%;-0.19%;-0.19%;0.00%;-0.19%;0.55%
22-01-19;-0.97%;-0.14%;0.02%;0.35%;0.39%;0.37%;0.36%;0.35%;0.00%;0.35%;0.27%
23-01-19;0.06%;0.12%;-0.05%;-1.12%;-0.79%;0.16%;-0.10%;0.11%;0.00%;-0.02%;-0.76%
24-01-19;0.20%;0.21%;0.07%;0.09%;0.12%;0.03%;0.21%;0.27%;0.00%;0.02%;0.10%
25-01-19;0.41%;0.21%;0.11%;0.12%;0.74%;0.19%;0.04%;0.25%;0.00%;-0.04%;0.26%
26-01-19;0.00%;0.00%;0.00%;0.94%;1.26%;-0.06%;0.24%;0.03%;0.00%;0.00%;0.00%
27-01-19;0.00%;0.00%;0.00%;0.00%;0.00%;0.00%;0.00%;0.00%;0.00%;0.00%;0.00%
28-01-19;0.06%;0.15%;0.10%;-0.76%;-0.76%;-0.76%;-0.76%;-0.76%;0.00%;-0.76%;0.29%
29-01-19;-0.44%;0.05%;0.08%;0.00%;0.22%;0.69%;0.58%;0.52%;0.00%;0.64%;0.05%
30-01-19;-0.45%;0.01%;0.13%;-0.23%;-0.09%;-0.15%;-0.28%;-0.27%;0.00%;-0.25%;-0.13%
31-01-19;0.42%;0.16%;0.10%;0.65%;0.24%;-0.35%;-0.28%;-0.40%;0.00%;-0.43%;0.03%
01-02-19;0.70%;0.15%;0.07%;-0.47%;-0.08%;-1.07%;-0.67%;-0.66%;0.00%;-1.35%;-0.07%
02-02-19;0.00%;0.00%;0.00%;0.06%;0.03%;-0.11%;0.07%;0.02%;0.00%;0.00%;0.00%
03-02-19;0.00%;0.00%;0.00%;0.00%;0.00%;0.00%;0.00%;0.00%;0.00%;0.00%;0.00%
04-02-19;0.34%;0.17%;0.14%;-0.37%;-0.37%;-0.37%;-0.37%;-0.37%;0.00%;-0.37%;-0.14%
05-02-19;-0.06%;0.09%;0.12%;0.16%;-0.45%;-0.32%;-0.22%;-0.23%;0.00%;-0.24%;0.04%
06-02-19;-0.55%;0.03%;0.03%;0.51%;0.21%;-0.03%;0.12%;0.11%;0.00%;-0.16%;0.19%
07-02-19;0.02%;-0.04%;-0.01%;-0.03%;-0.15%;0.20%;0.20%;0.12%;0.00%;0.17%;-0.17%
08-02-19;-0.79%;0.04%;0.00%;-0.90%;-0.54%;0.20%;-0.21%;0.03%;0.00%;0.08%;-0.46%
09-02-19;0.00%;0.00%;0.00%;-0.30%;-0.57%;0.11%;-0.19%;-0.09%;0.00%;0.00%;0.00%
10-02-19;0.00%;0.00%;0.00%;0.00%;0.00%;0.00%;0.00%;0.00%;0.00%;0.00%;0.00%
11-02-19;-0.01%;0.25%;0.12%;0.31%;0.31%;0.31%;0.31%;0.31%;0.00%;0.31%;-0.34%
12-02-19;0.12%;0.06%;0.16%;0.72%;0.62%;0.61%;0.57%;0.55%;0.00%;0.66%;0.45%
13-02-19;0.03%;-0.11%;-0.06%;1.11%;0.60%;-0.12%;0.22%;0.04%;0.00%;-0.05%;0.56%
14-02-19;-0.18%;0.07%;0.04%;0.55%;0.14%;0.14%;0.29%;0.30%;0.00%;0.17%;0.33%
15-02-19;0.31%;0.06%;0.03%;0.43%;0.40%;0.80%;0.61%;0.71%;0.00%;0.65%;0.49%
16-02-19;0.00%;0.00%;0.00%;0.93%;-0.82%;0.01%;0.08%;-0.01%;0.00%;0.00%;0.00%
17-02-19;0.00%;0.00%;0.00%;0.00%;0.00%;0.00%;0.00%;0.00%;0.00%;0.00%;0.00%
18-02-19;-0.45%;-0.05%;-0.12%;-0.29%;-0.29%;-0.29%;-0.29%;-0.29%;0.00%;-0.29%;-0.10%
19-02-19;0.24%;0.00%;0.05%;-0.18%;0.11%;-0.46%;-0.38%;-0.48%;0.00%;-0.48%;-0.12%
20-02-19;0.35%;0.10%;0.15%;-0.15%;-0.29%;-0.23%;-0.14%;-0.17%;0.00%;-0.31%;-0.08%
21-02-19;0.43%;0.02%;-0.01%;-0.26%;0.54%;-0.64%;-0.55%;-0.64%;0.00%;-0.64%;0.00%
22-02-19;0.66%;0.01%;-0.02%;-0.31%;0.14%;-0.14%;0.04%;-0.09%;0.00%;-0.03%;-0.07%
23-02-19;0.00%;0.00%;0.00%;0.46%;0.79%;0.14%;0.09%;0.16%;0.00%;0.00%;0.00%
24-02-19;0.00%;0.00%;0.00%;0.00%;0.00%;0.00%;0.00%;0.00%;0.00%;0.00%;0.00%
25-02-19;-0.06%;0.02%;0.04%;-0.45%;-0.45%;-0.45%;-0.45%;-0.45%;0.00%;-0.45%;0.27%
26-02-19;-0.08%;0.00%;-0.01%;-0.09%;0.52%;-0.34%;-0.11%;-0.19%;0.00%;-0.33%;0.25%
27-02-19;-1.67%;-0.08%;-0.06%;0.09%;-0.16%;0.15%;0.25%;0.21%;0.00%;0.09%;-0.15%
28-02-19;-1.27%;-0.07%;-0.09%;0.05%;-0.32%;-0.19%;0.17%;0.03%;0.00%;0.02%;-0.34%
01-03-19;-0.21%;-0.09%;0.02%;0.01%;-0.68%;0.25%;0.34%;0.30%;0.00%;0.29%;-0.32%
02-03-19;0.00%;0.00%;0.00%;0.51%;0.06%;-0.11%;-0.07%;-0.20%;0.00%;0.00%;0.00%
03-03-19;0.00%;0.00%;0.00%;0.00%;0.00%;0.00%;0.00%;0.00%;0.00%;0.00%;0.00%
04-03-19;-0.64%;-0.12%;0.00%;0.73%;0.73%;0.73%;0.73%;0.73%;0.00%;0.73%;0.68%
05-03-19;-0.21%;0.02%;-0.18%;0.11%;0.58%;0.51%;0.29%;0.40%;0.00%;0.38%;0.19%
06-03-19;0.37%;0.09%;0.09%;-0.38%;-0.09%;-0.22%;-0.34%;-0.31%;0.00%;-0.24%;-0.25%
07-03-19;0.03%;0.18%;0.17%;-0.28%;0.22%;0.33%;0.12%;0.24%;0.00%;0.14%;-0.08%
08-03-19;0.31%;0.22%;0.09%;-0.21%;-0.58%;0.86%;0.30%;0.55%;0.00%;0.57%;-0.28%
09-03-19;0.00%;0.00%;0.00%;-0.50%;-1.29%;0.05%;-0.23%;-0.06%;0.00%;0.00%;0.00%
10-03-19;0.00%;0.00%;0.00%;0.00%;0.00%;0.00%;0.00%;0.00%;0.00%;0.00%;0.00%
11-03-19;0.39%;0.18%;0.16%;1.30%;1.30%;1.30%;1.30%;1.30%;0.00%;1.30%;0.34%
12-03-19;-0.10%;0.03%;-0.01%;0.92%;0.85%;-0.21%;0.02%;0.00%;0.00%;-0.22%;0.90%
13-03-19;0.35%;0.01%;0.06%;0.08%;0.65%;-0.23%;-0.04%;-0.09%;0.00%;-0.34%;0.21%
14-03-19;-0.23%;0.12%;0.07%;0.38%;-0.30%;-0.22%;-0.02%;-0.21%;0.00%;-0.21%;0.03%
15-03-19;0.25%;0.09%;0.09%;0.79%;0.53%;0.70%;0.85%;0.79%;0.00%;0.74%;0.39%
16-03-19;0.00%;0.00%;0.00%;0.59%;0.87%;0.10%;0.17%;0.22%;0.00%;0.00%;0.00%
17-03-19;0.00%;0.00%;0.00%;0.00%;0.00%;0.00%;0.00%;0.00%;0.00%;0.00%;0.00%
18-03-19;0.05%;0.08%;0.08%;-0.18%;-0.18%;-0.18%;-0.18%;-0.18%;0.00%;-0.18%;0.40%
19-03-19;-0.28%;0.08%;0.16%;0.11%;0.80%;-0.24%;-0.19%;-0.17%;0.00%;-0.33%;0.27%
20-03-19;-1.00%;0.08%;0.08%;-0.24%;-0.20%;-0.37%;-0.23%;-0.29%;0.00%;-0.36%;-0.08%
21-03-19;0.29%;0.37%;0.34%;-0.19%;-0.03%;0.40%;0.23%;0.35%;0.00%;0.20%;-0.18%
22-03-19;-0.82%;0.38%;0.17%;0.61%;-0.03%;0.01%;-0.01%;0.14%;0.00%;-0.15%;-0.15%
23-03-19;0.00%;0.00%;0.00%;-1.56%;-0.94%;0.38%;-0.30%;-0.01%;0.00%;0.00%;0.00%
24-03-19;0.00%;0.00%;0.00%;0.00%;0.00%;0.00%;0.00%;0.00%;0.00%;0.00%;0.00%
25-03-19;-0.30%;0.21%;0.35%;1.71%;1.71%;1.71%;1.71%;1.71%;0.00%;1.71%;0.16%
26-03-19;-0.03%;0.05%;0.06%;0.00%;-0.76%;0.50%;0.31%;0.37%;0.00%;0.37%;-0.37%
27-03-19;-0.28%;0.13%;0.08%;0.74%;0.25%;-0.04%;0.07%;0.15%;0.00%;-0.01%;0.46%
28-03-19;0.67%;0.15%;0.17%;0.36%;0.10%;0.89%;0.53%;0.63%;0.00%;0.69%;0.09%
29-03-19;0.83%;-0.03%;-0.01%;-0.31%;-0.23%;-0.41%;-0.42%;-0.45%;3.98%;-0.39%;-0.14%
30-03-19;0.00%;0.00%;0.00%;0.61%;1.23%;-0.06%;0.26%;0.15%;0.00%;0.00%;0.00%
31-03-19;0.00%;0.00%;0.00%;0.00%;0.00%;0.00%;0.00%;0.00%;0.00%;0.00%;0.00%
01-04-19;0.02%;-0.06%;0.00%;-0.38%;-0.38%;-0.38%;-0.38%;-0.38%;0.00%;1.82%;0.46%
02-04-19;-0.76%;0.00%;0.01%;0.25%;0.24%;-1.16%;-0.63%;-0.87%;0.00%;-0.88%;0.33%
03-04-19;0.17%;0.02%;0.01%;-0.37%;-0.27%;-0.28%;-0.40%;-0.35%;0.00%;-0.37%;-0.29%
04-04-19;0.94%;0.00%;0.04%;0.16%;0.45%;-0.54%;-0.16%;-0.33%;0.00%;-0.37%;0.16%
05-04-19;-0.45%;0.09%;-0.07%;-0.17%;-0.10%;-0.15%;-0.21%;-0.15%;0.00%;-0.18%;0.02%
06-04-19;0.00%;0.00%;0.00%;0.34%;0.41%;0.03%;0.09%;0.06%;0.00%;0.00%;0.00%
07-04-19;0.00%;0.00%;0.00%;0.00%;0.00%;0.00%;0.00%;0.00%;0.00%;0.00%;0.00%
08-04-19;0.36%;0.20%;0.21%;-0.32%;-0.32%;-0.32%;-0.32%;-0.32%;0.00%;-0.32%;0.13%
09-04-19;0.19%;0.31%;0.21%;-0.03%;0.13%;-0.16%;-0.11%;-0.20%;0.00%;-0.17%;0.00%
10-04-19;0.08%;0.35%;0.36%;-0.41%;0.47%;0.09%;0.09%;0.14%;0.00%;0.02%;0.01%
11-04-19;-0.59%;0.11%;0.03%;0.20%;0.23%;0.10%;-0.02%;-0.03%;0.00%;-0.03%;0.10%
12-04-19;-0.24%;-0.19%;-0.02%;0.18%;-0.59%;0.13%;0.25%;0.05%;0.00%;0.19%;-0.22%
13-04-19;0.00%;0.00%;0.00%;0.56%;0.16%;-0.21%;0.14%;-0.15%;0.00%;0.00%;0.00%
14-04-19;0.00%;0.00%;0.00%;0.00%;0.00%;0.00%;0.00%;0.00%;0.00%;0.00%;0.00%
15-04-19;-0.15%;0.03%;0.00%;-0.53%;-0.53%;-0.53%;-0.53%;-0.53%;0.00%;-0.53%;-0.18%
16-04-19;0.47%;-0.16%;0.09%;0.43%;0.08%;0.33%;0.40%;0.37%;0.00%;0.33%;0.22%
17-04-19;0.27%;0.01%;0.01%;0.26%;0.84%;0.08%;0.23%;0.17%;0.00%;0.17%;0.35%
18-04-19;-0.27%;0.13%;0.08%;-0.62%;-0.26%;-0.58%;-0.51%;-0.46%;0.00%;-0.53%;-0.34%
19-04-19;0.00%;0.00%;0.00%;0.24%;-0.08%;0.48%;0.12%;0.31%;0.00%;0.27%;0.00%
20-04-19;0.00%;0.00%;0.00%;0.01%;0.00%;-0.01%;0.00%;0.00%;0.00%;0.00%;0.00%
21-04-19;0.00%;0.00%;0.00%;0.00%;0.00%;0.00%;0.00%;0.00%;0.00%;0.00%;0.00%
22-04-19;-0.44%;0.11%;0.12%;0.00%;0.00%;0.00%;0.00%;0.00%;0.00%;0.00%;0.10%
23-04-19;-0.37%;0.00%;0.02%;0.31%;-0.07%;0.19%;0.24%;0.21%;0.00%;0.25%;0.06%
24-04-19;-0.28%;0.04%;0.04%;1.25%;0.72%;0.68%;0.68%;0.76%;0.00%;0.64%;0.38%
25-04-19;-0.47%;-0.08%;-0.06%;0.44%;0.21%;0.95%;0.60%;0.70%;0.00%;0.69%;0.14%
26-04-19;0.36%;-0.09%;-0.07%;0.36%;-0.22%;0.45%;0.24%;0.31%;0.00%;0.50%;0.11%
27-04-19;0.00%;0.00%;0.00%;0.40%;0.13%;0.15%;0.08%;0.17%;0.00%;0.00%;0.00%
28-04-19;0.00%;0.00%;0.00%;0.00%;0.00%;0.00%;0.00%;0.00%;0.00%;0.00%;0.00%
29-04-19;-0.31%;-0.04%;-0.03%;-0.35%;-0.35%;-0.35%;-0.35%;-0.35%;0.00%;-0.35%;0.04%
30-04-19;0.30%;-0.04%;-0.02%;0.66%;1.02%;0.50%;0.67%;0.62%;0.00%;0.56%;0.54%
01-05-19;0.00%;0.00%;0.00%;0.30%;-0.18%;0.22%;0.29%;0.28%;0.00%;0.15%;0.00%
02-05-19;-0.77%;0.02%;0.02%;-0.40%;0.12%;0.03%;0.13%;0.06%;0.00%;0.00%;0.06%
03-05-19;-0.12%;-0.03%;-0.07%;0.29%;0.55%;0.55%;0.49%;0.56%;0.00%;0.68%;0.30%
04-05-19;0.00%;0.00%;0.00%;0.78%;0.36%;0.05%;0.12%;0.15%;0.00%;0.00%;0.00%
05-05-19;0.00%;0.00%;0.00%;0.00%;0.00%;0.00%;0.00%;0.00%;0.00%;0.00%;0.00%
06-05-19;-0.08%;0.04%;0.13%;-0.68%;-0.68%;-0.68%;-0.68%;-0.68%;0.00%;-0.68%;-0.06%
07-05-19;-0.90%;0.04%;0.08%;-0.14%;-1.52%;0.43%;0.35%;0.41%;0.00%;0.35%;-0.57%
08-05-19;-0.28%;0.02%;-0.05%;-1.09%;-0.16%;0.55%;0.23%;0.38%;0.00%;0.35%;-0.66%
09-05-19;-0.24%;0.04%;0.01%;-0.01%;-0.42%;0.10%;0.08%;0.05%;0.00%;0.15%;-0.18%
10-05-19;0.14%;0.05%;0.05%;-0.27%;-1.88%;0.29%;0.09%;0.20%;0.00%;0.28%;-0.15%
11-05-19;0.00%;0.00%;0.00%;0.35%;0.49%;0.00%;0.04%;0.06%;0.00%;0.00%;0.00%
12-05-19;0.00%;0.00%;0.00%;0.00%;0.00%;0.00%;0.00%;0.00%;0.00%;0.00%;0.00%
13-05-19;-1.44%;0.12%;0.08%;-0.11%;-0.11%;-0.11%;-0.11%;-0.11%;0.00%;-0.11%;-0.27%
14-05-19;0.81%;0.05%;0.13%;-0.81%;-0.58%;1.21%;0.71%;0.95%;0.00%;1.07%;-0.63%
15-05-19;-0.23%;-0.03%;0.02%;0.50%;-0.30%;-0.10%;-0.05%;-0.09%;0.00%;-0.10%;0.19%
16-05-19;-0.46%;0.03%;-0.01%;0.61%;0.19%;0.19%;0.04%;0.18%;0.00%;0.04%;0.23%
17-05-19;-0.87%;0.02%;0.03%;0.81%;-0.45%;0.03%;0.14%;0.08%;0.00%;0.02%;0.08%
18-05-19;0.00%;0.00%;0.00%;-0.44%;-1.45%;0.04%;-0.07%;-0.05%;0.00%;0.00%;0.00%
19-05-19;0.00%;0.00%;0.00%;0.00%;0.00%;0.00%;0.00%;0.00%;0.00%;0.00%;0.00%
20-05-19;-0.24%;0.11%;0.08%;0.55%;0.55%;0.55%;0.55%;0.55%;0.00%;0.55%;-0.22%
21-05-19;0.00%;0.00%;0.00%;-0.45%;-0.14%;0.00%;0.12%;0.07%;0.00%;0.09%;0.00%
22-05-19;0.13%;0.11%;0.07%;0.63%;0.50%;-0.06%;0.19%;0.13%;0.00%;0.00%;0.29%
23-05-19;-0.59%;0.21%;0.10%;-0.35%;-0.16%;0.05%;-0.14%;-0.01%;0.00%;-0.08%;-0.04%
24-05-19;-0.23%;0.28%;0.18%;-0.95%;-1.08%;0.48%;-0.07%;0.21%;0.00%;0.19%;-0.62%
25-05-19;0.00%;0.00%;0.00%;0.37%;0.20%;-0.01%;0.12%;-0.01%;0.00%;0.00%;0.00%
26-05-19;0.00%;0.00%;0.00%;0.00%;0.00%;0.00%;0.00%;0.00%;0.00%;0.00%;0.00%
27-05-19;-0.53%;0.25%;0.12%;-0.46%;-0.46%;-0.46%;-0.46%;-0.46%;0.00%;-0.46%;-0.04%
28-05-19;-0.89%;0.45%;0.18%;0.31%;0.52%;0.23%;0.23%;0.23%;0.00%;0.23%;0.19%
29-05-19;1.30%;0.53%;0.36%;0.44%;0.92%;1.19%;0.97%;1.17%;0.00%;1.00%;0.63%
30-05-19;0.97%;0.24%;0.34%;-0.27%;0.40%;0.82%;0.37%;0.68%;0.00%;0.67%;0.27%
31-05-19;0.72%;0.14%;-0.01%;0.05%;0.92%;-0.02%;0.04%;0.06%;0.00%;-0.05%;0.19%
01-06-19;0.00%;0.00%;0.00%;-0.97%;0.33%;0.28%;-0.28%;0.02%;0.00%;0.00%;0.00%
02-06-19;0.00%;0.00%;0.00%;0.00%;0.00%;0.00%;0.00%;0.00%;0.00%;0.00%;0.00%
03-06-19;0.67%;0.21%;0.30%;0.27%;0.27%;0.28%;0.27%;0.27%;0.00%;0.27%;0.10%
04-06-19;-0.16%;0.07%;0.16%;-0.79%;0.32%;-0.53%;-0.73%;-0.63%;0.00%;-0.74%;-0.14%
05-06-19;-0.81%;0.18%;0.10%;0.47%;-1.39%;-1.15%;-0.75%;-0.96%;0.00%;-1.11%;-0.20%
06-06-19;-0.54%;0.25%;0.26%;0.37%;-0.54%;-0.39%;-0.22%;-0.23%;0.00%;-0.51%;-0.34%
07-06-19;0.40%;0.23%;0.28%;0.26%;-0.33%;-0.09%;0.01%;-0.05%;0.00%;-0.15%;-0.10%
08-06-19;0.00%;0.00%;0.00%;1.08%;0.46%;0.22%;0.40%;0.24%;0.00%;0.00%;0.00%
09-06-19;0.00%;0.00%;0.00%;0.00%;0.00%;0.00%;0.00%;0.00%;0.00%;0.00%;0.00%
10-06-19;1.15%;0.90%;0.68%;0.01%;0.01%;0.01%;0.01%;0.01%;0.00%;0.01%;0.44%
11-06-19;0.90%;0.93%;0.63%;1.13%;2.18%;0.59%;0.96%;0.87%;0.00%;0.73%;1.18%
12-06-19;-0.03%;0.18%;0.08%;-0.33%;0.48%;-0.50%;-0.39%;-0.45%;0.00%;-0.54%;0.46%
13-06-19;0.05%;0.00%;0.09%;-0.06%;-0.35%;0.21%;0.25%;0.30%;0.00%;0.19%;-0.24%
14-06-19;-0.24%;-0.11%;-0.05%;0.33%;-0.18%;0.32%;0.17%;0.25%;0.00%;0.20%;0.19%
15-06-19;0.00%;0.00%;0.00%;-0.28%;-0.68%;0.05%;-0.09%;-0.04%;0.00%;0.00%;0.00%
16-06-19;0.00%;0.00%;0.00%;0.00%;0.00%;0.00%;0.00%;0.00%;0.00%;0.00%;0.00%
17-06-19;-0.57%;-0.04%;-0.24%;0.35%;0.35%;0.35%;0.35%;0.35%;0.00%;0.35%;-0.24%
18-06-19;0.23%;0.01%;0.04%;0.11%;-0.28%;0.13%;0.13%;0.13%;0.00%;0.11%;-0.02%
19-06-19;-0.14%;0.13%;0.12%;0.55%;0.90%;-0.08%;-0.08%;0.00%;0.00%;-0.39%;0.61%
20-06-19;0.50%;0.21%;0.09%;0.09%;1.00%;-0.33%;-0.10%;-0.10%;0.00%;-0.41%;0.29%
21-06-19;0.01%;0.22%;0.21%;-0.41%;0.09%;-1.14%;-0.67%;-0.79%;0.00%;-1.42%;-0.08%
22-06-19;0.00%;0.00%;0.00%;-0.24%;-0.05%;-0.24%;-0.08%;-0.31%;0.00%;0.00%;0.00%
23-06-19;0.00%;0.00%;0.00%;0.00%;0.00%;0.00%;0.00%;0.00%;0.00%;0.00%;0.00%
24-06-19;0.53%;-0.04%;0.01%;-0.11%;-0.11%;-0.12%;-0.11%;-0.11%;0.00%;-0.11%;-0.15%
25-06-19;0.16%;-0.10%;-0.05%;-0.16%;-0.08%;0.01%;-0.01%;-0.05%;0.00%;-0.16%;-0.07%
26-06-19;-0.22%;-0.23%;-0.18%;-1.25%;-1.27%;-0.50%;-0.73%;-0.59%;0.00%;-0.59%;-0.78%
27-06-19;-0.14%;-0.15%;-0.33%;0.02%;0.53%;0.07%;0.21%;0.15%;0.00%;0.26%;0.21%
28-06-19;-0.08%;0.15%;0.02%;0.36%;0.68%;0.07%;0.06%;0.19%;3.98%;-0.03%;0.26%
29-06-19;0.00%;0.00%;0.00%;0.55%;0.00%;0.09%;0.21%;0.17%;0.00%;0.00%;0.00%
30-06-19;0.00%;0.00%;0.00%;0.00%;0.00%;0.00%;0.00%;0.00%;0.00%;0.00%;0.00%
01-07-19;-0.13%;0.13%;0.09%;-0.10%;-0.10%;-0.11%;-0.10%;-0.10%;0.00%;0.69%;0.23%
02-07-19;-0.91%;0.06%;0.05%;0.41%;0.66%;-0.19%;0.00%;0.07%;0.00%;-0.23%;0.47%
03-07-19;0.73%;0.22%;0.06%;0.83%;0.60%;0.73%;0.52%;0.68%;0.00%;0.54%;0.33%
04-07-19;0.00%;0.11%;0.05%;0.56%;-0.48%;0.15%;-0.01%;0.03%;0.00%;-0.12%;0.14%
05-07-19;0.30%;-0.15%;0.03%;-0.33%;0.10%;-0.39%;-0.40%;-0.42%;0.00%;-0.42%;-0.06%
06-07-19;0.00%;0.00%;0.00%;-0.43%;-0.44%;-0.32%;-0.13%;-0.17%;0.00%;0.00%;0.00%
07-07-19;0.00%;0.00%;0.00%;0.00%;0.00%;0.00%;0.00%;0.00%;0.00%;0.00%;0.00%
08-07-19;-0.13%;-0.12%;-0.09%;0.81%;0.81%;0.81%;0.81%;0.81%;0.00%;0.81%;0.37%
09-07-19;-0.23%;0.08%;0.07%;-0.10%;-0.86%;0.45%;0.25%;0.33%;0.00%;0.40%;-0.15%
10-07-19;0.29%;0.19%;0.12%;0.41%;0.09%;0.35%;0.31%;0.33%;0.00%;0.44%;0.07%
11-07-19;0.03%;0.19%;0.15%;-0.16%;0.12%;-0.59%;-0.37%;-0.51%;0.00%;-0.51%;0.09%
12-07-19;-0.14%;0.03%;0.04%;-0.10%;0.32%;-0.49%;-0.31%;-0.37%;0.00%;-0.30%;-0.01%
13-07-19;0.00%;0.00%;0.00%;0.33%;-0.39%;-0.04%;0.01%;0.03%;0.00%;0.00%;0.00%
14-07-19;0.00%;0.00%;0.00%;0.00%;0.00%;0.00%;0.00%;0.00%;0.00%;0.00%;0.00%
15-07-19;0.17%;0.03%;0.06%;-0.34%;-0.34%;-0.34%;-0.34%;-0.34%;0.00%;-0.34%;-0.23%
16-07-19;0.00%;0.00%;0.00%;-0.16%;0.43%;-0.07%;-0.11%;-0.08%;0.00%;-0.23%;0.00%
17-07-19;-0.43%;0.22%;0.08%;-0.28%;0.26%;-0.02%;-0.06%;-0.03%;0.00%;0.00%;-0.09%
18-07-19;-0.18%;0.29%;0.27%;-0.14%;-0.13%;0.56%;0.32%;0.45%;0.00%;0.32%;-0.05%
19-07-19;0.19%;0.49%;0.31%;0.26%;-0.06%;0.36%;0.08%;0.21%;0.00%;0.23%;0.11%
20-07-19;0.00%;0.00%;0.00%;-0.17%;0.56%;0.00%;0.07%;0.05%;0.00%;0.00%;0.00%
21-07-19;0.00%;0.00%;0.00%;0.00%;0.00%;0.00%;0.00%;0.00%;0.00%;0.00%;0.00%
22-07-19;-0.38%;0.53%;0.33%;0.37%;0.37%;0.37%;0.37%;0.37%;0.00%;0.37%;0.27%
23-07-19;-0.63%;0.33%;0.37%;0.50%;0.02%;0.45%;0.45%;0.44%;0.00%;0.36%;0.15%
24-07-19;-0.59%;0.39%;0.38%;1.02%;0.64%;0.47%;0.53%;0.54%;0.00%;0.48%;0.38%
25-07-19;0.33%;0.27%;0.29%;0.34%;-0.04%;0.13%;0.09%;0.12%;0.00%;-0.03%;0.20%
26-07-19;-0.21%;0.12%;0.06%;-0.08%;0.35%;0.33%;0.49%;0.43%;0.00%;0.40%;0.10%
27-07-19;0.00%;0.00%;0.00%;0.40%;-0.53%;0.01%;0.01%;0.00%;0.00%;0.00%;0.00%
28-07-19;0.00%;0.00%;0.00%;0.00%;0.00%;0.00%;0.00%;0.00%;0.00%;0.00%;0.00%
29-07-19;0.31%;0.17%;0.09%;0.35%;0.35%;0.35%;0.35%;0.35%;0.00%;0.35%;0.30%
30-07-19;0.06%;0.10%;0.10%;-0.06%;-0.19%;0.18%;0.12%;0.19%;0.00%;0.09%;-0.05%
31-07-19;-0.41%;0.25%;0.15%;-0.01%;0.16%;0.38%;0.29%;0.35%;0.00%;0.40%;0.00%
01-08-19;-0.65%;0.24%;0.15%;-0.60%;-0.46%;0.29%;0.20%;0.25%;0.00%;0.12%;-0.31%
02-08-19;-1.05%;0.25%;0.20%;-0.08%;-0.62%;0.90%;0.38%;0.71%;0.00%;0.58%;-0.33%
03-08-19;0.00%;0.00%;0.00%;-1.07%;-2.05%;0.18%;-0.22%;-0.04%;0.00%;0.00%;0.00%
04-08-19;0.00%;0.00%;0.00%;0.00%;0.00%;0.00%;0.00%;0.00%;0.00%;0.00%;0.00%
05-08-19;-2.10%;0.61%;0.39%;0.88%;0.88%;0.88%;0.88%;0.88%;0.00%;0.88%;-0.61%
06-08-19;-0.05%;0.46%;0.32%;-1.00%;-1.63%;1.82%;0.94%;1.33%;0.00%;1.48%;-1.02%
07-08-19;0.52%;0.32%;0.20%;-0.18%;-0.77%;-0.70%;-0.65%;-0.74%;0.00%;-0.74%;-0.17%
08-08-19;1.80%;0.23%;0.25%;0.54%;0.31%;0.64%;0.28%;0.66%;0.00%;0.31%;0.27%
09-08-19;0.02%;-0.11%;-0.05%;0.53%;0.14%;-1.23%;-0.73%;-0.85%;0.00%;-1.06%;0.43%
10-08-19;0.00%;0.00%;0.00%;-0.53%;-0.31%;-0.03%;0.03%;0.06%;0.00%;0.00%;0.00%
11-08-19;0.00%;0.00%;0.00%;0.00%;0.00%;0.00%;0.00%;0.00%;0.00%;0.00%;0.00%
12-08-19;-1.59%;0.07%;0.10%;0.15%;0.15%;0.15%;0.15%;0.15%;0.00%;0.15%;-0.03%
13-08-19;0.35%;-0.03%;0.04%;-0.17%;-0.02%;0.93%;-0.19%;-0.06%;0.00%;0.65%;-0.70%
14-08-19;-1.13%;0.06%;0.08%;-0.37%;-1.72%;-1.15%;-1.44%;-1.47%;0.00%;-1.17%;-0.68%
15-08-19;0.00%;0.00%;0.00%;-2.01%;-0.20%;0.56%;-0.28%;0.29%;0.00%;0.25%;0.00%
16-08-19;0.28%;0.23%;0.10%;-0.13%;-0.09%;0.38%;-0.01%;0.22%;0.00%;0.00%;-1.00%
17-08-19;0.00%;0.00%;0.00%;1.23%;0.73%;-0.11%;0.25%;0.22%;0.00%;0.00%;0.00%
18-08-19;0.00%;0.00%;0.00%;0.00%;0.00%;0.00%;0.00%;0.00%;0.00%;0.00%;0.00%
19-08-19;-0.23%;0.09%;0.16%;-0.12%;-0.12%;-0.12%;-0.12%;-0.12%;0.00%;-0.12%;0.65%
20-08-19;-0.26%;0.04%;0.23%;1.48%;1.15%;0.12%;0.40%;0.11%;0.00%;0.38%;0.64%
21-08-19;0.09%;0.16%;-0.04%;-0.76%;0.06%;0.00%;-0.13%;-0.12%;0.00%;-0.18%;-0.18%
22-08-19;-0.93%;0.09%;0.18%;0.60%;0.15%;-0.20%;0.14%;-0.08%;0.00%;-0.16%;0.30%
23-08-19;-1.78%;0.06%;0.01%;0.35%;-0.24%;0.33%;0.68%;0.57%;0.00%;0.52%;-0.03%
24-08-19;0.00%;0.00%;0.00%;-1.75%;-0.20%;0.21%;0.01%;0.17%;0.00%;0.00%;0.00%
25-08-19;0.00%;0.00%;0.00%;0.00%;0.00%;0.00%;0.00%;0.00%;0.00%;0.00%;0.00%
26-08-19;-0.61%;0.06%;0.07%;0.44%;0.44%;0.44%;0.44%;0.44%;0.00%;0.44%;-0.66%
27-08-19;-0.29%;0.02%;0.03%;0.84%;-0.98%;0.36%;0.33%;0.23%;0.00%;0.33%;-0.05%
28-08-19;0.00%;0.15%;0.09%;0.37%;0.78%;0.66%;0.37%;0.49%;0.00%;0.39%;0.18%
29-08-19;1.53%;0.02%;0.05%;0.71%;0.46%;0.55%;0.30%;0.47%;0.00%;0.37%;0.28%
30-08-19;2.04%;-0.14%;-0.01%;0.52%;0.02%;-0.57%;-0.49%;-0.52%;0.00%;-0.49%;0.42%
31-08-19;0.00%;0.00%;0.00%;0.26%;1.46%;-0.01%;-0.10%;0.05%;0.00%;0.00%;0.00%
01-09-19;0.00%;0.00%;0.00%;0.00%;0.00%;0.00%;0.00%;0.00%;0.00%;0.00%;0.00%
02-09-19;-0.59%;-0.06%;-0.09%;-0.06%;-0.06%;-0.06%;-0.06%;-0.06%;0.00%;-0.06%;0.63%
03-09-19;-1.04%;0.16%;-0.05%;0.54%;0.57%;0.63%;0.55%;0.63%;0.00%;0.63%;0.27%
04-09-19;0.69%;0.54%;0.38%;-0.31%;-0.94%;0.33%;0.10%;0.34%;0.00%;0.13%;-0.32%
05-09-19;1.11%;0.33%;0.30%;0.74%;1.45%;-0.40%;0.08%;0.00%;0.00%;-0.33%;0.77%
06-09-19;0.13%;-0.10%;0.00%;0.35%;0.45%;-1.32%;-0.55%;-0.89%;0.00%;-0.80%;0.33%
07-09-19;0.00%;0.00%;0.00%;0.22%;0.50%;0.13%;0.14%;0.04%;0.00%;0.00%;0.00%
08-09-19;0.00%;0.00%;0.00%;0.00%;0.00%;0.00%;0.00%;0.00%;0.00%;0.00%;0.00%
09-09-19;0.68%;-0.14%;-0.21%;-0.88%;-0.88%;-0.88%;-0.88%;-0.88%;0.00%;-0.88%;-0.21%
10-09-19;0.40%;-0.25%;0.03%;0.33%;0.62%;0.05%;0.50%;0.28%;0.00%;0.35%;0.38%
11-09-19;1.41%;-0.25%;-0.12%;0.20%;-0.09%;-0.20%;0.04%;-0.19%;0.00%;0.15%;0.05%
12-09-19;0.36%;-0.23%;-0.36%;0.64%;0.85%;-0.10%;-0.12%;-0.15%;0.00%;-0.05%;0.55%
13-09-19;0.54%;-0.28%;-0.06%;-0.09%;0.10%;-0.53%;-0.27%;-0.41%;0.00%;-0.43%;0.24%
14-09-19;0.00%;0.00%;0.00%;0.19%;0.42%;-0.53%;-0.06%;-0.50%;0.00%;0.00%;0.00%
15-09-19;0.00%;0.00%;0.00%;0.00%;0.00%;0.00%;0.00%;0.00%;0.00%;0.00%;0.00%
16-09-19;1.14%;-0.38%;-0.20%;-0.60%;-0.60%;-0.60%;-0.60%;-0.60%;0.00%;-0.60%;-0.22%
17-09-19;0.09%;-0.11%;-0.15%;-0.06%;0.44%;0.64%;0.37%;0.42%;0.00%;0.39%;0.04%
18-09-19;0.00%;0.00%;0.00%;1.03%;-0.02%;0.80%;0.85%;0.84%;0.00%;0.76%;0.00%
19-09-19;0.00%;0.00%;0.00%;-0.03%;0.25%;0.21%;0.11%;0.25%;0.00%;0.00%;0.00%
20-09-19;0.00%;0.00%;0.00%;0.17%;-0.45%;0.12%;0.02%;0.10%;0.00%;0.00%;0.00%
21-09-19;0.00%;0.00%;0.00%;-0.32%;0.46%;0.04%;0.01%;0.17%;0.00%;0.00%;0.00%
22-09-19;0.00%;0.00%;0.00%;0.00%;0.00%;0.00%;0.00%;0.00%;0.00%;0.00%;0.00%
23-09-19;-0.78%;0.07%;0.10%;0.00%;0.00%;0.00%;0.00%;0.00%;0.00%;0.00%;0.70%
24-09-19;-0.49%;0.16%;0.11%;0.79%;0.38%;1.27%;0.89%;1.03%;0.00%;0.96%;0.48%
25-09-19;0.08%;0.11%;0.21%;-0.56%;-0.42%;0.17%;-0.14%;-0.09%;0.00%;-0.03%;-0.27%
26-09-19;0.35%;-0.04%;0.06%;0.83%;0.15%;0.46%;0.43%;0.35%;0.00%;0.71%;0.00%
27-09-19;1.37%;-0.28%;-0.18%;-0.17%;0.26%;-0.01%;-0.13%;0.00%;0.00%;-0.13%;0.25%
28-09-19;0.00%;0.00%;0.00%;-0.28%;-0.74%;0.02%;0.02%;0.11%;0.00%;0.00%;0.00%
29-09-19;0.00%;0.00%;0.00%;0.00%;0.00%;0.00%;0.00%;0.00%;0.00%;0.00%;0.00%
30-09-19;-0.71%;0.02%;0.14%;-0.07%;-0.07%;-0.07%;-0.07%;-0.07%;1.40%;-0.07%;0.37%
01-10-19;-0.28%;0.00%;0.01%;0.56%;0.30%;0.35%;0.29%;0.35%;0.00%;1.03%;-0.02%
02-10-19;-0.33%;0.10%;0.07%;-0.83%;-0.09%;0.13%;0.13%;0.18%;0.00%;0.16%;-0.30%
03-10-19;-0.32%;0.48%;0.06%;-1.95%;-1.14%;-0.16%;-0.47%;-0.28%;0.00%;-0.22%;-0.88%
04-10-19;0.71%;0.38%;0.27%;-0.66%;-0.83%;-0.87%;-1.13%;-0.93%;0.00%;-1.14%;-0.62%
05-10-19;0.00%;0.00%;0.00%;1.05%;0.45%;0.12%;0.10%;0.26%;0.00%;0.00%;0.00%
06-10-19;0.00%;0.00%;0.00%;0.00%;0.00%;0.00%;0.00%;0.00%;0.00%;0.00%;0.00%
07-10-19;0.21%;0.13%;0.22%;-0.56%;-0.56%;-0.56%;-0.56%;-0.56%;0.00%;-0.56%;0.12%
08-10-19;-0.17%;0.14%;0.10%;0.12%;-0.03%;0.11%;0.32%;0.21%;0.00%;0.21%;0.04%
09-10-19;-0.15%;0.13%;0.14%;-0.57%;0.71%;0.76%;0.52%;0.67%;0.00%;0.73%;0.18%
10-10-19;0.41%;-0.08%;0.19%;0.92%;0.19%;0.09%;0.36%;0.17%;0.00%;0.28%;0.44%
11-10-19;1.53%;-0.42%;-0.24%;0.09%;-0.14%;-0.81%;-0.36%;-0.60%;0.00%;-0.51%;-0.07%
12-10-19;0.00%;0.00%;0.00%;1.35%;1.50%;-0.34%;0.27%;-0.12%;0.00%;0.00%;0.00%
13-10-19;0.00%;0.00%;0.00%;0.00%;0.00%;0.00%;0.00%;0.00%;0.00%;0.00%;0.00%
14-10-19;-0.08%;-0.31%;-0.24%;-1.06%;-1.06%;-1.06%;-1.06%;-1.06%;0.00%;-1.06%;0.39%
15-10-19;0.46%;-0.13%;-0.11%;-0.32%;0.45%;-0.06%;-0.16%;-0.13%;0.00%;-0.13%;0.09%
16-10-19;-0.13%;-0.15%;-0.06%;1.46%;0.66%;0.38%;0.67%;0.59%;0.00%;0.48%;0.71%
17-10-19;0.40%;-0.72%;-0.39%;0.39%;0.92%;0.47%;0.49%;0.46%;0.00%;0.45%;0.48%
18-10-19;0.36%;-0.93%;-0.88%;-0.46%;-0.33%;-0.79%;-0.57%;-0.75%;0.00%;-0.76%;-0.25%
19-10-19;0.00%;0.00%;0.00%;-0.30%;-0.40%;-0.02%;0.05%;0.04%;0.00%;0.00%;0.00%
20-10-19;0.00%;0.00%;0.00%;0.00%;0.00%;0.00%;0.00%;0.00%;0.00%;0.00%;0.00%
21-10-19;-4.50%;-0.55%;-0.35%;-0.49%;-0.49%;-0.50%;-0.49%;-0.49%;0.00%;-0.49%;-0.23%
22-10-19;0.67%;-0.85%;-0.89%;2.57%;2.37%;1.73%;1.96%;1.83%;0.00%;1.93%;0.68%
23-10-19;-1.58%;-0.27%;-0.82%;0.15%;0.92%;0.53%;0.39%;0.53%;0.00%;0.38%;0.30%
24-10-19;1.85%;0.48%;-0.11%;0.17%;-0.31%;0.06%;0.02%;0.03%;0.00%;-0.01%;-0.06%
25-10-19;-1.33%;0.23%;0.15%;-0.04%;0.25%;-0.31%;-0.32%;-0.32%;0.00%;-0.38%;-0.07%
26-10-19;0.00%;0.00%;0.00%;0.32%;-0.15%;-0.14%;0.05%;-0.03%;0.00%;0.00%;0.00%
27-10-19;0.00%;0.00%;0.00%;0.00%;0.00%;0.00%;0.00%;0.00%;0.00%;0.00%;0.00%
28-10-19;0.29%;-0.44%;-0.04%;0.34%;0.34%;0.33%;0.34%;0.34%;0.00%;0.34%;0.44%
29-10-19;-1.69%;-0.69%;-0.35%;0.18%;0.48%;-0.43%;-0.19%;-0.31%;0.00%;-0.21%;0.29%
30-10-19;-2.91%;-0.52%;-0.44%;0.32%;0.34%;0.30%;0.29%;0.30%;0.00%;0.27%;-0.11%
31-10-19;0.00%;0.00%;0.00%;1.42%;0.98%;1.34%;1.07%;1.17%;0.00%;1.19%;0.00%
01-11-19;0.00%;0.00%;0.00%;-0.16%;0.05%;0.40%;0.02%;0.29%;0.00%;0.00%;0.00%
02-11-19;0.00%;0.00%;0.00%;0.83%;0.69%;-0.07%;0.17%;0.09%;0.00%;0.00%;0.00%
03-11-19;0.00%;0.00%;0.00%;0.00%;0.00%;0.00%;0.00%;0.00%;0.00%;0.00%;0.00%
04-11-19;1.12%;-0.43%;-0.37%;0.00%;0.00%;0.00%;0.00%;0.00%;0.00%;0.00%;0.79%
05-11-19;-1.54%;-0.17%;-0.31%;0.64%;1.67%;0.04%;0.41%;0.17%;0.00%;0.22%;0.96%
06-11-19;-2.80%;0.15%;-0.19%;1.14%;1.86%;0.95%;1.06%;0.94%;0.00%;1.24%;0.47%
07-11-19;1.33%;0.33%;0.05%;-0.20%;-0.51%;-0.21%;-0.32%;-0.18%;0.00%;-0.30%;-0.76%
08-11-19;0.33%;0.43%;0.23%;-0.20%;-0.01%;-0.83%;-0.48%;-0.68%;0.00%;-0.46%;0.04%
09-11-19;0.00%;0.00%;0.00%;0.10%;-0.82%;-0.07%;-0.13%;-0.07%;0.00%;0.00%;0.00%
10-11-19;0.00%;0.00%;0.00%;0.00%;0.00%;0.00%;0.00%;0.00%;0.00%;0.00%;0.00%
11-11-19;-1.55%;0.26%;0.24%;0.81%;0.81%;0.81%;0.81%;0.81%;0.00%;0.81%;0.31%
12-11-19;-1.75%;-0.83%;-0.48%;1.21%;0.18%;1.28%;1.34%;1.31%;0.00%;1.31%;0.39%
13-11-19;-2.90%;-1.64%;-1.33%;3.76%;3.88%;3.62%;3.54%;3.62%;0.00%;3.59%;1.95%
14-11-19;1.68%;-2.56%;-4.26%;1.29%;0.23%;1.55%;1.26%;1.36%;0.00%;1.37%;0.27%
15-11-19;7.65%;0.62%;-1.52%;0.81%;0.77%;1.12%;0.95%;1.14%;0.00%;0.92%;0.60%
16-11-19;0.00%;0.00%;0.00%;0.78%;0.63%;-0.04%;0.09%;-0.02%;0.00%;0.00%;0.00%
17-11-19;0.00%;0.00%;0.00%;0.00%;0.00%;-0.01%;0.00%;0.00%;0.00%;0.00%;0.00%
18-11-19;-0.81%;2.38%;3.34%;-2.40%;-2.40%;-2.41%;-2.40%;-2.40%;0.00%;-2.40%;-0.26%
19-11-19;-0.48%;0.12%;0.44%;-1.02%;-0.84%;-1.07%;-1.22%;-1.23%;0.00%;-1.16%;-0.68%
20-11-19;-0.16%;-0.34%;0.10%;1.11%;1.62%;1.21%;1.00%;1.06%;0.00%;1.14%;0.86%
21-11-19;-0.82%;-0.34%;-0.33%;1.40%;1.34%;1.97%;1.75%;1.96%;0.00%;1.83%;0.98%
22-11-19;-0.30%;0.02%;0.16%;-0.45%;-0.96%;-0.36%;-0.25%;-0.24%;0.00%;-0.25%;-0.39%
23-11-19;0.00%;0.00%;0.00%;0.16%;0.38%;0.02%;0.00%;0.07%;0.00%;0.00%;0.00%
24-11-19;0.00%;0.00%;0.00%;0.00%;0.00%;0.00%;0.00%;0.00%;0.00%;0.00%;0.00%
25-11-19;-1.43%;0.43%;0.36%;0.10%;0.10%;0.10%;0.10%;0.10%;0.00%;0.10%;0.17%
26-11-19;-1.85%;0.44%;-0.06%;0.14%;-0.13%;-0.55%;-0.48%;-0.50%;0.00%;-0.60%;-0.08%
27-11-19;0.58%;0.16%;0.20%;0.48%;-0.24%;0.45%;0.44%;0.43%;0.00%;0.29%;-0.16%
28-11-19;-1.62%;-0.21%;-0.11%;1.95%;2.09%;1.55%;1.63%;1.52%;0.00%;1.60%;1.33%
29-11-19;0.43%;-0.29%;-0.22%;2.65%;2.45%;2.66%;2.71%;2.69%;0.00%;2.69%;1.82%
30-11-19;0.00%;0.00%;0.00%;-0.40%;-0.99%;-0.01%;0.05%;0.03%;0.00%;0.00%;0.00%
01-12-19;0.00%;0.00%;0.00%;0.00%;0.00%;-0.01%;0.00%;0.00%;0.00%;0.00%;0.00%
02-12-19;-0.81%;-0.37%;-0.37%;-1.97%;-1.97%;-1.97%;-1.97%;-1.97%;0.00%;-1.97%;-1.82%
03-12-19;-0.23%;-0.47%;-0.33%;-1.66%;-0.95%;-1.30%;-1.03%;-1.25%;0.00%;-0.97%;-0.90%
04-12-19;2.97%;-0.25%;-0.05%;-0.81%;-0.50%;0.16%;-0.31%;-0.06%;0.00%;-0.23%;-0.52%
05-12-19;1.93%;-0.42%;-0.20%;-0.16%;-0.79%;-0.89%;-0.50%;-0.71%;0.00%;-0.71%;-0.06%
06-12-19;-0.17%;-0.18%;-0.07%;-1.43%;-0.97%;-1.67%;-1.46%;-1.51%;0.00%;-1.58%;-0.52%
07-12-19;0.00%;0.00%;0.00%;0.78%;0.59%;-0.10%;0.11%;0.02%;0.00%;0.00%;0.00%
08-12-19;0.00%;0.00%;0.00%;0.00%;0.00%;0.00%;0.00%;0.00%;0.00%;0.00%;0.00%
09-12-19;0.44%;0.27%;0.07%;-0.67%;-0.67%;-0.67%;-0.67%;-0.67%;0.00%;-0.67%;0.14%
10-12-19;0.27%;0.17%;0.05%;-1.16%;-0.79%;-0.91%;-0.78%;-0.79%;0.00%;-1.00%;-0.81%
11-12-19;0.54%;0.35%;0.21%;0.76%;0.73%;0.90%;1.02%;0.96%;0.00%;0.88%;0.58%
12-12-19;0.62%;0.58%;0.63%;-0.44%;0.16%;-0.54%;-0.54%;-0.46%;0.00%;-0.67%;0.03%
13-12-19;1.42%;0.63%;0.43%;0.08%;0.63%;-0.85%;-0.28%;-0.54%;0.00%;-0.55%;0.27%
14-12-19;0.00%;0.00%;0.00%;0.46%;1.50%;0.29%;0.31%;0.30%;0.00%;0.00%;0.00%
15-12-19;0.00%;0.00%;0.00%;0.00%;0.00%;0.00%;0.00%;0.00%;0.00%;0.00%;0.00%
16-12-19;-0.14%;0.96%;0.81%;-0.25%;-0.25%;-0.26%;-0.25%;-0.25%;0.00%;-0.25%;0.63%
17-12-19;-1.20%;1.28%;1.26%;0.25%;-0.42%;-0.63%;-0.35%;-0.50%;0.00%;-0.51%;-0.03%
18-12-19;-1.51%;0.68%;0.79%;-0.81%;0.57%;-0.72%;-0.51%;-0.53%;0.00%;-0.77%;-0.42%
19-12-19;0.25%;-0.13%;0.14%;-0.75%;-0.02%;-0.76%;-0.44%;-0.52%;0.00%;-0.62%;-0.51%
20-12-19;-0.27%;-0.15%;0.08%;0.36%;-0.15%;0.03%;0.04%;0.03%;0.00%;0.04%;-0.04%
21-12-19;0.00%;0.00%;0.00%;0.40%;0.11%;0.00%;0.02%;0.04%;0.00%;0.00%;0.00%
22-12-19;0.00%;0.00%;0.00%;0.00%;0.00%;0.00%;0.00%;0.00%;0.00%;0.00%;0.00%
23-12-19;-0.21%;-0.26%;-0.12%;-0.37%;-0.37%;-0.37%;-0.37%;-0.37%;0.00%;-0.37%;-0.10%
24-12-19;-0.21%;-0.17%;-0.04%;0.63%;0.95%;0.56%;0.67%;0.64%;0.00%;0.59%;0.46%
25-12-19;0.00%;0.00%;0.00%;0.06%;-0.23%;0.07%;0.07%;0.13%;0.00%;0.00%;0.00%
26-12-19;-0.78%;-0.02%;0.01%;-0.46%;-0.42%;-0.40%;-0.43%;-0.43%;0.00%;-0.43%;-0.32%
27-12-19;-0.02%;0.24%;0.26%;-0.20%;-0.31%;-0.57%;-0.54%;-0.58%;0.00%;-0.58%;-0.39%
28-12-19;0.00%;0.00%;0.00%;0.21%;0.74%;0.14%;0.22%;0.17%;0.00%;0.00%;0.00%
29-12-19;0.00%;0.00%;0.00%;0.00%;0.00%;0.00%;0.00%;0.00%;0.00%;0.00%;0.00%
30-12-19;0.07%;0.19%;0.17%;-0.27%;-0.27%;-0.27%;-0.27%;-0.27%;0.00%;-0.27%;0.11%
31-12-19;0.00%;0.08%;0.03%;-0.48%;-0.02%;-0.15%;0.08%;0.01%;3.54%;0.00%;-0.06%
01-01-20;0.00%;0.00%;0.00%;0.22%;-0.34%;-0.03%;0.06%;-0.02%;0.00%;3.34%;0.00%
02-01-20;2.50%;0.02%;0.09%;0.55%;0.55%;0.55%;0.55%;0.55%;0.00%;0.55%;0.40%
03-01-20;0.65%;0.23%;0.28%;1.46%;1.92%;0.88%;0.83%;0.84%;0.00%;0.72%;1.59%
04-01-20;0.00%;0.00%;0.00%;-0.54%;-0.37%;0.32%;-0.06%;0.12%;0.00%;0.00%;0.00%
05-01-20;0.00%;0.00%;0.00%;0.00%;0.00%;0.00%;0.00%;0.00%;0.00%;0.00%;0.00%
06-01-20;0.83%;0.04%;0.13%;0.57%;0.57%;0.57%;0.57%;0.57%;0.00%;0.57%;0.26%
07-01-20;0.64%;-0.07%;0.19%;1.80%;0.73%;1.70%;1.78%;1.70%;0.00%;1.74%;0.94%
08-01-20;-0.04%;-0.16%;0.06%;0.09%;0.47%;0.07%;0.21%;0.26%;0.00%;0.17%;0.47%
09-01-20;-0.25%;-0.28%;-0.08%;-0.63%;-1.21%;-0.94%;-0.82%;-0.82%;0.00%;-0.82%;-0.63%
10-01-20;1.75%;-0.43%;-0.02%;0.28%;1.33%;-0.29%;-0.19%;-0.15%;0.00%;-0.28%;0.42%
11-01-20;0.00%;0.00%;0.00%;-0.09%;0.38%;0.14%;0.12%;0.12%;0.00%;0.00%;0.00%
12-01-20;0.00%;0.00%;0.00%;0.00%;0.00%;0.00%;0.00%;0.00%;0.00%;0.00%;0.00%
13-01-20;-0.57%;-0.21%;-0.24%;0.76%;0.76%;0.77%;0.76%;0.76%;0.00%;0.76%;0.86%
14-01-20;-0.63%;0.20%;-0.01%;1.36%;1.83%;0.84%;1.02%;0.94%;0.00%;0.92%;1.15%
15-01-20;-0.72%;0.21%;0.08%;-0.68%;-0.70%;-0.61%;-0.66%;-0.61%;0.00%;-0.69%;-0.63%
16-01-20;0.16%;0.19%;0.22%;0.11%;-0.55%;0.12%;0.10%;0.14%;0.00%;-0.04%;-0.24%
17-01-20;-0.14%;0.33%;0.24%;0.77%;0.41%;0.16%;0.29%;0.29%;0.00%;0.17%;0.37%
18-01-20;0.00%;0.00%;0.00%;0.39%;0.55%;-0.03%;-0.04%;-0.03%;0.00%;0.00%;0.00%
19-01-20;0.00%;0.00%;0.00%;0.00%;0.00%;0.00%;0.00%;0.00%;0.00%;0.00%;0.00%
20-01-20;-1.15%;0.33%;0.40%;-0.26%;-0.26%;-0.26%;-0.26%;-0.26%;0.00%;-0.26%;0.11%
21-01-20;-2.23%;0.13%;0.13%;-0.21%;-0.29%;-0.18%;-0.20%;-0.19%;0.00%;-0.19%;-0.18%
22-01-20;-0.54%;-0.14%;-0.24%;-0.16%;-1.58%;0.34%;0.06%;0.19%;0.00%;0.07%;-0.99%
23-01-20;-0.42%;-0.31%;-0.14%;0.25%;0.79%;0.27%;0.18%;0.27%;0.00%;0.21%;0.34%
24-01-20;-0.20%;-0.30%;-0.04%;-0.19%;-1.02%;0.20%;-0.22%;-0.03%;0.00%;-0.02%;-0.58%
25-01-20;0.00%;0.00%;0.00%;-0.45%;-0.25%;0.16%;-0.17%;0.06%;0.00%;0.00%;0.00%
26-01-20;0.00%;0.00%;0.00%;0.00%;0.00%;0.00%;0.00%;0.00%;0.00%;0.00%;0.00%
27-01-20;-1.63%;0.01%;-0.10%;0.59%;0.59%;0.59%;0.59%;0.59%;0.00%;0.59%;0.35%
28-01-20;0.14%;0.19%;0.06%;-0.20%;-0.03%;1.78%;0.97%;1.39%;0.00%;1.45%;-0.37%
29-01-20;-0.01%;-0.01%;0.05%;0.73%;-0.08%;-0.09%;0.30%;0.17%;0.00%;0.03%;0.38%
30-01-20;-0.44%;-0.19%;-0.02%;0.05%;-0.38%;0.18%;0.12%;0.21%;0.00%;0.01%;-0.18%
31-01-20;0.42%;-0.10%;-0.13%;1.18%;-1.05%;1.35%;1.12%;1.23%;0.00%;1.23%;0.30%
01-02-20;0.00%;0.00%;0.00%;-1.25%;-0.98%;0.13%;0.10%;0.15%;0.00%;0.00%;0.00%
02-02-20;0.00%;0.00%;0.00%;0.00%;0.00%;0.00%;0.00%;0.00%;0.00%;0.00%;0.00%
03-02-20;0.06%;-0.01%;0.10%;0.14%;0.14%;0.14%;0.14%;0.14%;0.00%;0.14%;-0.51%
04-02-20;1.74%;0.02%;-0.10%;-0.65%;-1.22%;-1.01%;-1.04%;-1.01%;0.00%;-1.03%;-1.08%
05-02-20;0.14%;0.11%;0.04%;0.18%;1.17%;-1.40%;-0.97%;-1.24%;0.00%;-1.16%;0.55%
06-02-20;0.51%;0.00%;-0.19%;0.29%;-0.25%;-0.79%;-0.44%;-0.56%;0.00%;-0.61%;0.18%
07-02-20;-0.24%;0.04%;0.24%;0.76%;1.46%;0.30%;0.39%;0.42%;0.00%;0.27%;0.58%
08-02-20;0.00%;0.00%;0.00%;-0.48%;-0.98%;0.27%;-0.07%;0.12%;0.00%;0.00%;0.00%
09-02-20;0.00%;0.00%;0.00%;0.00%;0.00%;0.00%;0.00%;0.00%;0.00%;0.00%;0.00%
10-02-20;-1.11%;0.05%;0.16%;1.23%;1.23%;1.23%;1.23%;1.23%;0.00%;1.23%;0.24%
11-02-20;0.63%;-0.08%;0.02%;1.25%;0.47%;1.05%;0.77%;0.92%;0.00%;0.89%;0.47%
12-02-20;0.20%;-0.15%;-0.26%;-0.09%;0.72%;-0.53%;-0.24%;-0.40%;0.00%;-0.43%;0.41%
13-02-20;-0.18%;-0.16%;0.00%;0.04%;0.41%;-0.63%;-0.43%;-0.51%;0.00%;-0.53%;0.17%
14-02-20;-0.07%;-0.35%;-0.12%;0.68%;0.53%;0.90%;0.80%;0.91%;0.00%;0.86%;0.41%
15-02-20;0.00%;0.00%;0.00%;0.07%;0.03%;0.08%;0.09%;0.20%;0.00%;0.00%;0.00%
16-02-20;0.00%;0.00%;0.00%;0.00%;0.00%;0.00%;0.00%;0.00%;0.00%;0.00%;0.00%
17-02-20;-0.45%;-0.17%;-0.19%;-0.30%;-0.30%;-0.30%;-0.30%;-0.30%;0.00%;-0.30%;-0.20%
18-02-20;-1.78%;-0.28%;-0.06%;-0.13%;0.06%;-0.08%;-0.11%;-0.10%;0.00%;-0.10%;-0.07%
19-02-20;-0.55%;-0.50%;-0.41%;0.25%;-0.49%;0.75%;0.65%;0.79%;0.00%;0.62%;-0.23%
20-02-20;0.25%;-0.66%;-0.66%;0.48%;0.79%;0.05%;0.09%;0.13%;0.00%;0.06%;0.29%
21-02-20;-0.16%;-0.63%;-0.75%;0.47%;0.15%;1.08%;0.93%;1.04%;0.00%;0.92%;0.37%
22-02-20;0.00%;0.00%;0.00%;-0.72%;-0.99%;0.21%;0.07%;0.23%;0.00%;0.00%;0.00%
23-02-20;0.00%;0.00%;0.00%;0.00%;0.00%;0.00%;0.00%;0.00%;0.00%;0.00%;0.00%
24-02-20;-2.15%;0.30%;-0.29%;0.63%;0.63%;0.63%;0.63%;0.63%;0.00%;0.63%;0.08%
25-02-20;-1.43%;0.74%;-0.02%;-2.99%;-2.65%;0.26%;-0.55%;0.02%;0.00%;0.05%;-2.11%
26-02-20;-1.49%;0.11%;0.11%;-2.94%;-0.16%;-0.14%;-0.50%;-0.38%;0.00%;-0.28%;-1.04%
27-02-20;-0.89%;-0.38%;-0.35%;-0.09%;-0.87%;0.35%;0.10%;0.16%;0.00%;0.39%;-0.91%
28-02-20;-3.14%;-0.15%;-0.62%;-3.00%;-0.58%;0.62%;-0.04%;0.01%;0.00%;0.63%;-1.69%
29-02-20;0.00%;0.00%;0.00%;-1.67%;-2.46%;0.43%;-0.80%;-0.37%;0.00%;0.00%;0.00%
01-03-20;0.00%;0.00%;0.00%;0.00%;0.00%;0.00%;0.00%;0.00%;0.00%;0.00%;0.00%
02-03-20;3.39%;0.28%;-0.32%;0.25%;0.25%;0.25%;0.25%;0.25%;0.00%;0.25%;-1.39%
03-03-20;0.10%;0.45%;0.18%;3.17%;1.04%;-0.03%;0.40%;0.21%;0.00%;-0.11%;1.59%
04-03-20;1.49%;1.11%;0.82%;-2.42%;0.12%;-0.74%;-0.18%;-0.32%;0.00%;-0.94%;-0.33%
05-03-20;-0.92%;1.10%;0.81%;3.17%;1.28%;0.46%;0.69%;0.88%;0.00%;0.29%;1.25%
06-03-20;-2.07%;0.38%;0.46%;-0.90%;1.51%;1.46%;0.91%;1.15%;0.00%;1.36%;-0.04%
07-03-20;0.00%;0.00%;0.00%;-1.98%;-2.66%;0.66%;-1.01%;-0.02%;0.00%;0.00%;0.00%
08-03-20;0.00%;0.00%;0.00%;0.00%;0.00%;0.00%;0.00%;0.00%;0.00%;0.00%;0.00%
09-03-20;-4.48%;0.82%;0.82%;0.69%;0.69%;0.69%;0.69%;0.69%;0.00%;0.69%;-1.57%
10-03-20;0.76%;0.54%;0.10%;-5.98%;-5.10%;1.68%;-1.91%;-1.31%;0.00%;1.45%;-4.15%
11-03-20;-2.20%;-0.01%;-0.16%;1.99%;0.92%;-1.76%;-1.14%;-1.50%;0.00%;-0.82%;0.83%
12-03-20;-6.34%;-0.76%;-0.33%;-3.81%;-1.71%;-0.15%;-1.24%;-1.02%;0.00%;0.15%;-2.43%
13-03-20;0.91%;-0.99%;-1.13%;-8.46%;-4.97%;1.16%;-1.94%;-1.23%;0.00%;1.97%;-6.02%
14-03-20;0.00%;0.00%;0.00%;5.76%;0.91%;-0.72%;-0.22%;-0.26%;0.00%;0.00%;0.00%
15-03-20;0.00%;0.00%;0.00%;0.00%;0.00%;0.00%;0.00%;0.00%;0.00%;0.00%;0.00%
16-03-20;-13.84%;1.12%;0.59%;-1.82%;-1.82%;-1.83%;-1.82%;-1.82%;0.00%;-1.82%;1.08%
17-03-20;0.64%;1.20%;0.50%;-8.34%;-5.08%;1.59%;-1.47%;-0.21%;0.00%;1.64%;-6.60%
18-03-20;-12.02%;-1.14%;-0.98%;4.58%;-0.25%;-0.32%;-1.25%;-0.97%;0.00%;0.54%;0.57%
19-03-20;5.79%;-2.17%;-1.06%;-4.36%;-3.93%;-0.59%;-2.88%;-2.82%;0.00%;0.88%;-4.23%
20-03-20;0.24%;-1.07%;-0.72%;1.34%;-2.11%;0.46%;-2.06%;-1.30%;0.00%;0.59%;-0.57%
21-03-20;0.00%;0.00%;0.00%;-2.59%;4.69%;0.71%;0.04%;1.18%;0.00%;0.00%;0.00%
22-03-20;0.00%;0.00%;0.00%;0.00%;0.00%;0.00%;0.00%;0.00%;0.00%;0.00%;0.00%
23-03-20;-5.35%;-1.19%;-1.65%;-1.96%;-1.96%;-1.96%;-1.96%;-1.96%;0.00%;-1.96%;-0.18%
24-03-20;0.09%;-0.84%;-0.55%;-1.83%;-4.58%;1.67%;-0.62%;0.11%;0.00%;1.18%;-2.26%
25-03-20;6.16%;0.69%;-0.57%;6.77%;3.94%;-1.65%;-0.87%;-0.98%;0.00%;-1.64%;2.74%
26-03-20;2.73%;0.84%;0.23%;2.10%;3.90%;-0.29%;1.86%;1.66%;0.00%;-0.36%;2.24%
27-03-20;0.31%;0.40%;0.28%;3.96%;0.83%;-0.43%;1.89%;0.86%;0.00%;-0.94%;2.24%
28-03-20;0.00%;0.00%;0.00%;-2.61%;-1.03%;0.34%;1.02%;-0.02%;0.00%;0.00%;0.00%
29-03-20;0.00%;0.00%;0.00%;0.00%;0.00%;0.00%;0.00%;0.00%;0.00%;0.00%;0.00%
30-03-20;2.60%;0.11%;-0.55%;-0.10%;-0.10%;-0.10%;-0.10%;-0.10%;0.00%;-0.10%;-1.53%
31-03-20;4.89%;0.13%;-0.21%;3.77%;0.11%;1.60%;1.36%;0.69%;-9.33%;1.32%;1.56%
01-04-20;-1.81%;0.78%;0.74%;-0.27%;2.65%;0.49%;1.30%;1.16%;0.00%;-7.57%;0.93%
02-04-20;3.66%;0.71%;0.30%;-2.56%;-1.15%;1.49%;0.40%;0.80%;0.00%;1.37%;-1.17%
03-04-20;2.68%;-0.43%;-0.05%;0.98%;1.14%;-0.21%;-0.48%;-0.16%;0.00%;-0.22%;0.92%
04-04-20;0.00%;0.00%;0.00%;-1.45%;-0.81%;0.04%;-0.43%;0.18%;0.00%;0.00%;0.00%
05-04-20;0.00%;0.00%;0.00%;0.00%;0.00%;-0.01%;0.00%;0.00%;0.00%;0.00%;0.00%
06-04-20;1.88%;-0.35%;-0.03%;0.24%;0.24%;0.24%;0.24%;0.24%;0.00%;0.24%;-0.05%
07-04-20;-0.75%;-0.21%;0.53%;4.55%;1.45%;-1.29%;-0.97%;-1.33%;0.00%;-1.17%;1.98%
08-04-20;1.52%;0.27%;0.51%;-0.68%;1.42%;-1.51%;0.04%;-0.98%;0.00%;-1.40%;0.72%
09-04-20;1.81%;0.83%;0.06%;3.53%;0.67%;1.24%;1.50%;1.06%;0.00%;1.16%;1.78%
10-04-20;0.00%;0.00%;0.00%;0.10%;0.12%;-1.03%;1.05%;-0.28%;0.00%;-1.47%;0.00%
11-04-20;0.00%;0.00%;0.00%;0.07%;0.07%;0.00%;0.00%;0.00%;0.00%;0.00%;0.00%
12-04-20;0.00%;0.00%;0.00%;0.00%;0.00%;-0.01%;0.00%;0.00%;0.00%;0.00%;0.00%
13-04-20;0.83%;0.51%;1.08%;0.00%;0.00%;0.00%;0.00%;0.00%;0.00%;0.00%;0.11%
14-04-20;1.53%;0.26%;0.53%;-0.17%;0.04%;0.69%;1.58%;1.03%;0.00%;0.60%;0.47%
15-04-20;-1.51%;0.04%;0.03%;3.01%;1.96%;0.57%;1.72%;1.23%;0.00%;0.48%;1.82%
16-04-20;-1.24%;0.14%;0.05%;-1.10%;0.35%;1.56%;0.80%;1.09%;0.00%;1.25%;-0.35%
17-04-20;0.53%;0.05%;0.03%;-0.58%;-1.16%;-0.67%;-0.95%;-0.79%;0.00%;-0.79%;-0.43%
18-04-20;0.00%;0.00%;0.00%;2.67%;1.85%;-0.10%;0.50%;0.25%;0.00%;0.00%;0.00%
19-04-20;0.00%;0.00%;0.00%;0.00%;0.00%;0.00%;0.00%;0.00%;0.00%;0.00%;0.00%
20-04-20;-1.67%;0.23%;0.26%;-0.36%;-0.36%;-0.37%;-0.36%;-0.36%;0.00%;-0.36%;1.22%
21-04-20;-2.48%;0.21%;0.57%;-0.38%;0.57%;0.72%;0.53%;0.73%;0.00%;0.79%;-0.52%
22-04-20;0.63%;0.30%;0.07%;-2.46%;-1.69%;0.73%;-0.59%;0.14%;0.00%;0.68%;-1.20%
23-04-20;1.66%;0.45%;0.14%;1.21%;0.55%;-0.73%;-0.76%;-0.89%;0.00%;-0.65%;0.46%
24-04-20;-1.73%;0.51%;0.19%;0.59%;0.64%;0.47%;0.33%;0.38%;0.00%;0.28%;0.28%
25-04-20;0.00%;0.00%;0.00%;0.68%;-1.40%;0.14%;-0.29%;-0.09%;0.00%;0.00%;0.00%
26-04-20;0.00%;0.00%;0.00%;0.00%;0.00%;0.00%;0.00%;0.00%;0.00%;0.00%;0.00%
27-04-20;3.06%;0.60%;0.21%;0.13%;0.13%;0.12%;0.13%;0.13%;0.00%;0.13%;-0.38%
28-04-20;2.07%;0.29%;-0.17%;1.38%;1.42%;-0.47%;-0.32%;-0.54%;0.00%;-0.37%;1.13%
29-04-20;2.70%;0.05%;0.59%;-0.70%;0.08%;-0.57%;-0.63%;-0.61%;0.00%;-0.74%;0.38%
30-04-20;-0.82%;0.20%;0.09%;0.69%;0.24%;-1.56%;-1.20%;-1.10%;0.00%;-1.63%;0.36%
01-05-20;0.00%;0.00%;0.00%;-0.71%;0.73%;0.33%;0.75%;0.75%;0.00%;0.16%;0.00%
02-05-20;0.00%;0.00%;0.00%;-2.36%;-0.89%;-0.07%;0.00%;0.04%;0.00%;0.00%;0.00%
03-05-20;0.00%;0.00%;0.00%;0.00%;0.00%;0.00%;0.00%;0.00%;0.00%;0.00%;0.00%
04-05-20;-2.70%;0.34%;0.92%;0.00%;0.00%;0.00%;0.00%;0.00%;0.00%;0.00%;-1.42%
05-05-20;1.64%;0.17%;-0.58%;-0.25%;-3.09%;0.03%;-0.35%;-0.01%;0.00%;0.10%;-0.98%
06-05-20;0.97%;0.00%;0.72%;0.32%;0.17%;-0.72%;-0.23%;-0.19%;0.00%;-0.71%;0.33%
07-05-20;0.79%;0.21%;0.17%;0.23%;1.08%;0.47%;0.70%;0.67%;0.00%;0.75%;0.58%
08-05-20;-4.05%;0.27%;0.23%;0.61%;-0.53%;-0.15%;-0.07%;0.11%;0.00%;-0.34%;0.30%
09-05-20;0.00%;0.00%;0.00%;1.76%;1.65%;-0.12%;0.20%;0.14%;0.00%;0.00%;0.00%
10-05-20;0.00%;0.00%;0.00%;0.00%;0.00%;0.00%;0.00%;0.00%;0.00%;0.00%;0.00%
11-05-20;-0.13%;0.54%;0.29%;-1.04%;-1.04%;-1.04%;-1.04%;-1.04%;0.00%;-1.04%;-0.13%
12-05-20;-1.80%;0.70%;0.34%;-0.25%;0.27%;-0.38%;0.22%;0.17%;0.00%;-0.19%;-0.49%
13-05-20;-3.50%;0.36%;0.50%;-1.79%;-1.23%;-0.35%;-0.03%;-0.12%;0.00%;-0.51%;-0.79%
14-05-20;0.80%;0.10%;0.21%;-1.94%;-0.19%;-0.06%;-0.66%;-0.40%;0.00%;-0.18%;-1.37%
15-05-20;-0.51%;0.11%;0.08%;0.40%;-0.59%;0.37%;-0.26%;0.07%;0.00%;0.31%;-0.24%
16-05-20;0.00%;0.00%;0.00%;0.44%;0.05%;-0.01%;0.16%;0.41%;0.00%;0.00%;0.00%
17-05-20;0.00%;0.00%;0.00%;0.00%;0.00%;0.00%;0.00%;0.00%;0.00%;0.00%;0.00%
18-05-20;3.60%;0.49%;0.28%;0.11%;0.11%;0.11%;0.11%;0.11%;0.00%;0.11%;0.60%
19-05-20;-0.67%;0.49%;0.69%;2.59%;0.87%;-0.54%;0.63%;0.23%;0.00%;-0.39%;1.65%
20-05-20;0.81%;0.39%;0.23%;-0.55%;1.19%;-0.06%;0.34%;0.26%;0.00%;-0.19%;0.08%
21-05-20;0.00%;0.00%;0.00%;1.49%;0.68%;0.21%;0.82%;0.77%;0.00%;0.00%;0.00%
22-05-20;-0.72%;0.72%;0.48%;-2.44%;-1.75%;-1.47%;-1.18%;-1.00%;0.00%;-1.59%;-0.90%
23-05-20;0.00%;0.00%;0.00%;-0.10%;-2.68%;0.05%;-0.11%;-0.15%;0.00%;0.00%;0.00%
24-05-20;0.00%;0.00%;0.00%;0.00%;0.00%;0.00%;0.00%;0.00%;0.00%;0.00%;0.00%
25-05-20;0.65%;0.68%;0.58%;-0.05%;-0.05%;-0.05%;-0.05%;-0.05%;0.00%;-0.05%;-0.32%
26-05-20;-0.42%;-0.57%;0.16%;0.23%;0.46%;-0.28%;-0.25%;-0.25%;0.00%;-0.25%;0.38%
27-05-20;0.69%;-1.56%;-0.37%;1.34%;1.47%;-0.31%;0.79%;0.22%;0.00%;-0.20%;0.94%
28-05-20;-2.58%;-0.21%;-0.38%;2.84%;1.86%;1.89%;2.12%;1.89%;0.00%;1.78%;1.51%
29-05-20;-0.56%;0.95%;0.15%;0.08%;-0.67%;-0.46%;-0.03%;-0.45%;0.00%;-0.46%;-0.36%
30-05-20;0.00%;0.00%;0.00%;-0.01%;0.56%;0.18%;0.11%;0.03%;0.00%;0.00%;0.00%
31-05-20;0.00%;0.00%;0.00%;0.00%;0.00%;0.00%;0.00%;0.00%;0.00%;0.00%;0.00%
01-06-20;0.83%;0.20%;0.02%;-0.79%;-0.79%;-0.79%;-0.79%;-0.79%;0.00%;-0.79%;-0.60%
02-06-20;1.68%;-0.23%;0.38%;-0.48%;1.05%;-1.35%;-0.84%;-1.05%;0.00%;-1.23%;-0.04%
03-06-20;2.15%;-0.67%;-0.54%;-0.65%;-0.03%;-1.72%;-0.97%;-1.35%;0.00%;-1.72%;0.29%
04-06-20;1.36%;-0.91%;-0.42%;-0.15%;0.34%;-1.97%;-0.72%;-1.16%;0.00%;-1.77%;0.13%
05-06-20;3.59%;-0.92%;-0.63%;0.66%;0.94%;0.74%;1.22%;0.84%;0.00%;0.84%;0.75%
06-06-20;0.00%;0.00%;0.00%;2.15%;1.40%;-0.11%;0.99%;0.40%;0.00%;0.00%;0.00%
07-06-20;0.00%;0.00%;0.00%;0.00%;0.00%;0.00%;0.00%;0.00%;0.00%;0.00%;0.00%
08-06-20;2.47%;-0.95%;-0.69%;-1.38%;-1.38%;-1.38%;-1.38%;-1.38%;0.00%;-1.38%;0.62%
09-06-20;-0.29%;-0.36%;-0.30%;1.50%;1.04%;0.74%;1.10%;1.10%;0.00%;0.56%;1.34%
10-06-20;-1.43%;1.16%;0.25%;-0.20%;0.57%;0.50%;0.11%;0.40%;0.00%;0.35%;-0.09%
11-06-20;-2.73%;0.72%;0.54%;-0.87%;-0.23%;-0.36%;-0.73%;-0.39%;0.00%;-0.52%;-0.67%
12-06-20;0.86%;-0.09%;0.11%;-2.94%;0.28%;2.42%;0.99%;1.67%;0.00%;2.15%;-1.01%
13-06-20;0.00%;0.00%;0.00%;0.48%;-0.66%;-0.06%;-0.10%;-0.17%;0.00%;0.00%;0.00%
14-06-20;0.00%;0.00%;0.00%;0.00%;0.00%;0.00%;0.00%;0.00%;0.00%;0.00%;0.00%
15-06-20;-2.04%;-0.25%;-0.12%;0.77%;0.77%;0.77%;0.77%;0.77%;0.00%;0.77%;0.60%
16-06-20;1.11%;-0.17%;-0.01%;1.10%;-1.34%;0.81%;0.67%;0.53%;0.00%;0.77%;0.11%
17-06-20;1.29%;0.14%;-0.04%;-0.08%;0.16%;-2.24%;-1.12%;-1.57%;0.00%;-2.26%;-0.25%
18-06-20;-0.10%;0.85%;0.50%;2.41%;2.95%;2.48%;2.45%;2.54%;0.00%;2.46%;2.02%
19-06-20;0.95%;1.43%;0.81%;1.60%;1.80%;1.75%;1.40%;1.71%;0.00%;1.70%;1.49%
20-06-20;0.00%;0.00%;0.00%;-0.29%;0.63%;0.00%;0.01%;0.22%;0.00%;0.00%;0.00%
21-06-20;0.00%;0.00%;0.00%;0.00%;0.00%;0.00%;0.00%;0.00%;0.00%;0.00%;0.00%
22-06-20;-0.53%;0.30%;0.46%;0.63%;0.63%;0.63%;0.63%;0.63%;0.00%;0.63%;0.59%
23-06-20;0.73%;-0.48%;-0.12%;0.25%;-0.22%;-0.10%;-0.09%;-0.13%;0.00%;-0.16%;0.00%
24-06-20;0.10%;0.05%;0.09%;1.05%;1.67%;0.15%;0.50%;0.41%;0.00%;0.23%;0.69%
25-06-20;0.06%;0.08%;-0.05%;-2.19%;-0.02%;0.41%;-0.13%;0.25%;0.00%;0.34%;-0.50%
26-06-20;-1.02%;-0.18%;0.26%;-0.30%;-1.54%;-0.85%;-1.30%;-0.99%;0.00%;-0.91%;-0.47%
27-06-20;0.00%;0.00%;0.00%;-1.66%;-0.55%;0.09%;-0.19%;0.10%;0.00%;0.00%;0.00%
28-06-20;0.00%;0.00%;0.00%;0.00%;0.00%;0.00%;0.00%;0.00%;0.00%;0.00%;0.00%
29-06-20;0.00%;0.00%;0.00%;0.00%;0.00%;0.00%;0.00%;0.00%;0.00%;0.00%;0.00%
30-06-20;-0.66%;-0.40%;0.30%;1.30%;-0.07%;0.39%;0.15%;0.27%;7.19%;0.38%;-0.20%
01-07-20;1.72%;-0.14%;-0.51%;1.76%;0.73%;0.57%;0.66%;0.64%;0.00%;5.38%;0.66%
02-07-20;3.29%;-0.15%;0.38%;-0.17%;0.02%;-0.77%;-0.32%;-0.43%;0.00%;-0.60%;0.20%
03-07-20;0.72%;-0.15%;-0.08%;-0.77%;0.82%;-1.35%;-1.15%;-1.17%;0.00%;-1.52%;0.28%
04-07-20;0.00%;0.00%;0.00%;-0.05%;0.94%;0.01%;0.03%;0.00%;0.00%;0.00%;0.00%
05-07-20;0.00%;0.00%;0.00%;0.00%;0.00%;0.00%;0.00%;0.00%;0.00%;0.00%;0.00%
06-07-20;2.05%;0.20%;-0.06%;-0.31%;-0.31%;-0.32%;-0.31%;-0.31%;0.00%;-0.31%;0.47%
07-07-20;-0.54%;0.54%;0.77%;1.36%;2.31%;-0.32%;0.28%;0.07%;0.00%;-0.33%;1.36%
08-07-20;-1.60%;0.42%;-0.11%;-1.55%;-1.31%;-0.53%;-0.59%;-0.58%;0.00%;-0.62%;-0.86%
09-07-20;-3.53%;-0.23%;0.14%;-0.55%;0.70%;-0.94%;-0.99%;-1.03%;0.00%;-0.97%;-0.40%
10-07-20;-0.13%;-0.75%;-0.35%;-1.08%;0.36%;-0.40%;-0.73%;-0.54%;0.00%;-0.57%;-0.80%
11-07-20;0.00%;0.00%;0.00%;0.84%;-0.96%;-0.04%;-0.09%;-0.14%;0.00%;0.00%;0.00%
12-07-20;0.00%;0.00%;0.00%;0.00%;0.00%;0.00%;0.00%;0.00%;0.00%;0.00%;0.00%
13-07-20;2.01%;-0.15%;-0.32%;1.15%;1.15%;1.15%;1.15%;1.15%;0.00%;1.15%;0.90%
14-07-20;1.36%;-0.08%;-0.11%;-0.59%;-0.11%;-0.46%;-0.02%;-0.17%;0.00%;-0.33%;-0.09%
15-07-20;-3.00%;-0.17%;-0.09%;0.71%;-1.15%;0.10%;-0.15%;-0.15%;0.00%;-0.04%;0.13%
16-07-20;0.00%;0.00%;0.00%;1.23%;0.68%;-0.02%;0.48%;0.21%;0.00%;0.00%;0.00%
17-07-20;-1.12%;-0.86%;-0.53%;-0.48%;-1.95%;0.11%;0.10%;0.11%;0.00%;-0.05%;-0.49%
18-07-20;0.00%;0.00%;0.00%;0.23%;0.88%;-0.04%;0.13%;0.16%;0.00%;0.00%;0.00%
19-07-20;0.00%;0.00%;0.00%;0.00%;0.00%;0.00%;0.00%;0.00%;0.00%;0.00%;0.00%
20-07-20;-1.75%;-0.79%;-0.50%;-0.03%;-0.03%;-0.03%;-0.03%;-0.03%;0.00%;-0.03%;0.03%
21-07-20;-0.87%;-0.07%;0.58%;0.67%;0.74%;-0.03%;0.26%;0.16%;0.00%;-0.16%;0.46%
22-07-20;1.30%;0.32%;-0.29%;-0.70%;0.92%;-0.95%;-0.40%;-0.57%;0.00%;-1.07%;-0.04%
23-07-20;0.93%;0.87%;0.28%;-0.84%;-1.86%;-0.97%;-0.68%;-0.83%;0.00%;-1.11%;-0.62%
24-07-20;0.72%;0.97%;0.36%;-1.09%;-0.22%;-0.19%;-0.08%;-0.13%;0.00%;-0.25%;-0.85%
25-07-20;0.00%;0.00%;0.00%;-0.72%;-1.60%;-0.07%;0.02%;-0.16%;0.00%;0.00%;0.00%
26-07-20;0.00%;0.00%;0.00%;0.00%;0.00%;0.00%;0.00%;0.00%;0.00%;0.00%;0.00%
27-07-20;1.15%;-0.12%;-0.15%;0.19%;0.19%;0.19%;0.19%;0.19%;0.00%;0.19%;-0.33%
28-07-20;-0.19%;-0.41%;0.16%;0.89%;1.21%;0.08%;0.37%;0.14%;0.00%;0.02%;0.84%
29-07-20;-1.65%;-0.02%;0.23%;-0.64%;0.70%;-0.05%;-0.24%;-0.10%;0.00%;-0.13%;0.06%
30-07-20;-0.75%;-0.04%;-0.27%;-0.27%;-0.70%;-1.14%;-0.88%;-0.95%;0.00%;-1.13%;-0.47%
31-07-20;1.38%;-0.02%;0.08%;-1.30%;-1.04%;-0.46%;-0.57%;-0.51%;0.00%;-0.62%;-0.94%
01-08-20;0.00%;0.00%;0.00%;0.05%;-0.29%;0.00%;0.20%;0.21%;0.00%;0.00%;0.00%
02-08-20;0.00%;0.00%;0.00%;0.00%;0.00%;0.00%;0.00%;0.00%;0.00%;0.00%;0.00%
03-08-20;-1.48%;0.28%;0.06%;0.35%;0.35%;0.35%;0.35%;0.35%;0.00%;0.35%;0.32%
04-08-20;-0.38%;0.21%;0.29%;1.39%;0.47%;0.49%;0.60%;0.67%;0.00%;0.56%;0.69%
05-08-20;0.09%;0.29%;0.07%;1.42%;1.95%;1.07%;1.05%;1.20%;0.00%;0.87%;1.01%
06-08-20;0.81%;0.10%;-0.04%;1.70%;2.12%;0.77%;1.34%;1.18%;0.00%;0.89%;1.06%
07-08-20;0.33%;-0.21%;-0.19%;0.49%;0.63%;0.42%;0.31%;0.50%;0.00%;0.30%;0.24%
08-08-20;0.00%;0.00%;0.00%;-0.16%;-1.57%;-0.08%;-0.01%;0.05%;0.00%;0.00%;0.00%
09-08-20;0.00%;0.00%;0.00%;0.00%;0.00%;0.00%;0.00%;0.00%;0.00%;0.00%;0.00%
10-08-20;-0.04%;-0.09%;0.20%;0.91%;0.91%;0.91%;0.91%;0.91%;0.00%;0.91%;0.40%
11-08-20;0.40%;0.23%;0.17%;1.77%;1.29%;1.58%;1.66%;1.69%;0.00%;1.56%;1.32%
12-08-20;0.78%;-0.09%;0.30%;-0.43%;0.07%;-0.69%;-0.15%;-0.36%;0.00%;-0.37%;-0.28%
13-08-20;-0.59%;0.04%;0.05%;1.25%;0.15%;-0.24%;-0.06%;-0.26%;0.00%;-0.12%;0.25%
14-08-20;0.29%;0.16%;0.32%;0.04%;0.30%;-0.11%;0.01%;-0.02%;0.00%;0.08%;0.26%
15-08-20;0.00%;0.00%;0.00%;-0.24%;-0.27%;-0.04%;-0.23%;-0.26%;0.00%;0.00%;0.00%
16-08-20;0.00%;0.00%;0.00%;0.00%;0.00%;0.00%;0.00%;0.00%;0.00%;0.00%;0.00%
17-08-20;0.55%;0.08%;0.08%;0.43%;0.43%;0.43%;0.43%;0.43%;0.00%;0.43%;0.37%
18-08-20;-0.39%;-0.16%;0.02%;1.24%;1.46%;0.96%;0.85%;0.76%;0.00%;0.83%;0.86%
19-08-20;-0.57%;0.03%;0.07%;-0.66%;-0.44%;-0.84%;-0.82%;-0.99%;0.00%;-0.90%;-0.46%
20-08-20;-0.49%;0.16%;0.32%;-1.71%;-2.02%;-1.52%;-1.49%;-1.43%;0.00%;-1.52%;-1.60%
21-08-20;0.33%;0.15%;-0.04%;-0.01%;-1.52%;0.27%;0.06%;0.14%;0.00%;0.20%;-0.17%
22-08-20;0.00%;0.00%;0.00%;0.13%;1.04%;0.02%;-0.03%;0.11%;0.00%;0.00%;0.00%
23-08-20;0.00%;0.00%;0.00%;0.00%;0.00%;0.00%;0.00%;0.00%;0.00%;0.00%;0.00%
24-08-20;-0.64%;0.04%;0.01%;0.64%;0.64%;0.64%;0.64%;0.64%;0.00%;0.64%;0.85%
25-08-20;-1.56%;0.23%;0.70%;0.45%;0.89%;-0.58%;-0.34%;-0.45%;0.00%;-0.60%;0.31%
26-08-20;-0.87%;0.43%;0.24%;0.03%;0.37%;-0.46%;-0.06%;-0.37%;0.00%;-0.22%;-0.19%
27-08-20;0.61%;0.15%;0.04%;1.27%;0.73%;0.23%;0.35%;0.20%;0.00%;0.31%;0.40%
28-08-20;-0.31%;-0.23%;0.04%;-0.47%;-0.51%;-0.54%;-0.31%;-0.50%;0.00%;-0.34%;-0.07%
29-08-20;0.00%;0.00%;0.00%;0.58%;0.39%;0.02%;0.28%;0.04%;0.00%;0.00%;0.00%
30-08-20;0.00%;0.00%;0.00%;0.00%;0.00%;0.00%;0.00%;0.00%;0.00%;0.00%;0.00%
31-08-20;-2.43%;-0.08%;0.07%;-0.56%;-0.56%;-0.56%;-0.56%;-0.56%;0.00%;-0.56%;0.05%
01-09-20;-0.48%;-0.01%;-0.18%;-0.49%;-2.25%;-0.34%;-0.27%;-0.25%;0.00%;-0.44%;-0.87%
02-09-20;1.31%;-0.12%;0.06%;-0.28%;0.91%;-0.63%;-0.54%;-0.45%;0.00%;-0.76%;0.04%
03-09-20;0.73%;-0.19%;-0.14%;1.20%;0.01%;0.35%;0.19%;0.46%;0.00%;0.11%;0.58%
04-09-20;-0.84%;-0.11%;0.19%;-2.47%;-0.60%;0.40%;0.21%;0.31%;0.00%;0.29%;-0.71%
05-09-20;0.00%;0.00%;0.00%;-1.08%;-0.85%;-0.31%;-0.30%;-0.39%;0.00%;0.00%;0.00%
06-09-20;0.00%;0.00%;0.00%;0.00%;0.00%;0.00%;0.00%;0.00%;0.00%;0.00%;0.00%
07-09-20;0.98%;-0.07%;-0.19%;0.01%;0.01%;0.01%;0.01%;0.01%;0.00%;0.01%;-0.87%
08-09-20;-0.67%;-0.14%;-0.06%;0.29%;-0.51%;-0.12%;-0.02%;-0.07%;0.00%;-0.07%;-0.15%
09-09-20;-1.31%;-0.20%;-0.14%;-1.81%;-0.20%;0.62%;0.14%;0.31%;0.00%;0.44%;-0.74%
10-09-20;-2.01%;-0.24%;-0.02%;0.52%;-1.29%;-1.23%;-1.07%;-1.14%;0.00%;-1.14%;-0.41%
11-09-20;0.57%;-0.25%;-0.44%;-1.46%;-0.41%;-0.37%;-0.23%;-0.31%;0.00%;-0.38%;-0.61%
12-09-20;0.00%;0.00%;0.00%;0.02%;0.60%;0.16%;-0.14%;-0.05%;0.00%;0.00%;0.00%
13-09-20;0.00%;0.00%;0.00%;0.00%;0.00%;0.00%;0.00%;0.00%;0.00%;0.00%;0.00%
14-09-20;-0.11%;-0.03%;-0.23%;0.44%;0.44%;0.44%;0.44%;0.44%;0.00%;0.44%;0.45%
15-09-20;0.27%;0.03%;0.03%;1.03%;0.97%;-0.13%;-0.14%;-0.20%;0.00%;-0.17%;0.85%
16-09-20;-0.10%;-0.03%;-0.03%;-0.43%;-0.16%;-0.92%;-0.83%;-0.83%;0.00%;-0.92%;-0.24%
17-09-20;0.22%;-0.20%;-0.18%;0.02%;0.61%;0.21%;0.27%;0.21%;0.00%;0.20%;0.18%
18-09-20;0.00%;0.00%;0.00%;-0.83%;-0.89%;0.07%;-0.17%;-0.15%;0.00%;0.00%;0.00%
19-09-20;0.00%;0.00%;0.00%;-0.65%;0.16%;-0.06%;-0.01%;-0.13%;0.00%;0.00%;0.00%
20-09-20;0.00%;0.00%;0.00%;0.00%;0.00%;0.00%;0.00%;0.00%;0.00%;0.00%;0.00%
21-09-20;-2.11%;-0.16%;-0.32%;0.37%;0.37%;0.37%;0.37%;0.37%;0.00%;0.37%;-0.19%
22-09-20;-0.17%;0.03%;-0.14%;-0.53%;-0.55%;1.19%;0.21%;0.56%;0.00%;1.10%;-0.66%
23-09-20;-2.88%;-0.12%;0.18%;0.67%;-0.59%;0.07%;-0.24%;-0.06%;0.00%;0.07%;0.04%
24-09-20;1.22%;-0.48%;-0.09%;-0.59%;0.56%;0.98%;0.77%;0.72%;0.00%;1.03%;-0.23%
25-09-20;0.39%;-0.59%;-0.53%;0.61%;-1.03%;0.83%;0.34%;0.57%;0.00%;0.84%;0.19%
26-09-20;0.00%;0.00%;0.00%;1.15%;0.13%;-0.01%;-0.18%;-0.02%;0.00%;0.00%;0.00%
27-09-20;0.00%;0.00%;0.00%;0.00%;0.00%;0.00%;0.00%;0.00%;0.00%;0.00%;0.00%
28-09-20;0.20%;-0.28%;-0.10%;-0.11%;-0.11%;-0.11%;-0.11%;-0.11%;0.00%;-0.11%;0.07%
29-09-20;-1.00%;-0.37%;-0.38%;1.31%;0.66%;-0.39%;-0.09%;-0.29%;0.00%;-0.38%;0.53%
30-09-20;2.00%;-0.11%;-0.24%;-0.19%;-0.06%;0.13%;-0.03%;-0.16%;8.67%;0.03%;-0.10%
01-10-20;-0.01%;0.19%;0.04%;0.79%;1.70%;0.34%;0.77%;0.63%;0.00%;4.70%;0.82%
02-10-20;0.71%;0.48%;0.15%;0.15%;-0.13%;-0.37%;-0.24%;-0.30%;0.00%;-0.40%;0.08%
03-10-20;0.00%;0.00%;0.00%;-0.74%;-0.25%;-0.02%;-0.08%;-0.11%;0.00%;0.00%;0.00%
04-10-20;0.00%;0.00%;0.00%;0.00%;0.00%;0.00%;0.00%;0.00%;0.00%;0.00%;0.00%
05-10-20;0.23%;0.28%;0.27%;0.73%;0.73%;0.73%;0.73%;0.73%;0.00%;0.73%;0.30%
06-10-20;-1.27%;-0.20%;0.04%;2.18%;1.34%;0.29%;0.93%;0.57%;0.00%;0.45%;1.21%
07-10-20;-0.89%;-0.22%;-0.06%;-0.49%;1.39%;0.44%;0.71%;0.68%;0.00%;0.38%;0.15%
08-10-20;1.43%;0.02%;0.20%;0.83%;0.20%;-0.39%;-0.31%;-0.35%;0.00%;-0.29%;0.11%
09-10-20;0.68%;0.10%;0.06%;1.04%;1.14%;0.39%;0.51%;0.62%;0.00%;0.28%;1.00%
10-10-20;0.00%;0.00%;0.00%;0.84%;0.46%;0.04%;0.34%;0.28%;0.00%;0.00%;0.00%
11-10-20;0.00%;0.00%;0.00%;0.00%;0.00%;0.00%;0.00%;0.00%;0.00%;0.00%;0.00%
12-10-20;0.00%;0.00%;0.00%;-0.15%;-0.15%;-0.15%;-0.15%;-0.15%;0.00%;-0.15%;0.00%
13-10-20;-0.56%;0.14%;0.43%;1.22%;1.30%;0.03%;0.03%;0.00%;0.00%;0.00%;1.34%
14-10-20;0.22%;0.16%;-0.51%;-0.35%;0.14%;0.38%;0.23%;0.41%;0.00%;0.20%;-0.01%
15-10-20;-0.05%;-0.07%;0.15%;-0.31%;0.04%;0.17%;-0.02%;0.02%;0.00%;0.11%;0.12%
16-10-20;-0.51%;-0.10%;0.00%;-0.30%;-0.91%;0.46%;-0.01%;0.23%;0.00%;0.42%;-0.49%
17-10-20;0.00%;0.00%;0.00%;0.17%;0.32%;0.03%;0.16%;0.09%;0.00%;0.00%;0.00%
18-10-20;0.00%;0.00%;0.00%;0.00%;0.00%;0.00%;0.00%;0.00%;0.00%;0.00%;0.00%
19-10-20;-0.26%;-0.06%;0.00%;-0.78%;-0.78%;-0.78%;-0.78%;-0.78%;0.00%;-0.78%;-0.30%
20-10-20;0.94%;-0.03%;0.01%;-1.85%;-0.65%;-0.98%;-0.78%;-0.98%;0.00%;-0.94%;-0.76%
21-10-20;2.61%;-0.03%;-0.13%;-0.01%;0.39%;-0.32%;-0.20%;-0.41%;0.00%;-0.20%;0.18%
22-10-20;0.60%;0.12%;-0.01%;-0.53%;0.02%;-0.42%;-0.26%;-0.51%;0.00%;-0.33%;-0.01%
23-10-20;-0.06%;0.14%;0.13%;-0.20%;-0.46%;-0.49%;-0.46%;-0.50%;0.00%;-0.34%;-0.38%
24-10-20;0.00%;0.00%;0.00%;0.40%;0.00%;0.03%;0.07%;-0.03%;0.00%;0.00%;0.00%
25-10-20;0.00%;0.00%;0.00%;0.00%;0.00%;0.00%;0.00%;0.00%;0.00%;0.00%;0.00%
26-10-20;-2.34%;0.15%;0.21%;-0.47%;-0.47%;-0.47%;-0.47%;-0.47%;0.00%;-0.47%;-0.37%
27-10-20;-0.25%;0.05%;0.20%;-1.44%;-0.27%;0.35%;0.03%;0.25%;0.00%;0.24%;-0.70%
28-10-20;-1.73%;-0.02%;-0.02%;-1.32%;-0.67%;-0.80%;-0.95%;-0.82%;0.00%;-0.97%;-1.01%
29-10-20;-1.26%;-0.01%;0.01%;-2.75%;-0.72%;0.43%;-0.22%;0.18%;0.00%;0.45%;-1.02%
30-10-20;-1.21%;-0.06%;0.14%;-0.14%;-0.71%;-0.74%;-0.92%;-0.90%;0.00%;-0.66%;-0.62%
31-10-20;0.00%;0.00%;0.00%;-1.10%;-1.50%;-0.10%;-0.09%;-0.17%;0.00%;0.00%;0.00%
01-11-20;0.00%;0.00%;0.00%;0.00%;0.00%;0.00%;0.00%;0.00%;0.00%;0.00%;0.00%
02-11-20;0.75%;-0.06%;-0.15%;0.19%;0.19%;0.19%;0.19%;0.19%;0.00%;0.19%;-0.63%
03-11-20;-1.23%;0.10%;0.08%;0.91%;0.66%;-0.30%;-0.21%;-0.31%;0.00%;-0.36%;0.40%
04-11-20;-0.14%;0.19%;0.46%;0.62%;-0.84%;-1.45%;-0.76%;-1.13%;0.00%;-1.39%;-0.14%
05-11-20;4.47%;0.29%;-0.09%;1.80%;1.10%;0.18%;0.54%;0.66%;0.00%;-0.18%;0.76%
06-11-20;2.57%;0.16%;0.61%;1.37%;2.02%;-0.60%;0.20%;-0.12%;0.00%;-0.68%;1.85%
07-11-20;0.00%;0.00%;0.00%;0.15%;0.87%;-0.14%;0.05%;-0.12%;0.00%;0.00%;0.00%
08-11-20;0.00%;0.00%;0.00%;0.00%;0.00%;0.00%;0.00%;0.00%;0.00%;0.00%;0.00%
09-11-20;3.03%;-0.20%;-0.03%;0.96%;0.96%;0.96%;0.96%;0.96%;0.00%;0.96%;1.29%
10-11-20;1.09%;-0.53%;0.03%;0.57%;0.63%;-1.12%;0.27%;-0.33%;0.00%;-0.73%;1.72%
11-11-20;0.00%;-0.11%;-0.13%;1.15%;-0.10%;0.84%;0.87%;0.91%;0.00%;0.94%;-0.07%
12-11-20;-1.56%;0.07%;0.31%;0.38%;-0.55%;-0.44%;-0.53%;-0.46%;0.00%;-0.46%;-0.36%
13-11-20;1.99%;0.00%;-0.07%;-0.73%;0.28%;0.27%;0.00%;0.44%;0.00%;0.00%;-0.24%
14-11-20;0.00%;0.00%;0.00%;0.80%;0.53%;0.06%;0.00%;-0.02%;0.00%;0.00%;0.00%
15-11-20;0.00%;0.00%;0.00%;0.00%;0.00%;0.00%;0.00%;0.00%;0.00%;0.00%;0.00%
16-11-20;1.02%;-0.28%;0.04%;1.22%;1.22%;1.22%;1.22%;1.22%;0.00%;1.22%;1.50%
17-11-20;0.17%;0.20%;0.16%;1.42%;1.38%;0.17%;0.51%;0.29%;0.00%;0.15%;1.08%
18-11-20;1.28%;-0.07%;-0.18%;-0.22%;-0.24%;0.02%;0.01%;-0.11%;0.00%;-0.11%;-0.28%
19-11-20;-1.74%;-0.17%;-0.06%;-1.76%;-0.66%;-1.15%;-1.02%;-1.09%;0.00%;-1.17%;-0.61%
20-11-20;0.61%;-0.04%;-0.09%;0.19%;-0.52%;0.17%;0.03%;0.15%;0.00%;0.07%;0.03%
21-11-20;0.00%;0.00%;0.00%;-0.25%;0.73%;0.11%;0.11%;0.15%;0.00%;0.00%;0.00%
22-11-20;0.00%;0.00%;0.00%;0.00%;0.00%;0.00%;0.00%;0.00%;0.00%;0.00%;0.00%
23-11-20;1.70%;0.15%;0.17%;0.39%;0.39%;0.38%;0.39%;0.39%;0.00%;0.39%;0.51%
24-11-20;1.52%;0.20%;0.37%;0.85%;1.51%;0.53%;0.69%;0.54%;0.00%;0.58%;0.97%
25-11-20;-1.23%;-0.12%;-0.49%;2.47%;1.34%;0.83%;1.32%;0.93%;0.00%;0.89%;1.54%
26-11-20;-0.31%;-0.16%;-0.02%;-0.05%;-0.77%;-0.14%;-0.03%;-0.10%;0.00%;-0.15%;-0.38%
27-11-20;-0.06%;-0.09%;-0.06%;-0.72%;0.18%;-0.70%;-0.73%;-0.74%;0.00%;-0.74%;-0.43%
28-11-20;0.00%;0.00%;0.00%;0.44%;0.09%;0.08%;0.16%;0.16%;0.00%;0.00%;0.00%
29-11-20;0.00%;0.00%;0.00%;0.00%;0.00%;0.00%;0.00%;0.00%;0.00%;0.00%;0.00%
30-11-20;-1.78%;-0.13%;-0.07%;0.09%;0.09%;0.09%;0.09%;0.09%;0.00%;0.09%;0.44%
01-12-20;1.66%;-0.38%;-0.07%;-0.62%;-2.03%;0.10%;0.14%;0.07%;0.00%;0.08%;-0.77%
02-12-20;0.98%;-0.13%;0.17%;0.07%;0.63%;-1.19%;-0.60%;-0.91%;0.00%;-0.93%;0.41%
03-12-20;0.77%;-0.14%;-0.12%;-0.44%;-0.25%;-0.67%;-0.43%;-0.60%;0.00%;-0.64%;-0.29%
04-12-20;0.02%;-0.17%;0.12%;-0.15%;0.43%;-0.29%;-0.03%;-0.16%;0.00%;-0.44%;0.12%
05-12-20;0.00%;0.00%;0.00%;0.70%;0.93%;-0.14%;0.19%;0.03%;0.00%;0.00%;0.00%
06-12-20;0.00%;0.00%;0.00%;0.00%;0.00%;0.00%;0.00%;0.00%;0.00%;0.00%;0.00%
07-12-20;-1.33%;-0.23%;-0.44%;-0.59%;-0.59%;-0.59%;-0.59%;-0.59%;0.00%;-0.59%;0.27%
08-12-20;0.00%;0.00%;0.00%;-0.52%;-0.18%;-0.18%;-0.33%;-0.31%;0.00%;-0.37%;0.00%
09-12-20;0.46%;-0.06%;-0.02%;0.24%;0.07%;0.11%;0.00%;-0.01%;0.00%;0.00%;-0.45%
10-12-20;-0.91%;-0.03%;0.02%;-1.27%;-0.59%;-0.80%;-0.75%;-0.76%;0.00%;-0.72%;-0.67%
11-12-20;-0.44%;0.06%;0.08%;-0.13%;-0.24%;-0.04%;-0.05%;0.00%;0.00%;-0.17%;-0.02%
12-12-20;0.00%;0.00%;0.00%;-0.25%;0.21%;0.10%;-0.03%;0.09%;0.00%;0.00%;0.00%
13-12-20;0.00%;0.00%;0.00%;0.00%;0.00%;0.00%;0.00%;0.00%;0.00%;0.00%;0.00%
14-12-20;-0.68%;0.11%;-0.06%;-0.63%;-0.63%;-0.63%;-0.63%;-0.63%;0.00%;-0.63%;-0.77%
15-12-20;0.12%;0.18%;-0.03%;-0.35%;-0.84%;-0.30%;-0.10%;-0.14%;0.00%;-0.27%;-0.16%
16-12-20;1.13%;0.35%;0.29%;1.29%;0.34%;0.30%;0.48%;0.42%;0.00%;0.36%;0.62%
17-12-20;1.95%;0.47%;-0.15%;0.53%;1.20%;0.06%;0.27%;0.27%;0.00%;0.12%;0.56%
18-12-20;0.31%;0.33%;0.52%;-0.84%;-0.85%;-1.57%;-1.38%;-1.49%;0.00%;-1.60%;-0.35%
19-12-20;0.00%;0.00%;0.00%;-0.32%;-0.36%;-0.01%;0.03%;0.04%;0.00%;0.00%;0.00%
20-12-20;0.00%;0.00%;0.00%;0.00%;0.00%;0.00%;0.00%;0.00%;0.00%;0.00%;0.00%
21-12-20;-1.08%;0.17%;0.04%;0.06%;0.06%;0.06%;0.06%;0.06%;0.00%;0.06%;-0.12%
22-12-20;0.62%;0.16%;0.03%;0.14%;0.04%;0.99%;0.71%;0.90%;0.00%;0.94%;-0.11%
23-12-20;-0.62%;0.05%;0.09%;-0.31%;-0.90%;-0.14%;-0.24%;-0.14%;0.00%;-0.24%;-0.12%
24-12-20;-0.47%;0.10%;0.16%;-1.44%;-1.00%;-1.96%;-1.62%;-1.78%;0.00%;-1.76%;-0.90%
25-12-20;0.00%;0.00%;0.00%;0.29%;-0.36%;0.06%;0.05%;0.07%;0.00%;0.00%;0.00%
26-12-20;0.00%;0.00%;0.00%;0.01%;0.13%;-0.01%;0.00%;0.00%;0.00%;0.00%;0.00%
27-12-20;0.00%;0.00%;0.00%;0.00%;0.00%;0.00%;0.00%;0.00%;0.00%;0.00%;0.00%
28-12-20;1.09%;0.02%;0.13%;-0.84%;-0.84%;-0.84%;-0.84%;-0.84%;0.00%;-0.84%;-0.57%
29-12-20;0.49%;0.04%;-0.02%;0.71%;-0.17%;0.08%;0.28%;0.12%;0.00%;0.05%;0.41%
30-12-20;-0.29%;0.05%;0.30%;0.29%;1.34%;0.20%;0.25%;0.14%;0.00%;0.08%;0.57%
31-12-20;0.00%;0.12%;0.04%;0.15%;1.74%;0.03%;0.17%;0.05%;11.96%;0.00%;0.53%
01-01-21;0.00%;0.00%;0.00%;0.15%;0.17%;0.06%;-0.04%;0.09%;0.00%;5.60%;0.00%
02-01-21;0.00%;0.00%;0.00%;0.00%;0.04%;0.00%;0.00%;0.00%;0.00%;0.00%;0.00%
03-01-21;0.00%;0.00%;0.00%;0.00%;0.00%;0.00%;0.00%;0.00%;0.00%;0.00%;0.00%
04-01-21;1.67%;0.11%;0.12%;-0.04%;-0.04%;-0.04%;-0.04%;-0.04%;0.00%;-0.04%;0.35%
05-01-21;2.39%;0.15%;0.21%;-1.87%;-0.15%;-1.12%;-1.00%;-1.12%;0.00%;-1.13%;-0.31%
06-01-21;1.09%;0.14%;0.12%;0.44%;1.09%;-0.20%;-0.14%;-0.26%;0.00%;-0.09%;0.57%
07-01-21;2.39%;-0.06%;0.02%;-0.30%;-1.23%;-1.15%;-0.87%;-1.27%;0.00%;-0.87%;0.03%
08-01-21;0.71%;-0.04%;0.30%;3.25%;2.50%;1.88%;1.97%;1.79%;0.00%;1.96%;2.16%
09-01-21;0.00%;0.00%;0.00%;0.70%;2.34%;-0.04%;0.04%;-0.08%;0.00%;0.00%;0.00%
10-01-21;0.00%;0.00%;0.00%;0.00%;0.00%;0.00%;0.00%;0.00%;0.00%;0.00%;0.00%
11-01-21;-0.20%;-0.12%;-0.24%;0.46%;0.46%;0.46%;0.46%;0.46%;0.00%;0.46%;1.11%
12-01-21;1.10%;-0.28%;-0.06%;-0.06%;0.49%;0.68%;0.46%;0.57%;0.00%;0.78%;0.22%
13-01-21;1.27%;0.12%;0.22%;1.04%;1.17%;0.76%;0.66%;0.51%;0.00%;0.88%;1.31%
14-01-21;-0.23%;0.10%;0.11%;2.18%;2.75%;2.26%;2.06%;2.20%;0.00%;1.98%;1.44%
15-01-21;-1.25%;0.02%;-0.07%;-0.65%;-0.10%;-0.64%;-0.55%;-0.60%;0.00%;-0.59%;-0.24%
16-01-21;0.00%;0.00%;0.00%;-0.85%;-0.93%;0.03%;-0.10%;-0.02%;0.00%;0.00%;0.00%
17-01-21;0.00%;0.00%;0.00%;0.00%;0.00%;0.00%;0.00%;0.00%;0.00%;0.00%;0.00%
18-01-21;1.02%;0.18%;0.07%;-0.04%;-0.04%;-0.04%;-0.04%;-0.04%;0.00%;-0.04%;-0.72%
19-01-21;0.99%;-0.01%;0.11%;0.10%;0.21%;0.09%;0.11%;0.14%;0.00%;0.14%;0.29%
20-01-21;-0.47%;0.02%;0.38%;0.38%;1.31%;-0.26%;-0.15%;-0.21%;0.00%;-0.32%;0.23%
21-01-21;-1.07%;-0.06%;0.10%;0.60%;0.96%;-0.46%;-0.33%;-0.37%;0.00%;-0.46%;0.35%
22-01-21;-2.00%;0.14%;0.28%;-1.90%;-1.69%;-2.19%;-1.90%;-2.00%;0.00%;-2.05%;-1.28%
23-01-21;0.00%;0.00%;0.00%;-0.36%;-0.94%;0.02%;-0.07%;0.00%;0.00%;0.00%;0.00%
24-01-21;0.00%;0.00%;0.00%;0.00%;0.00%;0.00%;0.00%;0.00%;0.00%;0.00%;0.00%
25-01-21;0.10%;0.13%;0.27%;1.21%;1.21%;1.21%;1.21%;1.21%;0.00%;1.21%;0.27%
26-01-21;0.13%;0.06%;0.21%;1.10%;2.29%;1.25%;1.02%;1.23%;0.00%;1.05%;1.07%
27-01-21;-1.64%;0.04%;0.31%;-0.23%;-1.66%;-0.16%;-0.06%;-0.09%;0.00%;-0.13%;-0.62%
28-01-21;-0.27%;0.14%;-0.09%;-1.39%;-0.46%;0.82%;0.49%;0.71%;0.00%;0.80%;-0.74%
29-01-21;-2.58%;0.02%;0.29%;1.22%;-0.92%;0.54%;0.73%;0.62%;0.00%;0.61%;-0.10%
30-01-21;0.00%;0.00%;0.00%;-1.81%;-1.49%;-0.12%;0.02%;-0.03%;0.00%;0.00%;0.00%
31-01-21;0.00%;0.00%;0.00%;0.00%;0.00%;0.00%;0.00%;0.00%;0.00%;0.00%;0.00%
01-02-21;1.97%;-0.10%;0.00%;-0.92%;-0.92%;-0.92%;-0.92%;-0.92%;0.00%;-0.92%;-1.65%
02-02-21;0.90%;-0.04%;-0.39%;0.95%;1.95%;-0.39%;-0.38%;-0.33%;0.00%;-0.40%;0.81%
03-02-21;-0.31%;0.19%;-0.02%;1.69%;1.90%;0.32%;0.56%;0.52%;0.00%;0.44%;1.73%
04-02-21;0.27%;0.00%;0.19%;-0.37%;0.24%;-0.69%;-0.46%;-0.65%;0.00%;-0.59%;-0.09%
05-02-21;0.77%;0.10%;0.19%;1.64%;0.55%;0.85%;1.03%;0.99%;0.00%;0.91%;0.66%
06-02-21;0.00%;0.00%;0.00%;0.58%;0.56%;-0.09%;0.26%;0.13%;0.00%;0.00%;0.00%
07-02-21;0.00%;0.00%;0.00%;0.00%;0.00%;0.00%;0.00%;0.00%;0.00%;0.00%;0.00%
08-02-21;0.73%;0.04%;0.36%;-0.08%;-0.08%;-0.08%;-0.08%;-0.08%;0.00%;-0.08%;0.57%
09-02-21;1.15%;0.11%;0.29%;0.59%;0.10%;-0.19%;-0.12%;-0.24%;0.00%;-0.21%;0.56%
10-02-21;-0.31%;0.10%;0.22%;-0.16%;0.40%;-0.23%;-0.21%;-0.31%;0.00%;-0.26%;0.37%
11-02-21;0.51%;0.10%;0.33%;-0.50%;0.40%;-0.55%;-0.47%;-0.46%;0.00%;-0.58%;0.08%
12-02-21;1.08%;0.01%;0.22%;-0.64%;-0.53%;-0.88%;-0.82%;-0.85%;0.00%;-0.88%;-0.35%
13-02-21;0.00%;0.00%;0.00%;0.42%;0.07%;-0.21%;-0.04%;-0.14%;0.00%;0.00%;0.00%
14-02-21;0.00%;0.00%;0.00%;0.00%;0.00%;0.00%;0.00%;0.00%;0.00%;0.00%;0.00%
15-02-21;0.49%;-0.09%;0.13%;0.26%;0.26%;0.26%;0.26%;0.26%;0.00%;0.26%;0.54%
16-02-21;0.62%;-0.40%;-0.05%;-0.44%;-0.20%;-0.95%;-0.78%;-0.82%;0.00%;-0.82%;-0.38%
17-02-21;-1.86%;-0.55%;-0.11%;-0.19%;0.16%;-0.40%;-0.27%;-0.62%;0.00%;-0.15%;0.16%
18-02-21;-0.76%;-0.26%;-0.35%;-0.09%;0.53%;0.39%;0.15%;0.30%;0.00%;0.33%;-0.13%
19-02-21;2.04%;-0.33%;-0.32%;-1.52%;-2.45%;-1.17%;-0.98%;-1.00%;0.00%;-1.07%;-1.64%
20-02-21;0.00%;0.00%;0.00%;0.13%;0.35%;-0.22%;0.05%;-0.20%;0.00%;0.00%;0.00%
21-02-21;0.00%;0.00%;0.00%;0.00%;0.00%;0.00%;0.00%;0.00%;0.00%;0.00%;0.00%
22-02-21;-1.05%;-0.50%;-0.45%;-0.71%;-0.71%;-0.71%;-0.71%;-0.71%;0.00%;-0.71%;-0.23%
23-02-21;-1.62%;-0.48%;-0.13%;-0.29%;-1.93%;0.26%;0.15%;-0.13%;0.00%;0.36%;-1.04%
24-02-21;1.71%;-0.27%;-0.67%;-0.37%;-0.37%;-0.51%;-0.36%;-0.42%;0.00%;-0.41%;-0.72%
25-02-21;0.04%;-0.64%;-0.44%;0.03%;-1.98%;-0.60%;-0.48%;-0.53%;0.00%;-0.44%;-0.51%
26-02-21;-0.05%;-0.27%;-0.21%;-0.87%;1.13%;0.13%;0.43%;0.00%;0.00%;0.62%;-0.04%
27-02-21;0.00%;0.00%;0.00%;-1.21%;-3.27%;0.38%;-0.27%;0.18%;0.00%;0.00%;0.00%
28-02-21;0.00%;0.00%;0.00%;0.00%;0.00%;0.00%;0.00%;0.00%;0.00%;0.00%;0.00%
01-03-21;1.31%;0.50%;0.42%;1.66%;1.66%;1.66%;1.66%;1.66%;0.00%;1.66%;-0.29%
02-03-21;1.71%;0.38%;0.22%;2.25%;1.90%;0.32%;0.28%;0.29%;0.00%;0.18%;1.38%
03-03-21;1.26%;-0.12%;0.26%;0.21%;0.56%;0.87%;0.82%;0.79%;0.00%;0.77%;0.64%
04-03-21;-1.55%;-0.44%;-0.33%;-0.33%;1.97%;0.38%;0.51%;0.32%;0.00%;0.63%;0.66%
05-03-21;0.20%;-0.44%;-0.13%;-1.55%;-2.61%;-0.44%;-0.57%;-0.57%;0.00%;-0.29%;-1.49%
06-03-21;0.00%;0.00%;0.00%;0.82%;-0.49%;-0.05%;-0.47%;-0.48%;0.00%;0.00%;0.00%
07-03-21;0.00%;0.00%;0.00%;0.00%;0.00%;0.00%;0.00%;0.00%;0.00%;0.00%;0.00%
08-03-21;0.01%;-0.44%;-0.76%;0.54%;0.54%;0.54%;0.54%;0.54%;0.00%;0.54%;0.09%
09-03-21;2.39%;0.07%;0.03%;0.51%;-1.63%;0.57%;0.30%;-0.01%;0.00%;0.73%;-0.78%
10-03-21;1.01%;0.20%;0.16%;0.75%;0.07%;-0.52%;-0.62%;-0.49%;0.00%;-0.68%;-0.03%
11-03-21;-0.11%;0.13%;-0.03%;-0.13%;-0.08%;-0.53%;-0.49%;-0.36%;0.00%;-0.62%;0.45%
12-03-21;0.17%;-0.02%;0.03%;-0.34%;1.00%;-1.39%;-0.94%;-1.00%;0.00%;-1.45%;0.24%
13-03-21;0.00%;0.00%;0.00%;0.05%;-0.69%;-0.37%;-0.24%;-0.41%;0.00%;0.00%;0.00%
14-03-21;0.00%;0.00%;0.00%;0.00%;0.00%;0.00%;0.00%;0.00%;0.00%;0.00%;0.00%
15-03-21;0.41%;-0.17%;-0.08%;0.00%;0.00%;-0.01%;0.00%;0.00%;0.00%;0.00%;-0.18%
16-03-21;-0.16%;0.07%;-0.25%;0.96%;-0.16%;0.53%;0.45%;0.55%;0.00%;0.43%;0.17%
17-03-21;0.10%;-0.11%;0.12%;0.34%;0.93%;0.28%;0.35%;0.57%;0.00%;0.27%;0.50%
18-03-21;-0.55%;-0.36%;-0.08%;1.14%;0.59%;0.87%;0.93%;0.93%;0.00%;1.03%;0.70%
19-03-21;-0.39%;-0.27%;-0.49%;-1.73%;-0.53%;-1.07%;-1.02%;-1.06%;0.00%;-0.87%;-0.69%
20-03-21;0.00%;0.00%;0.00%;-0.21%;-0.78%;0.07%;-0.02%;0.16%;0.00%;0.00%;0.00%
21-03-21;0.00%;0.00%;0.00%;0.00%;0.00%;0.00%;0.00%;0.00%;0.00%;0.00%;0.00%
22-03-21;-0.56%;0.06%;-0.11%;-0.92%;-0.92%;-0.92%;-0.92%;-0.92%;0.00%;-0.92%;-1.18%
23-03-21;-0.58%;0.01%;-0.17%;0.27%;-0.25%;-0.02%;-0.19%;-0.25%;0.00%;-0.21%;-0.15%
24-03-21;0.69%;-0.06%;0.12%;-0.19%;-0.35%;0.79%;0.54%;0.73%;0.00%;0.58%;-0.34%
25-03-21;-1.47%;-0.56%;-0.24%;-0.37%;-1.54%;0.50%;0.39%;0.41%;0.00%;0.38%;-0.47%
26-03-21;1.81%;-0.61%;-0.28%;1.32%;0.27%;1.02%;0.90%;0.91%;0.00%;1.03%;0.59%
27-03-21;0.00%;0.00%;0.00%;1.43%;1.47%;-0.13%;0.01%;-0.17%;0.00%;0.00%;0.00%
28-03-21;0.00%;0.00%;0.00%;0.00%;0.00%;0.00%;0.00%;0.00%;0.00%;0.00%;0.00%
29-03-21;1.27%;-0.40%;-0.63%;-0.18%;-0.18%;-0.18%;-0.18%;-0.18%;0.00%;-0.18%;1.17%
30-03-21;0.15%;-0.01%;0.19%;0.79%;1.11%;0.78%;0.87%;0.82%;0.00%;0.91%;0.75%
31-03-21;-0.46%;0.07%;-0.22%;-0.72%;0.19%;-0.64%;-0.73%;-0.78%;7.55%;-0.55%;-0.17%
01-04-21;-0.17%;0.13%;-0.07%;-1.17%;-1.65%;-1.40%;-1.19%;-1.33%;0.00%;3.41%;-0.86%
02-04-21;0.00%;0.00%;0.00%;1.01%;1.43%;0.20%;0.26%;0.31%;0.00%;0.00%;0.00%
03-04-21;0.00%;0.00%;0.00%;0.06%;0.22%;-0.10%;-0.02%;-0.16%;0.00%;0.00%;0.00%
04-04-21;0.00%;0.00%;0.00%;0.00%;0.00%;0.00%;0.00%;0.00%;0.00%;0.00%;0.00%
05-04-21;-0.21%;0.47%;0.22%;-0.65%;-0.65%;-0.65%;-0.65%;-0.65%;0.00%;-0.65%;0.08%
06-04-21;-0.18%;0.54%;0.41%;1.20%;0.15%;0.15%;0.26%;0.29%;0.00%;0.11%;0.45%
07-04-21;-0.04%;0.21%;0.27%;0.16%;0.65%;0.16%;0.37%;0.26%;0.00%;0.04%;0.21%
08-04-21;0.91%;-0.01%;0.03%;-0.38%;-1.15%;-0.56%;-0.38%;-0.55%;0.00%;-0.55%;-0.43%
09-04-21;0.95%;-0.07%;-0.13%;-0.34%;-0.51%;-0.72%;-0.75%;-0.70%;0.00%;-0.86%;-0.26%
10-04-21;0.00%;0.00%;0.00%;0.50%;-0.97%;-0.13%;-0.04%;-0.08%;0.00%;0.00%;0.00%
11-04-21;0.00%;0.00%;0.00%;0.00%;0.00%;0.00%;0.00%;0.00%;0.00%;0.00%;0.00%
12-04-21;-0.21%;-0.12%;-0.10%;0.44%;0.44%;0.44%;0.44%;0.44%;0.00%;0.44%;0.06%
13-04-21;-0.89%;-0.54%;-0.49%;-0.34%;-0.85%;-0.26%;-0.13%;-0.11%;0.00%;-0.24%;-0.41%
14-04-21;0.42%;-0.56%;-0.30%;0.27%;0.01%;-0.02%;-0.12%;-0.14%;0.00%;-0.11%;0.18%
15-04-21;0.35%;0.04%;-0.11%;-0.36%;0.75%;-0.25%;-0.04%;-0.20%;0.00%;-0.21%;0.09%
16-04-21;0.94%;0.52%;0.16%;0.22%;-0.40%;-0.47%;-0.53%;-0.32%;0.00%;-0.75%;-0.10%
17-04-21;0.00%;0.00%;0.00%;0.40%;0.57%;-0.14%;0.14%;0.16%;0.00%;0.00%;0.00%
18-04-21;0.00%;0.00%;0.00%;0.00%;0.00%;0.00%;0.00%;0.00%;0.00%;0.00%;0.00%
19-04-21;-0.23%;0.19%;0.22%;-0.06%;-0.06%;-0.06%;-0.06%;-0.06%;0.00%;-0.06%;0.92%
20-04-21;0.04%;-0.13%;-0.07%;-0.38%;-0.09%;-0.13%;0.05%;0.05%;0.00%;-0.08%;-0.01%
21-04-21;-0.76%;-0.21%;0.03%;-1.50%;-0.61%;-0.45%;-0.64%;-0.66%;0.00%;-0.54%;-0.93%
22-04-21;-1.80%;-0.31%;-0.16%;0.53%;-0.86%;0.01%;-0.08%;-0.02%;0.00%;-0.06%;-0.13%
23-04-21;-0.20%;-0.10%;-0.12%;0.93%;1.59%;1.27%;1.29%;1.32%;0.00%;1.23%;0.93%
24-04-21;0.00%;0.00%;0.00%;0.76%;0.87%;-0.06%;0.09%;-0.03%;0.00%;0.00%;0.00%
25-04-21;0.00%;0.00%;0.00%;0.00%;0.00%;0.00%;0.00%;0.00%;0.00%;0.00%;0.00%
26-04-21;0.54%;-0.11%;0.01%;1.01%;1.01%;1.01%;1.01%;1.01%;0.00%;1.01%;1.16%
27-04-21;-2.45%;-0.87%;-0.45%;-0.43%;-0.21%;-0.81%;-0.68%;-0.87%;0.00%;-0.77%;-0.40%
28-04-21;-3.42%;-0.94%;-0.74%;-0.85%;-0.61%;-0.84%;-0.72%;-0.88%;0.00%;-0.71%;-0.54%
29-04-21;-0.91%;-0.67%;-0.78%;-0.26%;-0.04%;-0.29%;-0.26%;-0.29%;0.00%;-0.27%;-0.39%
30-04-21;-1.42%;-0.07%;-0.46%;1.10%;0.68%;0.58%;0.81%;0.73%;0.00%;0.70%;0.32%
01-05-21;0.00%;0.00%;0.00%;-0.82%;-1.24%;0.05%;-0.07%;0.13%;0.00%;0.00%;0.00%
02-05-21;0.00%;0.00%;0.00%;0.00%;0.00%;0.00%;0.00%;0.00%;0.00%;0.00%;0.00%
03-05-21;2.34%;0.33%;0.01%;0.84%;0.84%;0.84%;0.84%;0.84%;0.00%;0.84%;-0.25%
04-05-21;1.26%;0.44%;0.20%;-0.33%;-1.32%;-0.62%;-0.56%;-0.70%;0.00%;-0.67%;-0.31%
05-05-21;1.08%;0.51%;0.57%;-1.04%;-0.44%;-0.04%;-0.21%;-0.06%;0.00%;-0.15%;-0.33%
06-05-21;-1.49%;0.43%;0.37%;0.05%;-0.45%;-0.31%;-0.24%;-0.18%;0.00%;-0.31%;0.06%
07-05-21;-0.27%;0.11%;0.32%;0.42%;0.33%;-0.21%;-0.11%;-0.11%;0.00%;-0.26%;-0.17%
08-05-21;0.00%;0.00%;0.00%;0.94%;0.58%;-0.01%;0.26%;0.22%;0.00%;0.00%;0.00%
09-05-21;0.00%;0.00%;0.00%;0.00%;0.00%;0.00%;0.00%;0.00%;0.00%;0.00%;0.00%
10-05-21;-0.49%;0.21%;0.04%;-0.97%;-0.97%;-0.97%;-0.97%;-0.97%;0.00%;-0.97%;-0.21%
11-05-21;-1.18%;0.09%;0.26%;-0.69%;-0.26%;-0.20%;0.01%;-0.10%;0.00%;-0.11%;-0.45%
12-05-21;-1.20%;-0.11%;0.00%;-0.22%;-0.36%;0.70%;0.71%;0.74%;0.00%;0.90%;-0.28%
13-05-21;-0.81%;-0.29%;-0.19%;-0.75%;-0.03%;0.80%;0.70%;0.68%;0.00%;1.02%;-0.18%
14-05-21;2.65%;0.03%;-0.02%;0.77%;-1.51%;0.21%;0.14%;0.18%;0.00%;0.20%;0.22%
15-05-21;0.00%;0.00%;0.00%;1.59%;1.14%;0.12%;0.26%;0.32%;0.00%;0.00%;0.00%
16-05-21;0.00%;0.00%;0.00%;0.00%;0.00%;0.00%;0.00%;0.00%;0.00%;0.00%;0.00%
17-05-21;-9.33%;-0.67%;-0.33%;-0.77%;-0.77%;-0.77%;-0.77%;-0.77%;0.00%;-0.77%;0.42%
18-05-21;-0.17%;-0.60%;-0.60%;1.61%;2.06%;1.72%;1.85%;1.81%;0.00%;1.76%;0.45%
19-05-21;-2.72%;-0.18%;-0.18%;-0.46%;1.37%;-0.29%;-0.12%;-0.23%;0.00%;-0.28%;-0.23%
20-05-21;0.93%;-0.35%;-0.12%;-0.36%;-0.19%;0.18%;0.03%;0.02%;0.00%;0.24%;-0.50%
21-05-21;0.00%;0.00%;0.00%;1.09%;0.14%;0.13%;0.08%;0.16%;0.00%;0.00%;0.00%
22-05-21;0.00%;0.00%;0.00%;0.03%;0.06%;0.08%;0.03%;0.06%;0.00%;0.00%;0.00%
23-05-21;0.00%;0.00%;0.00%;0.00%;0.00%;0.00%;0.00%;0.00%;0.00%;0.00%;0.00%
24-05-21;0.71%;-0.53%;-0.48%;0.15%;0.15%;0.16%;0.15%;0.15%;0.00%;0.15%;0.62%
25-05-21;-0.56%;-0.84%;-1.10%;2.28%;1.25%;1.58%;1.61%;1.56%;0.00%;1.48%;1.77%
26-05-21;0.59%;-0.04%;-0.25%;1.02%;2.46%;1.25%;1.20%;1.27%;0.00%;1.05%;1.09%
27-05-21;1.02%;0.27%;0.09%;-0.13%;0.22%;-0.19%;-0.22%;-0.17%;0.00%;-0.26%;0.06%
28-05-21;2.24%;0.33%;0.31%;-0.28%;-0.12%;-0.45%;-0.32%;-0.39%;0.00%;-0.33%;0.20%
29-05-21;0.00%;0.00%;0.00%;0.30%;0.49%;0.07%;0.03%;0.10%;0.00%;0.00%;0.00%
30-05-21;0.00%;0.00%;0.00%;0.00%;0.00%;0.00%;0.00%;0.00%;0.00%;0.00%;0.00%
31-05-21;2.20%;0.58%;0.47%;-0.76%;-0.76%;-0.76%;-0.76%;-0.76%;0.00%;-0.76%;-0.09%
01-06-21;0.96%;0.31%;0.23%;-0.51%;0.76%;-0.38%;-0.31%;-0.39%;0.00%;-0.39%;0.08%
02-06-21;-0.01%;-0.03%;0.16%;0.13%;0.99%;-0.16%;0.02%;-0.10%;0.00%;-0.08%;0.40%
03-06-21;-3.72%;-0.42%;-0.24%;-0.01%;-0.32%;-0.08%;-0.06%;-0.03%;0.00%;-0.15%;-0.11%
04-06-21;-0.14%;-0.80%;-0.80%;-0.50%;-0.42%;-0.19%;-0.24%;-0.25%;0.00%;-0.07%;-0.70%
05-06-21;0.00%;0.00%;0.00%;0.82%;-0.13%;0.21%;0.13%;0.26%;0.00%;0.00%;0.00%
06-06-21;0.00%;0.00%;0.00%;0.00%;0.00%;0.00%;0.00%;0.00%;0.00%;0.00%;0.00%
07-06-21;-2.02%;-0.92%;-0.85%;-0.39%;-0.39%;-0.39%;-0.39%;-0.39%;0.00%;-0.39%;-0.12%
08-06-21;0.92%;-0.51%;-0.48%;-0.03%;-0.22%;-0.20%;-0.02%;-0.15%;0.00%;-0.15%;-0.09%
09-06-21;1.96%;-0.04%;-0.07%;0.28%;0.03%;0.39%;0.40%;0.51%;0.00%;0.25%;0.17%
10-06-21;-0.12%;0.14%;-0.06%;-0.01%;-0.16%;0.35%;0.34%;0.44%;0.00%;0.16%;0.18%
11-06-21;1.02%;0.59%;0.34%;0.61%;0.69%;0.33%;0.27%;0.35%;0.00%;0.25%;0.52%
12-06-21;0.00%;0.00%;0.00%;0.17%;0.24%;0.07%;0.00%;0.10%;0.00%;0.00%;0.00%
13-06-21;0.00%;0.00%;0.00%;0.00%;0.00%;0.00%;0.00%;0.00%;0.00%;0.00%;0.00%
14-06-21;0.78%;0.22%;0.36%;-0.07%;-0.07%;-0.07%;-0.07%;-0.07%;0.00%;-0.07%;-0.01%
15-06-21;0.35%;-0.19%;-0.04%;0.10%;-0.06%;-0.29%;-0.16%;-0.34%;0.00%;-0.15%;0.11%
16-06-21;-0.11%;-0.15%;0.00%;0.74%;0.47%;0.78%;0.76%;0.69%;0.00%;0.82%;0.23%
17-06-21;-0.65%;-0.14%;-0.11%;-0.08%;-0.39%;0.08%;0.16%;0.08%;0.00%;0.21%;-0.20%
18-06-21;-0.82%;-0.11%;-0.19%;0.84%;0.75%;1.31%;0.87%;1.34%;0.00%;1.24%;0.47%
19-06-21;0.00%;0.00%;0.00%;-1.42%;-0.11%;0.20%;-0.14%;0.26%;0.00%;0.00%;0.00%
20-06-21;0.00%;0.00%;0.00%;0.00%;0.00%;0.00%;0.00%;0.00%;0.00%;0.00%;0.00%
21-06-21;0.00%;0.00%;0.00%;0.00%;0.00%;0.00%;0.00%;0.00%;0.00%;0.00%;0.00%
22-06-21;1.69%;-0.09%;0.04%;2.36%;0.63%;1.29%;1.49%;1.27%;0.00%;1.41%;0.74%
23-06-21;0.02%;-0.13%;-0.15%;1.06%;0.16%;0.42%;0.38%;0.43%;0.00%;0.42%;0.62%
24-06-21;1.11%;-0.33%;-0.31%;-2.02%;-0.89%;-1.93%;-1.76%;-1.94%;0.00%;-1.91%;-1.19%
25-06-21;-1.52%;-0.33%;-0.37%;-0.03%;-0.01%;-0.50%;-0.57%;-0.58%;0.00%;-0.55%;0.38%
26-06-21;0.00%;0.00%;0.00%;0.39%;0.89%;-0.17%;0.07%;-0.04%;0.00%;0.00%;0.00%
27-06-21;0.00%;0.00%;0.00%;0.00%;0.00%;0.00%;0.00%;0.00%;0.00%;0.00%;0.00%
28-06-21;0.00%;0.00%;0.00%;0.00%;0.00%;0.00%;0.00%;0.00%;0.00%;0.00%;0.00%
29-06-21;-0.70%;-0.31%;-0.32%;0.17%;0.28%;0.34%;0.18%;0.27%;0.00%;0.16%;0.17%
30-06-21;0.17%;-0.44%;-0.36%;0.40%;0.17%;0.43%;0.38%;0.41%;10.30%;0.41%;0.02%
01-07-21;0.31%;-0.45%;-0.48%;-1.26%;-1.19%;-0.92%;-1.07%;-1.03%;0.00%;4.36%;-0.94%
02-07-21;-0.62%;-0.36%;-0.66%;1.74%;0.91%;1.37%;1.45%;1.37%;0.00%;1.37%;0.86%
03-07-21;0.00%;0.00%;0.00%;0.60%;-0.93%;0.15%;-0.01%;0.02%;0.00%;0.00%;0.00%
04-07-21;0.00%;0.00%;0.00%;0.00%;0.00%;0.00%;0.00%;0.00%;0.00%;0.00%;0.00%
05-07-21;-0.59%;-0.67%;-0.85%;-0.37%;-0.37%;-0.37%;-0.37%;-0.37%;0.00%;-0.37%;-0.28%
06-07-21;-2.75%;-0.42%;-0.42%;0.07%;-0.10%;-0.07%;-0.02%;-0.05%;0.00%;-0.05%;-0.23%
07-07-21;0.84%;0.14%;-0.05%;0.93%;0.60%;1.45%;1.17%;1.25%;0.00%;1.16%;0.34%
08-07-21;-0.44%;0.36%;0.09%;1.32%;0.72%;1.26%;1.10%;1.22%;0.00%;1.09%;0.75%
09-07-21;1.38%;0.73%;0.62%;-0.58%;-1.52%;0.43%;0.38%;0.32%;0.00%;0.31%;-0.69%
10-07-21;0.00%;0.00%;0.00%;1.02%;0.16%;-0.25%;0.08%;-0.12%;0.00%;0.00%;0.00%
11-07-21;0.00%;0.00%;0.00%;0.00%;0.00%;0.00%;0.00%;0.00%;0.00%;0.00%;0.00%
12-07-21;-0.17%;0.38%;0.25%;-0.66%;-0.66%;-0.66%;-0.66%;-0.66%;0.00%;-0.66%;0.41%
13-07-21;-0.98%;0.13%;0.19%;-0.12%;0.04%;-0.57%;-0.55%;-0.61%;0.00%;-0.62%;0.03%
14-07-21;-0.98%;0.36%;0.38%;0.04%;1.29%;0.28%;0.24%;0.21%;0.00%;0.33%;0.00%
15-07-21;-0.21%;0.60%;0.38%;0.17%;0.11%;0.37%;0.12%;0.40%;0.00%;0.18%;0.29%
16-07-21;0.00%;0.00%;0.00%;0.34%;1.61%;0.94%;0.80%;1.02%;0.00%;0.83%;0.00%
17-07-21;0.00%;0.00%;0.00%;-0.62%;-0.62%;0.03%;-0.02%;0.03%;0.00%;0.00%;0.00%
18-07-21;0.00%;0.00%;0.00%;0.00%;0.00%;0.00%;0.00%;0.00%;0.00%;0.00%;0.00%
19-07-21;1.75%;0.76%;0.72%;0.00%;0.00%;0.00%;0.00%;0.00%;0.00%;0.00%;-0.20%
20-07-21;1.27%;0.41%;0.62%;-0.90%;-0.98%;1.08%;0.38%;0.86%;0.00%;0.73%;-0.33%
21-07-21;-0.47%;-0.21%;-0.10%;0.90%;-0.58%;-0.09%;-0.13%;-0.19%;0.00%;-0.11%;0.38%
22-07-21;0.23%;-0.36%;-0.14%;0.56%;-0.37%;-0.67%;-0.30%;-0.62%;0.00%;-0.46%;0.30%
23-07-21;-2.11%;-0.19%;-0.26%;-0.28%;0.50%;-0.43%;-0.54%;-0.53%;0.00%;-0.61%;-0.31%
24-07-21;0.00%;0.00%;0.00%;0.85%;-1.14%;-0.04%;0.00%;-0.05%;0.00%;0.00%;0.00%
25-07-21;0.00%;0.00%;0.00%;0.00%;0.00%;0.00%;0.00%;0.00%;0.00%;0.00%;0.00%
26-07-21;-0.95%;-0.20%;-0.26%;1.01%;1.01%;1.01%;1.01%;1.01%;0.00%;1.01%;0.26%
27-07-21;-0.05%;-0.41%;-0.52%;1.02%;-1.63%;0.77%;0.85%;0.67%;0.00%;0.76%;-0.19%
28-07-21;0.57%;-0.72%;-0.56%;-0.79%;-2.59%;-0.29%;-0.50%;-0.49%;0.00%;-0.42%;-0.96%
29-07-21;1.74%;-0.34%;-0.48%;0.84%;2.08%;0.85%;0.77%;0.79%;0.00%;0.82%;1.34%
30-07-21;-0.06%;0.47%;0.25%;-0.48%;0.98%;-1.19%;-0.95%;-1.20%;0.00%;-1.15%;-0.13%
31-07-21;0.00%;0.00%;0.00%;-0.66%;-1.36%;0.10%;-0.06%;0.03%;0.00%;0.00%;0.00%
01-08-21;0.00%;0.00%;0.00%;0.00%;0.00%;0.00%;0.00%;0.00%;0.00%;0.00%;0.00%
02-08-21;-0.79%;0.36%;0.19%;0.22%;0.22%;0.22%;0.22%;0.22%;0.00%;0.22%;-0.16%
03-08-21;-0.13%;0.05%;0.12%;0.41%;1.36%;0.33%;0.27%;0.38%;0.00%;0.16%;0.49%
04-08-21;0.01%;-0.17%;-0.10%;2.21%;1.80%;1.78%;1.67%;1.80%;0.00%;1.71%;1.57%
05-08-21;0.65%;-0.24%;0.00%;-0.09%;0.89%;0.13%;0.12%;0.24%;0.00%;0.13%;0.07%
06-08-21;0.82%;-0.20%;0.04%;0.69%;-0.14%;0.11%;0.15%;0.11%;0.00%;0.15%;0.31%
07-08-21;0.00%;0.00%;0.00%;-0.13%;-0.58%;-0.34%;-0.21%;-0.30%;0.00%;0.00%;0.00%
08-08-21;0.00%;0.00%;0.00%;0.00%;0.00%;0.00%;0.00%;0.00%;0.00%;0.00%;0.00%
09-08-21;-0.80%;-0.10%;0.27%;1.00%;1.00%;1.00%;1.00%;1.00%;0.00%;1.00%;0.77%
10-08-21;2.22%;-0.10%;-0.25%;0.34%;0.50%;0.34%;0.28%;0.30%;0.00%;0.37%;0.32%
11-08-21;0.52%;-0.15%;-0.01%;-0.86%;-0.45%;-0.99%;-1.01%;-0.96%;0.00%;-0.93%;-0.41%
12-08-21;0.18%;-0.09%;0.10%;-0.57%;-1.11%;-0.92%;-0.90%;-0.88%;0.00%;-0.91%;-0.54%
13-08-21;0.68%;0.17%;0.16%;0.19%;-0.53%;-0.03%;0.00%;0.03%;0.00%;-0.03%;-0.20%
14-08-21;0.00%;0.00%;0.00%;0.31%;-0.78%;0.18%;0.16%;0.20%;0.00%;0.00%;0.00%
15-08-21;0.00%;0.00%;0.00%;0.00%;0.00%;0.00%;0.00%;0.00%;0.00%;0.00%;0.00%
16-08-21;-1.49%;0.39%;0.31%;0.19%;0.19%;0.19%;0.19%;0.19%;0.00%;0.19%;0.29%
17-08-21;-0.14%;0.28%;0.18%;1.18%;0.62%;1.35%;1.28%;1.34%;0.00%;1.27%;0.44%
18-08-21;0.47%;-0.02%;0.00%;0.00%;-0.56%;0.68%;0.52%;0.68%;0.00%;0.69%;-0.08%
19-08-21;-0.70%;-0.14%;-0.05%;-0.95%;0.23%;-0.21%;-0.23%;-0.18%;0.00%;-0.24%;-0.38%
20-08-21;0.79%;-0.39%;-0.14%;-0.18%;-2.05%;0.38%;0.10%;0.32%;0.00%;0.29%;-0.72%
21-08-21;0.00%;0.00%;0.00%;0.55%;-0.95%;0.01%;0.02%;0.00%;0.00%;0.00%;0.00%
22-08-21;0.00%;0.00%;0.00%;0.00%;0.00%;0.00%;0.00%;0.00%;0.00%;0.00%;0.00%
23-08-21;1.00%;-0.21%;-0.21%;-0.45%;-0.45%;-0.45%;-0.45%;-0.45%;0.00%;-0.45%;-0.05%
24-08-21;-0.50%;-0.12%;-0.11%;0.66%;0.97%;-0.42%;-0.13%;-0.28%;0.00%;-0.40%;0.68%
25-08-21;1.46%;0.10%;0.15%;0.16%;2.45%;-0.22%;0.05%;-0.11%;0.00%;-0.14%;0.55%
26-08-21;0.19%;0.22%;0.25%;0.23%;0.53%;-0.12%;0.20%;0.09%;0.00%;0.11%;0.26%
27-08-21;0.42%;0.08%;0.09%;-0.23%;-0.46%;0.27%;0.29%;0.30%;0.00%;0.26%;-0.05%
28-08-21;0.00%;0.00%;0.00%;0.75%;0.52%;0.11%;0.22%;0.18%;0.00%;0.00%;0.00%
29-08-21;0.00%;0.00%;0.00%;0.00%;0.00%;0.00%;0.00%;0.00%;0.00%;0.00%;0.00%
30-08-21;1.05%;0.18%;0.29%;-0.09%;-0.09%;-0.08%;-0.09%;-0.09%;0.00%;-0.09%;0.48%
31-08-21;-0.26%;0.12%;0.21%;-0.15%;0.43%;-0.49%;-0.42%;-0.40%;0.00%;-0.57%;-0.08%
01-09-21;-0.78%;-0.68%;-0.43%;-0.78%;1.18%;-0.75%;-0.50%;-0.58%;0.00%;-0.62%;-0.23%
02-09-21;-0.31%;-0.97%;-0.85%;-0.71%;-0.75%;-1.03%;-0.93%;-1.03%;0.00%;-1.04%;-0.67%
03-09-21;0.43%;-0.40%;-0.63%;0.50%;0.13%;0.25%;0.27%;0.25%;0.00%;0.16%;0.18%
04-09-21;0.00%;0.00%;0.00%;0.08%;0.31%;-0.13%;0.01%;-0.11%;0.00%;0.00%;0.00%
05-09-21;0.00%;0.00%;0.00%;0.00%;0.00%;0.01%;0.00%;0.00%;0.00%;0.00%;0.00%
06-09-21;-0.27%;-0.02%;0.02%;-0.24%;-0.24%;-0.23%;-0.24%;-0.24%;0.00%;-0.24%;-0.07%
07-09-21;-0.53%;-0.28%;-0.44%;0.68%;1.15%;0.51%;0.46%;0.49%;0.00%;0.49%;0.77%
08-09-21;-1.18%;-0.39%;-0.42%;0.65%;1.08%;0.77%;0.96%;0.92%;0.00%;0.98%;0.64%
09-09-21;0.59%;-0.55%;-0.41%;0.85%;0.33%;1.30%;1.17%;1.29%;0.00%;1.22%;0.24%
10-09-21;1.26%;-0.59%;-0.46%;0.13%;-0.54%;0.68%;0.52%;0.56%;0.00%;0.48%;0.12%
11-09-21;0.00%;0.00%;0.00%;-0.44%;0.70%;-0.12%;0.08%;-0.05%;0.00%;0.00%;0.00%
12-09-21;0.00%;0.00%;0.00%;0.00%;0.00%;0.01%;0.00%;0.00%;0.00%;0.00%;0.00%
13-09-21;-1.26%;0.05%;0.03%;-0.17%;-0.17%;-0.17%;-0.17%;-0.17%;0.00%;-0.17%;0.26%
14-09-21;0.22%;0.65%;0.57%;-0.59%;-1.28%;-0.66%;-0.64%;-0.60%;0.00%;-0.72%;-0.74%
15-09-21;0.48%;0.75%;0.51%;-0.44%;-0.53%;0.02%;-0.09%;-0.04%;0.00%;-0.13%;-0.38%
16-09-21;0.52%;0.52%;0.48%;0.20%;-0.74%;-0.26%;-0.15%;-0.21%;0.00%;-0.18%;-0.12%
17-09-21;0.00%;0.00%;0.00%;-0.32%;-1.06%;-0.28%;-0.34%;-0.34%;0.00%;-0.16%;0.00%
18-09-21;0.00%;0.00%;0.00%;-0.83%;0.20%;-0.14%;-0.14%;-0.19%;0.00%;0.00%;0.00%
19-09-21;0.00%;0.00%;0.00%;0.00%;0.00%;0.01%;0.00%;0.00%;0.00%;0.00%;0.00%
20-09-21;-3.91%;0.03%;0.10%;0.00%;0.00%;0.01%;0.00%;0.00%;0.00%;0.00%;-0.77%
21-09-21;0.39%;0.18%;0.11%;-0.69%;-0.71%;1.15%;0.56%;0.72%;0.00%;0.95%;-0.77%
22-09-21;1.66%;0.33%;0.24%;-0.26%;-0.11%;-0.34%;-0.31%;-0.38%;0.00%;-0.38%;-0.14%
23-09-21;0.61%;-0.20%;-0.21%;0.80%;0.10%;0.05%;0.06%;0.04%;0.00%;-0.01%;0.49%
24-09-21;-0.75%;-0.46%;-0.12%;1.32%;1.13%;-0.11%;0.24%;-0.08%;0.00%;0.28%;0.95%
25-09-21;0.00%;0.00%;0.00%;-0.09%;-0.58%;-0.19%;-0.26%;-0.34%;0.00%;0.00%;0.00%
26-09-21;0.00%;0.00%;0.00%;0.00%;0.00%;0.01%;0.00%;0.00%;0.00%;0.00%;0.00%
27-09-21;-0.68%;-0.60%;-0.23%;0.22%;0.22%;0.23%;0.22%;0.22%;0.00%;0.22%;-0.17%
28-09-21;-0.67%;-0.59%;-0.51%;0.57%;1.00%;0.73%;0.66%;0.60%;0.00%;0.82%;0.57%
29-09-21;0.26%;-0.43%;-0.20%;-1.65%;-0.10%;0.15%;0.04%;-0.01%;0.00%;0.40%;-0.99%
30-09-21;0.57%;-0.23%;-0.19%;0.54%;-0.11%;0.70%;0.61%;0.68%;7.04%;0.62%;0.20%
01-10-21;-0.76%;-0.16%;-0.07%;0.30%;1.17%;0.97%;0.93%;0.98%;0.00%;4.57%;0.74%
02-10-21;0.00%;0.00%;0.00%;0.54%;-0.52%;0.19%;-0.02%;0.04%;0.00%;0.00%;0.00%
03-10-21;0.00%;0.00%;0.00%;0.00%;0.00%;0.01%;0.00%;0.00%;0.00%;0.00%;0.00%
04-10-21;-1.79%;-0.44%;-0.40%;-0.99%;-0.99%;-0.98%;-0.99%;-0.99%;0.00%;-0.99%;-0.71%
05-10-21;-0.34%;-0.71%;-0.66%;-0.74%;-0.57%;0.21%;0.22%;0.12%;0.00%;0.25%;-0.42%
06-10-21;-2.29%;-0.91%;-0.93%;1.37%;0.60%;0.39%;0.44%;0.30%;0.00%;0.59%;0.39%
07-10-21;-0.02%;-1.20%;-1.00%;0.69%;-0.07%;0.69%;0.37%;0.56%;0.00%;0.69%;-0.16%
08-10-21;0.34%;-1.30%;-1.20%;0.70%;1.79%;-0.41%;-0.22%;-0.40%;0.00%;-0.33%;0.59%
09-10-21;0.00%;0.00%;0.00%;-0.09%;0.31%;-0.20%;-0.10%;-0.21%;0.00%;0.00%;0.00%
10-10-21;0.00%;0.00%;0.00%;0.00%;0.00%;0.01%;0.00%;0.00%;0.00%;0.00%;0.00%
11-10-21;0.00%;0.00%;0.00%;0.00%;0.00%;0.01%;0.00%;0.00%;0.00%;0.00%;0.00%
12-10-21;-0.77%;-1.15%;-1.33%;0.40%;1.49%;0.73%;0.76%;0.80%;0.00%;0.80%;0.57%
13-10-21;-2.25%;-0.87%;-0.91%;0.67%;-0.06%;0.98%;0.57%;0.66%;0.00%;0.90%;0.49%
14-10-21;-0.22%;0.40%;-0.06%;-0.42%;-0.36%;-0.66%;-0.79%;-0.69%;0.00%;-0.89%;-0.60%
15-10-21;-0.44%;1.37%;0.78%;1.08%;0.10%;-0.19%;-0.12%;-0.18%;0.00%;-0.41%;0.37%
16-10-21;0.00%;0.00%;0.00%;0.80%;1.33%;-0.15%;0.10%;0.02%;0.00%;0.00%;0.00%
17-10-21;0.00%;0.00%;0.00%;0.00%;0.00%;0.02%;0.00%;0.00%;0.00%;0.00%;0.00%
18-10-21;0.51%;0.22%;0.44%;1.14%;1.14%;1.16%;1.14%;1.14%;0.00%;1.14%;1.77%
19-10-21;-0.17%;-0.37%;-0.31%;-0.57%;-0.76%;-0.80%;-0.74%;-0.65%;0.00%;-0.72%;-0.56%
20-10-21;0.96%;0.40%;0.30%;-0.14%;0.04%;-1.01%;-0.77%;-0.96%;0.00%;-0.85%;-0.31%
21-10-21;0.33%;0.03%;0.20%;0.15%;0.29%;-0.25%;-0.22%;-0.25%;0.00%;-0.22%;0.03%
22-10-21;0.76%;-0.27%;-0.10%;0.90%;0.12%;0.60%;0.62%;0.53%;0.00%;0.74%;0.38%
23-10-21;0.00%;0.00%;0.00%;-0.04%;0.01%;0.13%;-0.08%;0.08%;0.00%;0.00%;0.00%
24-10-21;0.00%;0.00%;0.00%;0.00%;0.00%;0.01%;0.00%;0.00%;0.00%;0.00%;0.00%
25-10-21;2.05%;0.83%;0.57%;-0.13%;-0.13%;-0.12%;-0.13%;-0.13%;0.00%;-0.13%;0.12%
26-10-21;1.78%;1.35%;1.08%;-0.51%;-0.47%;-0.71%;-0.82%;-0.72%;0.00%;-0.79%;-0.20%
27-10-21;-2.73%;0.57%;0.75%;-0.21%;-0.53%;-0.35%;-0.39%;-0.31%;0.00%;-0.45%;-0.13%
28-10-21;-0.45%;0.00%;0.43%;-0.76%;-1.30%;0.10%;-0.19%;0.02%;0.00%;-0.28%;-0.95%
29-10-21;0.01%;0.22%;0.23%;1.01%;-0.39%;0.05%;0.26%;0.05%;0.00%;0.14%;0.10%
30-10-21;0.00%;0.00%;0.00%;-0.14%;-0.89%;-0.14%;-0.26%;-0.03%;0.00%;0.00%;0.00%
31-10-21;0.00%;0.00%;0.00%;0.00%;0.00%;0.01%;0.00%;0.00%;0.00%;0.00%;0.00%
01-11-21;0.00%;0.00%;0.00%;0.67%;0.67%;0.69%;0.67%;0.67%;0.00%;0.67%;0.00%
02-11-21;2.70%;0.28%;0.16%;0.50%;-0.01%;-0.03%;-0.09%;-0.24%;0.00%;0.00%;0.67%
03-11-21;2.29%;0.19%;0.12%;0.59%;0.39%;0.67%;0.42%;0.43%;0.00%;0.43%;0.51%
04-11-21;3.61%;-0.02%;-0.06%;0.66%;0.02%;0.07%;0.17%;0.08%;0.00%;0.13%;0.54%
05-11-21;-1.67%;-0.17%;-0.17%;0.40%;0.49%;0.32%;0.14%;0.29%;0.00%;0.01%;0.46%
06-11-21;0.00%;0.00%;0.00%;0.24%;-0.34%;0.40%;0.34%;0.32%;0.00%;0.00%;0.00%
07-11-21;0.00%;0.00%;0.00%;0.00%;0.00%;0.01%;0.00%;0.00%;0.00%;0.00%;0.00%
08-11-21;-0.39%;0.11%;0.25%;-0.39%;-0.39%;-0.38%;-0.39%;-0.39%;0.00%;-0.39%;0.03%
09-11-21;2.08%;0.13%;0.11%;-0.54%;-0.33%;-0.82%;-0.55%;-0.75%;0.00%;-0.72%;-0.47%
10-11-21;0.33%;1.05%;0.85%;-1.40%;-0.77%;-0.86%;-1.13%;-1.02%;0.00%;-1.10%;-0.89%
11-11-21;0.67%;1.54%;1.05%;-1.57%;-0.65%;-1.21%;-1.11%;-1.16%;0.00%;-0.76%;-0.97%
12-11-21;-0.67%;-0.07%;0.48%;-0.03%;0.50%;-0.11%;-0.16%;-0.05%;0.00%;-0.05%;0.33%
13-11-21;0.00%;0.00%;0.00%;0.69%;0.32%;-0.05%;-0.08%;0.02%;0.00%;0.00%;0.00%
14-11-21;0.00%;0.00%;0.00%;0.00%;0.00%;0.01%;0.00%;0.00%;0.00%;0.00%;0.00%
15-11-21;-2.11%;-0.33%;-0.16%;0.82%;0.82%;0.83%;0.82%;0.82%;0.00%;0.82%;0.91%
16-11-21;-1.73%;-0.48%;-0.26%;0.61%;0.62%;0.36%;0.44%;0.45%;0.00%;0.52%;0.34%
17-11-21;-0.31%;-0.17%;-0.08%;0.71%;0.82%;0.47%;0.30%;0.41%;0.00%;0.53%;0.14%
18-11-21;-0.34%;0.09%;-0.12%;1.31%;1.36%;1.71%;1.49%;1.68%;0.00%;1.64%;1.18%
19-11-21;1.60%;-0.12%;0.02%;1.99%;0.80%;1.96%;1.85%;1.84%;0.00%;1.81%;1.04%
20-11-21;0.00%;0.00%;0.00%;-0.20%;-0.36%;0.22%;-0.07%;0.12%;0.00%;0.00%;0.00%
21-11-21;0.00%;0.00%;0.00%;0.00%;0.00%;0.01%;0.00%;0.00%;0.00%;0.00%;0.00%
22-11-21;8.88%;0.68%;0.27%;-0.22%;-0.22%;-0.21%;-0.22%;-0.22%;0.00%;-0.22%;-0.24%
23-11-21;-1.60%;1.20%;0.75%;-3.56%;-3.59%;-3.28%;-3.28%;-3.30%;0.00%;-3.00%;-1.69%
24-11-21;-1.34%;0.13%;0.36%;0.08%;-0.27%;-0.08%;-0.26%;-0.38%;0.00%;0.22%;-0.22%
25-11-21;-0.62%;-0.34%;-0.08%;0.26%;0.04%;0.27%;-0.01%;0.28%;0.00%;0.22%;-0.36%
26-11-21;-0.50%;-0.22%;-0.14%;1.11%;1.09%;1.04%;0.98%;0.97%;0.00%;0.97%;0.85%
27-11-21;0.00%;0.00%;0.00%;-2.22%;-2.54%;0.57%;-0.43%;-0.21%;0.00%;0.00%;0.00%
28-11-21;0.00%;0.00%;0.00%;0.00%;0.00%;0.01%;0.00%;0.00%;0.00%;0.00%;0.00%
29-11-21;-1.48%;0.00%;0.01%;1.25%;1.25%;1.27%;1.25%;1.25%;0.00%;1.25%;-0.45%
30-11-21;-1.70%;-0.14%;-0.07%;1.57%;0.48%;0.75%;0.85%;0.68%;0.00%;0.81%;0.67%
01-12-21;-2.04%;0.13%;0.06%;-1.62%;-0.44%;0.35%;-0.04%;0.22%;0.00%;0.10%;-0.74%
02-12-21;0.60%;0.11%;0.11%;-1.57%;0.06%;-1.10%;-0.70%;-0.80%;0.00%;-1.13%;-0.88%
03-12-21;-0.07%;0.42%;0.35%;1.91%;1.97%;1.19%;1.24%;1.29%;0.00%;1.15%;1.12%
04-12-21;0.00%;0.00%;0.00%;-0.80%;-0.94%;0.21%;0.07%;0.24%;0.00%;0.00%;0.00%
05-12-21;0.00%;0.00%;0.00%;0.00%;0.00%;0.01%;0.00%;0.00%;0.00%;0.00%;0.00%
06-12-21;-0.07%;0.64%;0.43%;0.00%;0.00%;0.01%;0.00%;0.00%;0.00%;0.00%;-0.14%
07-12-21;0.57%;-0.11%;-0.04%;1.55%;-0.32%;0.50%;0.76%;0.51%;0.00%;0.55%;0.35%
08-12-21;0.00%;0.00%;0.00%;1.79%;1.43%;-0.42%;0.15%;-0.07%;0.00%;-0.33%;0.00%
09-12-21;0.46%;-0.20%;-0.11%;0.38%;0.44%;-0.22%;0.18%;0.03%;0.00%;0.00%;1.64%
10-12-21;-0.31%;-0.08%;-0.16%;-0.53%;0.76%;0.32%;0.11%;0.32%;0.00%;0.21%;0.20%
11-12-21;0.00%;0.00%;0.00%;0.50%;-0.74%;0.04%;0.02%;0.02%;0.00%;0.00%;0.00%
12-12-21;0.00%;0.00%;0.00%;0.00%;0.00%;0.01%;0.00%;0.00%;0.00%;0.00%;0.00%
13-12-21;-2.18%;-0.01%;-0.09%;0.93%;0.93%;0.94%;0.93%;0.93%;0.00%;0.93%;0.64%
14-12-21;-2.78%;-0.44%;-0.23%;-1.50%;-1.31%;-0.44%;-0.71%;-0.51%;0.00%;-0.68%;-1.10%
15-12-21;1.82%;-0.19%;-0.49%;-0.40%;-0.34%;0.28%;0.24%;0.25%;0.00%;0.36%;-0.56%
16-12-21;2.69%;-0.17%;-0.21%;1.42%;-0.38%;0.16%;0.16%;0.04%;0.00%;0.25%;0.16%
17-12-21;-0.79%;-0.55%;-0.28%;-0.11%;0.93%;0.19%;0.36%;0.23%;0.00%;0.13%;0.69%
18-12-21;0.00%;0.00%;0.00%;-0.87%;-0.62%;0.11%;-0.17%;-0.07%;0.00%;0.00%;0.00%
19-12-21;0.00%;0.00%;0.00%;0.00%;0.00%;0.01%;0.00%;0.00%;0.00%;0.00%;0.00%
20-12-21;-6.38%;-0.68%;-0.42%;-0.35%;-0.35%;-0.34%;-0.35%;-0.35%;0.00%;-0.35%;-1.26%
21-12-21;1.42%;-0.20%;-0.16%;0.68%;-0.21%;1.88%;1.73%;1.65%;0.00%;1.94%;0.05%
22-12-21;-0.35%;0.94%;0.55%;2.30%;1.78%;0.37%;0.78%;0.65%;0.00%;0.64%;1.41%
23-12-21;2.63%;0.71%;0.78%;0.70%;0.23%;-0.26%;-0.05%;-0.24%;0.00%;-0.29%;0.46%
24-12-21;1.43%;0.28%;0.18%;-0.35%;-0.26%;-1.24%;-0.94%;-1.08%;0.00%;-1.06%;-0.30%
25-12-21;0.00%;0.00%;0.00%;0.02%;0.08%;0.03%;0.04%;0.00%;0.00%;0.00%;0.00%
26-12-21;0.00%;0.00%;0.00%;0.00%;0.00%;0.01%;0.00%;0.00%;0.00%;0.00%;0.00%
27-12-21;-0.27%;0.17%;0.21%;0.71%;0.71%;0.73%;0.71%;0.71%;0.00%;0.71%;0.74%
28-12-21;-0.26%;0.40%;0.46%;0.41%;-0.45%;-0.48%;-0.40%;-0.46%;0.00%;-0.55%;0.00%
29-12-21;-0.47%;0.16%;0.20%;-0.26%;0.13%;-0.29%;-0.28%;-0.25%;0.00%;-0.31%;-0.05%
30-12-21;1.40%;-0.14%;0.01%;-0.52%;-1.33%;-0.92%;-0.58%;-0.75%;0.00%;-0.67%;-0.69%
31-12-21;0.00%;-0.01%;-0.19%;-0.86%;-0.26%;-0.55%;-0.67%;-0.51%;5.93%;-0.66%;0.13%
01-01-22;0.00%;0.00%;0.00%;-0.16%;0.75%;0.09%;0.08%;0.05%;0.00%;2.74%;0.00%
02-01-22;0.00%;0.00%;0.00%;0.00%;0.00%;0.01%;0.00%;0.00%;0.00%;0.00%;0.00%
03-01-22;0.00%;-0.02%;0.00%;0.00%;0.00%;0.01%;0.00%;0.00%;0.00%;0.00%;-0.33%
04-01-22;-0.34%;-0.07%;0.14%;1.10%;0.92%;0.41%;0.58%;0.40%;0.00%;0.79%;0.74%
05-01-22;0.24%;-0.38%;-0.31%;0.28%;0.19%;-0.03%;0.07%;-0.02%;0.00%;0.07%;0.01%
06-01-22;0.69%;-0.08%;-0.07%;-2.62%;-2.22%;-1.36%;-1.33%;-1.53%;0.00%;-1.23%;-1.88%
07-01-22;-1.01%;0.10%;0.20%;-0.90%;-0.79%;-0.52%;-0.75%;-0.81%;0.00%;-0.33%;-0.92%
08-01-22;0.00%;0.00%;0.00%;-0.21%;0.74%;-0.16%;-0.11%;-0.27%;0.00%;0.00%;0.00%
09-01-22;0.00%;0.00%;0.00%;0.00%;0.00%;0.01%;0.00%;0.00%;0.00%;0.00%;0.00%
10-01-22;-0.08%;-0.04%;-0.09%;-0.87%;-0.87%;-0.86%;-0.87%;-0.87%;0.00%;-0.87%;-0.67%
11-01-22;2.25%;-0.35%;-0.20%;-0.38%;0.48%;-0.06%;-0.33%;-0.28%;0.00%;-0.02%;-0.31%
12-01-22;2.69%;-0.38%;-0.18%;1.00%;1.02%;0.21%;0.35%;0.20%;0.00%;0.15%;0.49%
13-01-22;0.17%;-0.11%;-0.02%;-0.08%;1.20%;-0.64%;-0.49%;-0.81%;0.00%;-0.73%;0.53%
14-01-22;-0.55%;0.02%;0.18%;-1.56%;-0.87%;-0.40%;-0.58%;-0.66%;0.00%;-0.56%;-0.79%
15-01-22;0.00%;0.00%;0.00%;-0.28%;-0.46%;-0.33%;-0.37%;-0.59%;0.00%;0.00%;0.00%
16-01-22;0.00%;0.00%;0.00%;0.00%;0.00%;0.01%;0.00%;0.00%;0.00%;0.00%;0.00%
17-01-22;-0.13%;0.22%;0.27%;-0.79%;-0.79%;-0.78%;-0.79%;-0.79%;0.00%;-0.79%;-1.20%
18-01-22;0.72%;-0.03%;-0.03%;0.90%;0.56%;0.74%;0.73%;0.81%;0.00%;0.81%;0.72%
19-01-22;-0.52%;-0.09%;-0.05%;-1.82%;-1.20%;-0.47%;-0.75%;-0.99%;0.00%;-0.17%;-0.96%
20-01-22;0.22%;0.00%;-0.07%;-1.70%;-1.01%;-0.79%;-0.70%;-0.54%;0.00%;-0.87%;-0.78%
21-01-22;2.83%;0.77%;0.61%;-1.54%;0.26%;-0.89%;-0.89%;-0.68%;0.00%;-1.01%;-0.74%
22-01-22;0.00%;0.00%;0.00%;-1.87%;-0.91%;0.26%;-0.12%;0.31%;0.00%;0.00%;0.00%
23-01-22;0.00%;0.00%;0.00%;0.00%;0.00%;0.01%;0.00%;0.00%;0.00%;0.00%;0.00%
24-01-22;-2.88%;1.17%;0.76%;-0.75%;-0.75%;-0.74%;-0.75%;-0.75%;0.00%;-0.75%;-1.21%
25-01-22;0.59%;0.26%;0.28%;-0.51%;-1.66%;0.16%;-0.26%;-0.21%;0.00%;0.14%;-0.95%
26-01-22;0.52%;-0.24%;-0.07%;-0.29%;-0.25%;0.64%;0.61%;0.68%;0.00%;0.72%;-0.06%
27-01-22;-0.05%;-0.97%;-0.59%;-0.76%;-0.81%;-1.18%;-0.79%;-1.03%;0.00%;-0.90%;-0.27%
28-01-22;-0.43%;-0.28%;-0.32%;-0.78%;-1.58%;0.12%;-0.48%;0.21%;0.00%;0.04%;-1.10%
29-01-22;0.00%;0.00%;0.00%;1.69%;-0.07%;0.01%;-0.20%;0.01%;0.00%;0.00%;0.00%
30-01-22;0.00%;0.00%;0.00%;0.00%;0.00%;0.02%;0.00%;0.00%;0.00%;0.00%;0.00%
31-01-22;0.48%;0.43%;0.22%;1.36%;1.36%;1.38%;1.36%;1.36%;0.00%;1.36%;1.06%
01-02-22;1.22%;0.74%;0.70%;0.99%;0.65%;-0.91%;-0.68%;-0.79%;0.00%;-0.77%;0.39%
02-02-22;-0.99%;0.43%;-0.06%;0.60%;0.18%;-0.37%;0.03%;-0.28%;0.00%;-0.29%;0.53%
03-02-22;-2.05%;0.16%;0.08%;1.43%;0.49%;0.68%;0.91%;0.83%;0.00%;0.55%;0.83%
04-02-22;-0.52%;-0.14%;-0.01%;-0.59%;1.16%;1.00%;1.23%;1.16%;0.00%;1.40%;0.20%
05-02-22;0.00%;0.00%;0.00%;0.30%;0.89%;-0.46%;-0.60%;-0.50%;0.00%;0.00%;0.00%
06-02-22;0.00%;0.00%;0.00%;0.00%;0.00%;0.02%;0.00%;0.00%;0.00%;0.00%;0.00%
07-02-22;1.14%;-0.01%;0.05%;1.01%;1.01%;1.02%;1.01%;1.01%;0.00%;1.01%;0.76%
08-02-22;2.03%;-0.25%;0.31%;0.10%;0.02%;0.05%;-0.04%;-0.02%;0.00%;0.16%;0.22%
09-02-22;0.50%;-0.31%;0.01%;0.26%;-0.28%;-0.55%;-0.37%;-0.59%;0.00%;-0.31%;0.01%
10-02-22;1.06%;-0.07%;0.01%;1.12%;1.20%;-0.27%;-0.09%;-0.19%;0.00%;-0.43%;0.80%
11-02-22;0.42%;-0.32%;-0.12%;-3.23%;-1.13%;-2.60%;-2.34%;-2.48%;0.00%;-2.04%;-1.81%
12-02-22;0.00%;0.00%;0.00%;-1.59%;-0.85%;0.21%;-0.53%;0.07%;0.00%;0.00%;0.00%
13-02-22;0.00%;0.00%;0.00%;0.00%;0.00%;0.01%;0.00%;0.00%;0.00%;0.00%;0.00%
14-02-22;-0.90%;0.11%;0.19%;0.25%;0.25%;0.27%;0.25%;0.25%;0.00%;0.25%;-0.50%
15-02-22;0.63%;0.03%;-0.23%;-0.17%;-0.87%;0.48%;0.07%;0.15%;0.00%;0.74%;-0.56%
16-02-22;0.13%;0.02%;-0.06%;0.42%;-0.29%;-1.15%;-0.76%;-1.00%;0.00%;-1.00%;0.39%
17-02-22;-2.21%;0.16%;0.03%;-0.37%;0.65%;-0.43%;-0.41%;-0.39%;0.00%;-0.58%;0.08%
18-02-22;-0.18%;0.10%;0.14%;-1.75%;-0.17%;0.10%;-0.15%;-0.12%;0.00%;-0.07%;-0.74%
19-02-22;0.00%;0.00%;0.00%;-0.84%;-0.90%;0.18%;-0.08%;0.02%;0.00%;0.00%;0.00%
20-02-22;0.00%;0.00%;0.00%;0.00%;0.00%;0.01%;0.00%;0.00%;0.00%;0.00%;0.00%
21-02-22;-0.30%;0.05%;0.11%;-0.64%;-0.64%;-0.62%;-0.64%;-0.64%;0.00%;-0.64%;-1.03%
22-02-22;-1.26%;-0.03%;0.08%;0.51%;-0.24%;0.74%;0.72%;0.76%;0.00%;0.76%;0.00%
23-02-22;-1.84%;0.05%;0.18%;-1.35%;-1.53%;-0.58%;-0.66%;-0.86%;0.00%;-0.47%;-1.00%
24-02-22;0.45%;0.35%;0.38%;-2.54%;-1.14%;-1.34%;-1.41%;-1.91%;0.00%;-1.16%;-1.14%
25-02-22;1.37%;0.39%;0.24%;2.45%;-1.87%;2.63%;1.22%;1.02%;0.00%;2.54%;-0.01%
26-02-22;0.00%;0.00%;0.00%;2.53%;1.47%;-0.03%;0.95%;0.64%;0.00%;0.00%;0.00%
27-02-22;0.00%;0.00%;0.00%;0.00%;0.00%;0.01%;0.00%;0.00%;0.00%;0.00%;0.00%
28-02-22;1.70%;0.12%;0.17%;-0.25%;-0.25%;-0.24%;-0.25%;-0.25%;0.00%;-0.25%;1.55%
01-03-22;-2.08%;0.58%;0.39%;-0.97%;-0.95%;-0.46%;-1.22%;-2.07%;0.00%;-0.90%;-0.62%
02-03-22;1.19%;0.30%;0.55%;-0.94%;1.09%;1.40%;0.45%;0.42%;0.00%;0.66%;-0.11%
03-03-22;2.26%;-0.07%;-0.01%;1.64%;-0.18%;-0.13%;0.13%;-0.37%;0.00%;0.50%;0.64%
04-03-22;1.76%;-0.04%;0.17%;-1.52%;-0.43%;-0.75%;-0.91%;-0.75%;0.00%;-0.79%;-1.00%
05-03-22;0.00%;0.00%;0.00%;-1.57%;-2.38%;0.41%;-0.89%;-0.45%;0.00%;0.00%;0.00%
06-03-22;0.00%;0.00%;0.00%;0.00%;0.00%;0.02%;0.00%;0.00%;0.00%;0.00%;0.00%
07-03-22;-0.77%;0.24%;0.45%;0.74%;0.74%;0.75%;0.74%;0.74%;0.00%;0.74%;-0.71%
08-03-22;-0.69%;0.10%;0.26%;-2.48%;-3.12%;-0.09%;-0.73%;-0.62%;0.00%;0.21%;-1.94%
09-03-22;1.68%;0.34%;0.35%;-0.34%;-0.60%;-0.15%;-0.01%;-0.79%;0.00%;0.42%;-0.23%
10-03-22;-0.75%;0.37%;0.69%;1.92%;-1.47%;-1.34%;-0.37%;-0.86%;0.00%;-1.05%;0.47%
11-03-22;0.56%;0.08%;0.15%;-0.02%;1.41%;-0.06%;0.11%;0.31%;0.00%;0.31%;0.48%
12-03-22;0.00%;0.00%;0.00%;-1.10%;-1.54%;-0.03%;-0.16%;-0.06%;0.00%;0.00%;0.00%
13-03-22;0.00%;0.00%;0.00%;0.00%;0.00%;0.02%;0.00%;0.00%;0.00%;0.00%;0.00%
14-03-22;-1.20%;-0.29%;-0.13%;-0.44%;-0.44%;-0.42%;-0.44%;-0.44%;0.00%;-0.44%;-0.78%
15-03-22;0.68%;-0.55%;-0.38%;0.27%;-2.12%;0.16%;0.20%;0.08%;0.00%;0.74%;-0.76%
16-03-22;1.34%;-0.40%;-0.47%;2.20%;-1.89%;0.84%;0.70%;0.58%;0.00%;0.82%;-0.22%
17-03-22;1.80%;-0.29%;-0.25%;1.02%;3.77%;-1.40%;-0.65%;-0.88%;0.00%;-1.42%;1.63%
18-03-22;1.57%;-0.17%;-0.15%;0.86%;2.95%;-0.58%;0.14%;-0.12%;0.00%;-0.68%;0.78%
19-03-22;0.00%;0.00%;0.00%;0.98%;0.19%;0.23%;0.07%;0.29%;0.00%;0.00%;0.00%
20-03-22;0.00%;0.00%;0.00%;0.00%;0.00%;0.02%;0.00%;0.00%;0.00%;0.00%;0.00%
21-03-22;2.85%;-0.23%;-0.23%;0.51%;0.51%;0.53%;0.51%;0.51%;0.00%;0.51%;1.15%
22-03-22;-1.90%;-0.41%;-0.12%;-0.48%;-1.15%;-1.01%;-0.65%;-0.95%;0.00%;-0.47%;0.07%
23-03-22;-0.75%;0.00%;-0.04%;0.34%;0.78%;-0.99%;-0.92%;-1.07%;0.00%;-0.66%;-0.04%
24-03-22;2.29%;-0.39%;-0.04%;-0.75%;0.99%;0.46%;0.12%;0.45%;0.00%;0.15%;-0.19%
25-03-22;0.12%;-0.39%;-0.11%;0.38%;-0.91%;-0.77%;-0.59%;-0.73%;0.00%;-0.58%;-0.16%
26-03-22;0.00%;0.00%;0.00%;0.26%;-1.05%;-0.40%;-0.10%;-0.22%;0.00%;0.00%;0.00%
27-03-22;0.00%;0.00%;0.00%;0.00%;0.00%;0.02%;0.00%;0.00%;0.00%;0.00%;0.00%
28-03-22;-0.63%;-0.31%;-0.42%;-0.51%;-0.51%;-0.49%;-0.51%;-0.51%;0.00%;-0.51%;-0.28%
29-03-22;-0.40%;-0.02%;-0.14%;-0.52%;-0.94%;-0.87%;-0.90%;-0.71%;0.00%;-0.93%;-0.91%
30-03-22;0.12%;0.63%;0.27%;1.40%;0.84%;-0.11%;0.72%;0.50%;0.00%;-0.20%;0.54%
31-03-22;0.80%;0.82%;0.63%;0.90%;2.45%;1.48%;1.64%;1.72%;0.94%;1.29%;1.42%
01-04-22;0.79%;0.42%;0.44%;-1.31%;-0.55%;0.36%;0.17%;0.31%;0.00%;2.00%;-0.38%
02-04-22;0.00%;0.00%;0.00%;0.13%;0.36%;-0.16%;-0.28%;-0.17%;0.00%;0.00%;0.00%
03-04-22;0.00%;0.00%;0.00%;0.00%;0.00%;0.02%;0.00%;0.00%;0.00%;0.00%;0.00%
04-04-22;0.34%;0.19%;0.29%;-0.58%;-0.58%;-0.56%;-0.58%;-0.58%;0.00%;-0.58%;0.04%
05-04-22;-1.35%;0.08%;0.08%;0.27%;0.85%;-0.39%;-0.32%;-0.29%;0.00%;-0.53%;0.00%
06-04-22;0.74%;-0.18%;0.04%;-0.53%;0.09%;-0.11%;0.18%;0.03%;0.00%;0.51%;-0.40%
07-04-22;0.15%;-0.31%;-0.08%;0.21%;0.21%;1.17%;0.84%;1.09%;0.00%;1.43%;0.13%
08-04-22;0.31%;-0.20%;0.21%;1.74%;0.22%;1.56%;1.46%;1.51%;0.00%;1.66%;1.19%
09-04-22;0.00%;0.00%;0.00%;-0.05%;0.17%;-0.26%;-0.37%;-0.46%;0.00%;0.00%;0.00%
10-04-22;0.00%;0.00%;0.00%;0.00%;0.00%;0.02%;0.00%;0.00%;0.00%;0.00%;0.00%
11-04-22;-1.34%;-0.08%;0.49%;0.79%;0.79%;0.81%;0.79%;0.79%;0.00%;0.79%;0.38%
12-04-22;-0.25%;-0.17%;-0.19%;-0.80%;-0.92%;0.12%;-0.06%;-0.22%;0.00%;0.52%;-0.40%
13-04-22;0.49%;0.15%;0.09%;-1.87%;-1.57%;-1.27%;-1.47%;-1.53%;0.00%;-1.45%;-1.12%
14-04-22;-0.10%;0.17%;0.17%;0.62%;0.57%;-0.12%;-0.21%;-0.13%;0.00%;-0.24%;0.26%
15-04-22;0.00%;0.00%;0.00%;-0.82%;-0.09%;-0.37%;-0.15%;-0.27%;0.00%;0.00%;0.00%
16-04-22;0.00%;0.00%;0.00%;-0.03%;-0.40%;0.02%;0.00%;0.00%;0.00%;0.00%;0.00%
17-04-22;0.00%;0.00%;0.00%;0.00%;0.00%;0.02%;0.00%;0.00%;0.00%;0.00%;0.00%
18-04-22;-0.73%;0.04%;0.55%;1.23%;1.23%;1.25%;1.23%;1.23%;0.00%;1.23%;0.79%
19-04-22;1.10%;0.00%;0.07%;0.18%;-0.19%;0.22%;0.23%;0.22%;0.00%;0.36%;0.06%
20-04-22;1.17%;0.32%;0.03%;1.10%;-0.91%;-0.36%;-0.15%;-0.42%;0.00%;0.06%;-0.06%
21-04-22;-1.91%;-0.06%;0.02%;0.10%;-0.26%;0.10%;0.04%;-0.01%;0.00%;-0.23%;0.00%
22-04-22;-0.80%;-0.12%;0.21%;-0.97%;-0.61%;-0.12%;-0.05%;-0.16%;0.00%;0.19%;-0.60%
23-04-22;0.00%;0.00%;0.00%;-2.65%;-1.04%;-0.14%;-0.57%;-0.47%;0.00%;0.00%;0.00%
24-04-22;0.00%;0.00%;0.00%;0.00%;0.00%;0.02%;0.00%;0.00%;0.00%;0.00%;0.00%
25-04-22;-2.29%;0.08%;0.23%;2.01%;2.01%;2.03%;2.01%;2.01%;0.00%;2.01%;-0.35%
26-04-22;-1.45%;-0.30%;0.04%;1.79%;-0.83%;2.38%;1.60%;1.85%;0.00%;1.95%;0.36%
27-04-22;1.64%;0.01%;0.01%;-2.72%;-0.07%;-0.07%;-0.48%;-0.14%;0.00%;-0.39%;-1.23%
28-04-22;0.53%;0.36%;0.14%;-0.13%;-0.55%;-0.19%;-0.60%;-0.39%;0.00%;-0.02%;0.11%
29-04-22;-0.33%;0.19%;0.18%;2.99%;2.04%;0.87%;0.92%;0.94%;0.00%;1.07%;1.67%
30-04-22;0.00%;0.00%;0.00%;-2.32%;2.11%;-0.31%;-0.36%;-0.50%;0.00%;0.00%;0.00%
01-05-22;0.00%;0.00%;0.00%;0.00%;0.00%;0.02%;0.00%;0.00%;0.00%;0.00%;0.00%
02-05-22;-0.39%;0.07%;-0.13%;-0.68%;-0.68%;-0.66%;-0.68%;-0.68%;0.00%;-0.68%;-0.62%
03-05-22;0.65%;-0.02%;-0.12%;1.20%;0.82%;0.83%;0.67%;0.72%;0.00%;1.15%;0.38%
04-05-22;2.51%;-0.05%;-0.05%;0.03%;-0.76%;-0.38%;-0.41%;-0.61%;0.00%;-0.45%;-0.09%
05-05-22;-0.39%;-0.10%;-0.22%;2.23%;-0.20%;0.46%;0.48%;0.74%;0.00%;0.30%;1.05%
06-05-22;-0.42%;-0.45%;-0.30%;-2.39%;-0.04%;0.05%;0.08%;-0.02%;0.00%;0.44%;-0.81%
07-05-22;0.00%;0.00%;0.00%;-0.77%;-2.60%;-0.42%;-0.66%;-0.67%;0.00%;0.00%;0.00%
08-05-22;0.00%;0.00%;0.00%;0.00%;0.00%;0.02%;0.00%;0.00%;0.00%;0.00%;0.00%
09-05-22;-2.05%;-0.24%;-0.07%;-0.64%;-0.64%;-0.62%;-0.64%;-0.64%;0.00%;-0.64%;-1.40%
10-05-22;-0.83%;-0.31%;-0.27%;-2.12%;-0.45%;1.46%;0.24%;0.83%;0.00%;1.19%;-0.71%
11-05-22;-0.14%;0.07%;-0.03%;0.23%;-0.71%;0.34%;0.11%;-0.04%;0.00%;0.02%;-0.31%
12-05-22;0.69%;0.43%;0.09%;-1.64%;-0.33%;-0.49%;-0.58%;-0.40%;0.00%;-0.73%;-0.84%
13-05-22;3.49%;0.35%;0.40%;0.26%;-1.62%;1.12%;0.10%;0.54%;0.00%;0.71%;0.29%
14-05-22;0.00%;0.00%;0.00%;2.32%;1.68%;-0.25%;0.05%;-0.09%;0.00%;0.00%;0.00%
15-05-22;0.00%;0.00%;0.00%;0.00%;0.00%;0.02%;0.00%;0.00%;0.00%;0.00%;0.00%
16-05-22;0.56%;0.13%;0.02%;-0.80%;-0.80%;-0.78%;-0.80%;-0.80%;0.00%;-0.80%;0.93%
17-05-22;3.39%;0.12%;0.18%;-0.62%;-0.05%;-0.21%;-0.38%;-0.33%;0.00%;-0.36%;0.33%
18-05-22;-0.72%;0.02%;0.14%;1.11%;1.45%;-1.30%;-0.57%;-1.08%;0.00%;-0.84%;0.82%
19-05-22;0.68%;0.33%;0.23%;-3.11%;0.13%;0.14%;-0.58%;0.00%;0.00%;-0.10%;-1.27%
20-05-22;0.00%;0.42%;0.39%;-1.37%;-2.65%;-0.69%;-1.02%;-1.00%;0.00%;-0.89%;-0.41%
21-05-22;0.00%;0.00%;0.00%;0.17%;2.02%;0.16%;0.07%;0.28%;0.00%;0.00%;0.00%
22-05-22;0.00%;0.00%;0.00%;0.00%;0.00%;0.02%;0.00%;0.00%;0.00%;0.00%;0.00%
23-05-22;3.01%;0.53%;0.72%;-1.05%;-1.05%;-1.03%;-1.05%;-1.05%;0.00%;-1.05%;-0.35%
24-05-22;0.19%;0.38%;0.15%;1.27%;-0.55%;-0.72%;-0.04%;-0.38%;0.00%;-0.48%;0.49%
25-05-22;0.91%;0.24%;0.11%;-0.27%;-1.07%;0.99%;0.71%;0.91%;0.00%;0.53%;-0.08%
26-05-22;2.03%;-0.13%;0.14%;0.91%;0.43%;0.36%;0.79%;0.65%;0.00%;0.17%;0.36%
27-05-22;2.68%;-0.02%;-0.13%;0.92%;-0.37%;-0.76%;0.30%;-0.25%;0.00%;-0.70%;0.44%
28-05-22;0.00%;0.00%;0.00%;2.12%;1.97%;0.14%;0.51%;0.30%;0.00%;0.00%;0.00%
29-05-22;0.00%;0.00%;0.00%;0.00%;0.00%;0.02%;0.00%;0.00%;0.00%;0.00%;0.00%
30-05-22;0.11%;0.16%;-0.14%;-0.89%;-0.89%;-0.87%;-0.89%;-0.89%;0.00%;-0.89%;1.12%
31-05-22;-1.48%;-0.01%;0.36%;0.92%;2.57%;0.38%;0.64%;0.49%;0.00%;0.49%;0.98%
01-06-22;-1.51%;0.06%;0.18%;-1.07%;0.98%;-0.67%;-0.38%;-0.39%;0.00%;-0.23%;-0.58%
02-06-22;1.35%;0.03%;0.05%;-0.62%;-0.77%;-0.12%;-0.08%;-0.12%;0.00%;0.11%;-0.49%
03-06-22;-0.13%;0.10%;0.00%;0.39%;-1.78%;-1.15%;-1.14%;-1.13%;0.00%;-1.18%;-0.24%
04-06-22;0.00%;0.00%;0.00%;-1.24%;-0.06%;-0.04%;-0.23%;-0.10%;0.00%;0.00%;0.00%
05-06-22;0.00%;0.00%;0.00%;0.00%;0.00%;0.02%;0.00%;0.00%;0.00%;0.00%;0.00%
06-06-22;0.02%;0.03%;0.10%;-0.27%;-0.27%;-0.25%;-0.27%;-0.27%;0.00%;-0.27%;-0.40%
07-06-22;0.20%;-0.27%;-0.07%;0.95%;1.57%;0.00%;0.47%;0.18%;0.00%;0.57%;0.84%
08-06-22;-1.75%;-0.02%;-0.04%;1.89%;0.38%;1.54%;1.09%;1.39%;0.00%;1.34%;1.09%
09-06-22;-1.65%;-0.24%;-0.36%;-1.67%;0.31%;-1.11%;-1.14%;-1.17%;0.00%;-0.89%;-1.21%
10-06-22;1.12%;-0.18%;0.15%;-1.55%;0.06%;0.48%;-0.03%;0.31%;0.00%;0.67%;-0.56%
11-06-22;0.00%;0.00%;0.00%;-2.99%;-1.17%;-0.55%;-1.25%;-0.78%;0.00%;0.00%;0.00%
12-06-22;0.00%;0.00%;0.00%;0.00%;0.00%;0.02%;0.00%;0.00%;0.00%;0.00%;0.00%
13-06-22;-2.00%;-0.35%;-0.22%;1.37%;1.37%;1.39%;1.37%;1.37%;0.00%;1.37%;-0.55%
14-06-22;-0.03%;-0.34%;-0.12%;-0.82%;-0.78%;1.80%;0.38%;1.09%;0.00%;2.91%;-0.17%
15-06-22;0.36%;0.23%;0.19%;-0.34%;0.54%;-0.12%;-0.05%;-0.18%;0.00%;0.40%;0.06%
16-06-22;-2.62%;0.39%;0.38%;0.89%;-0.09%;0.33%;0.32%;0.39%;0.00%;-0.33%;0.12%
17-06-22;0.75%;0.39%;0.25%;-1.96%;-0.49%;0.73%;-0.04%;0.45%;0.00%;0.65%;-0.66%
18-06-22;0.00%;0.00%;0.00%;-0.19%;-0.34%;0.10%;-0.07%;-0.14%;0.00%;0.00%;0.00%
19-06-22;0.00%;0.00%;0.00%;0.00%;0.00%;0.02%;0.00%;0.00%;0.00%;0.00%;0.00%
20-06-22;0.66%;0.40%;0.37%;0.69%;0.69%;0.71%;0.69%;0.69%;0.00%;0.69%;0.50%
21-06-22;0.00%;0.00%;0.00%;0.37%;-0.40%;-0.14%;0.13%;0.00%;0.00%;0.00%;0.00%
22-06-22;-0.30%;0.45%;0.37%;2.51%;2.25%;0.36%;0.75%;0.46%;0.00%;0.59%;1.01%
23-06-22;-2.43%;0.69%;0.58%;0.42%;-1.64%;1.35%;0.46%;0.86%;0.00%;0.66%;0.13%
24-06-22;1.51%;0.05%;0.12%;1.83%;1.61%;1.95%;1.29%;1.58%;0.00%;1.36%;1.17%
25-06-22;0.00%;0.00%;0.00%;2.73%;1.58%;-0.09%;0.27%;-0.13%;0.00%;0.00%;0.00%
26-06-22;0.00%;0.00%;0.00%;0.00%;0.00%;0.02%;0.00%;0.00%;0.00%;0.00%;0.00%
27-06-22;0.00%;0.00%;0.00%;0.00%;0.00%;0.02%;0.00%;0.00%;0.00%;0.00%;0.00%
28-06-22;-0.27%;-0.36%;0.06%;1.55%;3.03%;1.04%;1.41%;1.21%;0.00%;1.40%;2.82%
29-06-22;-0.35%;-0.28%;-0.30%;-2.17%;-0.42%;-0.81%;-1.53%;-1.09%;0.00%;-0.68%;-0.94%
30-06-22;-1.06%;0.18%;0.27%;1.24%;0.12%;2.11%;0.86%;1.50%;-2.85%;1.61%;0.47%
01-07-22;1.11%;0.43%;0.22%;0.21%;0.09%;1.73%;0.79%;1.23%;0.00%;0.02%;0.38%
02-07-22;0.00%;0.00%;0.00%;0.54%;-0.78%;0.65%;0.20%;0.58%;0.00%;0.00%;0.00%
03-07-22;0.00%;0.00%;0.00%;0.00%;0.00%;0.02%;0.00%;0.00%;0.00%;0.00%;0.00%
04-07-22;-0.03%;0.28%;0.04%;0.26%;0.26%;0.29%;0.26%;0.26%;0.00%;0.26%;0.35%
05-07-22;0.51%;0.12%;0.48%;-0.44%;-0.65%;-0.98%;-0.68%;-0.75%;0.00%;-0.75%;-0.44%
06-07-22;0.04%;0.30%;0.08%;1.70%;2.13%;2.67%;1.73%;2.12%;0.00%;2.24%;0.90%
07-07-22;2.35%;-0.09%;0.12%;2.80%;1.49%;2.33%;2.40%;2.18%;0.00%;2.51%;1.85%
08-07-22;0.04%;-0.24%;-0.39%;0.25%;0.09%;-1.59%;-0.93%;-1.53%;0.00%;-1.34%;0.05%
09-07-22;0.00%;0.00%;0.00%;0.06%;0.54%;-0.23%;0.18%;-0.24%;0.00%;0.00%;0.00%
10-07-22;0.00%;0.00%;0.00%;0.00%;0.00%;0.02%;0.00%;0.00%;0.00%;0.00%;0.00%
11-07-22;-1.16%;-0.23%;0.14%;0.73%;0.73%;0.75%;0.73%;0.73%;0.00%;0.73%;0.54%
12-07-22;0.19%;-0.37%;-0.07%;1.16%;0.52%;2.72%;2.19%;2.30%;0.00%;2.37%;0.75%
13-07-22;1.09%;-0.33%;-0.67%;1.18%;0.49%;2.19%;1.59%;1.45%;0.00%;1.89%;0.87%
14-07-22;0.56%;-0.15%;-0.08%;-0.24%;0.47%;0.26%;-0.06%;-0.19%;0.00%;0.13%;0.12%
15-07-22;-1.12%;0.40%;0.34%;2.26%;2.71%;2.97%;2.45%;2.67%;0.00%;3.20%;1.91%
16-07-22;0.00%;0.00%;0.00%;1.88%;-0.36%;0.26%;0.49%;0.07%;0.00%;0.00%;0.00%
17-07-22;0.00%;0.00%;0.00%;0.00%;0.00%;0.02%;0.00%;0.00%;0.00%;0.00%;0.00%
18-07-22;-0.59%;0.52%;0.60%;-5.39%;-5.39%;-5.38%;-5.39%;-5.39%;0.00%;-5.39%;-3.37%
19-07-22;1.60%;0.17%;-0.07%;-4.94%;-2.98%;-5.05%;-4.25%;-4.78%;0.00%;-4.91%;-3.35%
20-07-22;-0.28%;-0.17%;0.03%;1.15%;-1.23%;-1.38%;-0.70%;-1.09%;0.00%;-1.18%;0.11%
21-07-22;1.53%;-0.24%;0.01%;-0.48%;-0.39%;-1.03%;-0.32%;-0.65%;0.00%;-1.07%;-0.44%
22-07-22;0.61%;-0.17%;-0.10%;1.57%;1.25%;1.33%;1.15%;1.31%;0.00%;0.82%;0.90%
23-07-22;0.00%;0.00%;0.00%;-0.49%;-0.03%;0.72%;0.61%;0.68%;0.00%;0.00%;0.00%
24-07-22;0.00%;0.00%;0.00%;0.00%;0.00%;0.02%;0.00%;0.00%;0.00%;0.00%;0.00%
25-07-22;0.68%;0.03%;0.10%;0.57%;0.57%;0.59%;0.57%;0.57%;0.00%;0.57%;0.48%
26-07-22;-0.95%;-0.09%;-0.06%;0.89%;0.55%;0.85%;1.09%;1.05%;0.00%;0.88%;0.93%
27-07-22;1.05%;-0.06%;0.02%;-3.05%;-1.73%;-1.90%;-2.43%;-2.07%;0.00%;-2.04%;-1.78%
28-07-22;0.09%;0.19%;0.13%;1.74%;-0.16%;-0.04%;0.10%;0.05%;0.00%;-0.17%;0.62%
29-07-22;0.26%;0.10%;0.01%;0.31%;-0.20%;-0.41%;-0.13%;-0.10%;0.00%;-0.99%;0.02%
30-07-22;0.00%;0.00%;0.00%;1.35%;-0.37%;0.18%;0.89%;0.62%;0.00%;0.00%;0.00%
31-07-22;0.00%;0.00%;0.00%;0.00%;0.00%;0.02%;0.00%;0.00%;0.00%;0.00%;0.00%
01-08-22;-0.37%;0.38%;0.22%;-0.70%;-0.70%;-0.68%;-0.70%;-0.70%;0.00%;-0.70%;-0.15%
02-08-22;0.15%;0.39%;0.38%;-1.22%;-1.18%;-0.96%;-0.75%;-0.77%;0.00%;-1.32%;-1.08%
03-08-22;-1.07%;-0.29%;-0.24%;-0.31%;-0.63%;-0.04%;0.24%;0.04%;0.00%;0.45%;-0.19%
04-08-22;-0.73%;-0.15%;-0.22%;2.16%;1.33%;1.25%;1.19%;1.35%;0.00%;1.17%;1.11%
05-08-22;0.36%;0.11%;-0.10%;-0.19%;0.47%;-0.16%;0.18%;0.02%;0.00%;-0.43%;0.01%
06-08-22;0.00%;0.00%;0.00%;-0.34%;0.83%;-0.68%;-0.20%;-0.40%;0.00%;0.00%;0.00%
07-08-22;0.00%;0.00%;0.00%;0.00%;0.00%;0.02%;0.00%;0.00%;0.00%;0.00%;0.00%
08-08-22;1.19%;-0.04%;0.27%;1.16%;1.16%;1.19%;1.16%;1.16%;0.00%;1.16%;0.95%
09-08-22;-0.19%;0.04%;-0.12%;-0.68%;-1.03%;-0.62%;-0.41%;-0.45%;0.00%;-0.93%;-0.29%
10-08-22;0.96%;0.08%;-0.09%;-1.13%;-0.59%;-0.73%;-0.81%;-0.74%;0.00%;-0.58%;-0.80%
11-08-22;0.75%;0.24%;0.20%;0.88%;-1.70%;-1.09%;-0.45%;-0.85%;0.00%;-1.27%;0.09%
12-08-22;1.93%;-0.20%;-0.22%;-0.81%;0.92%;-1.18%;-0.42%;-0.55%;0.00%;-0.80%;-0.11%
13-08-22;0.00%;0.00%;0.00%;1.16%;0.46%;0.12%;-0.12%;0.06%;0.00%;0.00%;0.00%
14-08-22;0.00%;0.00%;0.00%;0.00%;0.00%;0.02%;0.00%;0.00%;0.00%;0.00%;0.00%
15-08-22;0.00%;0.00%;0.00%;0.04%;0.04%;0.07%;0.04%;0.04%;0.00%;0.04%;0.00%
16-08-22;-0.57%;-0.14%;-0.13%;0.28%;-0.18%;0.35%;0.01%;0.07%;0.00%;0.00%;0.74%
17-08-22;0.42%;-0.33%;-0.68%;0.01%;-0.13%;-0.19%;-0.24%;-0.12%;0.00%;-0.06%;0.00%
18-08-22;-1.78%;-0.59%;-0.42%;0.78%;1.67%;1.08%;0.93%;0.95%;0.00%;1.53%;0.78%
19-08-22;-1.33%;-0.58%;-0.60%;2.62%;1.89%;2.54%;2.29%;2.49%;0.00%;2.47%;1.55%
20-08-22;0.00%;0.00%;0.00%;-1.38%;-0.80%;-0.52%;-0.73%;-0.56%;0.00%;0.00%;0.00%
21-08-22;0.00%;0.00%;0.00%;0.00%;0.00%;0.02%;0.00%;0.00%;0.00%;0.00%;0.00%
22-08-22;1.31%;-0.64%;-0.39%;2.91%;2.91%;2.94%;2.91%;2.91%;0.00%;2.91%;1.14%
23-08-22;1.03%;-0.25%;-0.30%;-1.85%;-0.94%;-0.34%;-0.93%;-0.57%;0.00%;0.01%;-0.73%
24-08-22;1.14%;0.54%;0.29%;-2.19%;-2.21%;-2.11%;-1.96%;-1.84%;0.00%;-1.98%;-1.22%
25-08-22;0.78%;0.49%;0.29%;-1.02%;-1.67%;-1.45%;-1.06%;-1.07%;0.00%;-1.23%;-0.71%
26-08-22;-0.03%;0.26%;0.17%;0.58%;1.25%;-0.28%;-0.29%;-0.18%;0.00%;-0.61%;0.43%
27-08-22;0.00%;0.00%;0.00%;-2.70%;0.31%;-0.11%;-0.13%;-0.03%;0.00%;0.00%;0.00%
28-08-22;0.00%;0.00%;0.00%;0.00%;0.00%;0.02%;0.00%;0.00%;0.00%;0.00%;0.00%
29-08-22;0.58%;0.18%;0.33%;-1.08%;-1.08%;-1.06%;-1.08%;-1.08%;0.00%;-1.08%;-1.46%
30-08-22;-0.06%;0.05%;0.27%;-2.00%;-2.53%;-1.26%;-1.49%;-1.54%;0.00%;-1.04%;-1.27%
31-08-22;-1.49%;0.19%;0.10%;-1.86%;-0.88%;-1.16%;-1.67%;-1.19%;0.00%;-0.99%;-1.26%
01-09-22;-0.92%;0.32%;0.19%;1.12%;1.93%;1.56%;1.49%;1.51%;0.00%;1.79%;0.81%
02-09-22;3.94%;0.55%;0.44%;-0.60%;-1.79%;-0.39%;-0.82%;-0.70%;0.00%;0.02%;-0.78%
03-09-22;0.00%;0.00%;0.00%;-0.19%;-0.42%;0.31%;0.50%;0.22%;0.00%;0.00%;0.00%
04-09-22;0.00%;0.00%;0.00%;0.00%;0.00%;0.02%;0.00%;0.00%;0.00%;0.00%;0.00%
05-09-22;2.63%;0.91%;0.89%;-1.43%;-1.43%;-1.41%;-1.43%;-1.43%;0.00%;-1.43%;-0.74%
06-09-22;-2.28%;0.23%;0.40%;-2.52%;-2.62%;-2.22%;-2.47%;-2.20%;0.00%;-2.20%;-1.05%
07-09-22;-0.90%;-0.48%;-0.50%;2.09%;2.27%;2.08%;2.38%;2.10%;0.00%;2.53%;1.19%
08-09-22;0.45%;-0.20%;-0.18%;0.88%;-1.14%;0.06%;0.12%;0.02%;0.00%;-0.24%;-0.19%
09-09-22;2.04%;-0.09%;-0.09%;0.25%;-0.51%;-0.87%;-0.20%;-0.54%;0.00%;-0.60%;0.04%
10-09-22;0.00%;0.00%;0.00%;1.76%;1.37%;-0.03%;0.75%;0.29%;0.00%;0.00%;0.00%
11-09-22;0.00%;0.00%;0.00%;0.00%;0.00%;0.02%;0.00%;0.00%;0.00%;0.00%;0.00%
12-09-22;-1.00%;-0.08%;-0.08%;0.47%;0.47%;0.49%;0.47%;0.47%;0.00%;0.47%;1.49%
13-09-22;0.13%;-0.19%;-0.32%;2.86%;2.43%;1.63%;2.09%;1.75%;0.00%;1.52%;1.69%
14-09-22;1.24%;0.26%;0.00%;-2.45%;1.37%;0.99%;0.21%;0.73%;0.00%;1.28%;-0.39%
15-09-22;-2.23%;0.38%;0.99%;0.70%;-1.02%;0.81%;0.45%;0.49%;0.00%;0.75%;0.35%
16-09-22;0.00%;0.00%;0.00%;-0.39%;0.20%;0.41%;0.29%;0.46%;0.00%;0.60%;0.00%
17-09-22;0.00%;0.00%;0.00%;-0.88%;-1.52%;-0.11%;-0.50%;-0.40%;0.00%;0.00%;0.00%
18-09-22;0.00%;0.00%;0.00%;0.00%;0.00%;0.02%;0.00%;0.00%;0.00%;0.00%;0.00%
19-09-22;0.00%;0.00%;0.00%;0.00%;0.00%;0.02%;0.00%;0.00%;0.00%;0.00%;0.00%
20-09-22;-2.75%;-0.07%;0.28%;0.44%;-0.59%;-0.04%;0.02%;-0.11%;0.00%;0.00%;-0.98%
21-09-22;0.83%;-0.31%;-0.34%;-0.42%;1.43%;0.22%;0.27%;0.26%;0.00%;0.61%;-0.03%
22-09-22;-1.96%;-0.47%;-0.30%;-0.34%;-0.36%;1.35%;0.94%;1.27%;0.00%;1.13%;0.09%
23-09-22;-2.07%;-0.47%;-0.54%;-0.63%;-0.57%;-0.18%;-0.34%;-0.31%;0.00%;0.45%;-0.48%
24-09-22;0.00%;0.00%;0.00%;-2.06%;-1.83%;-0.27%;-1.17%;-0.69%;0.00%;0.00%;0.00%
25-09-22;0.00%;0.00%;0.00%;0.00%;0.00%;0.02%;0.00%;0.00%;0.00%;0.00%;0.00%
26-09-22;-0.07%;-0.48%;-0.41%;2.32%;2.32%;2.34%;2.32%;2.32%;0.00%;2.32%;0.15%
27-09-22;0.23%;-0.81%;-0.45%;1.00%;0.32%;1.41%;1.09%;1.10%;0.00%;2.24%;0.71%
28-09-22;-1.81%;-0.48%;-0.42%;-0.62%;-0.06%;-0.94%;-1.00%;-1.21%;0.00%;-0.43%;-0.46%
29-09-22;-1.53%;-0.18%;-0.31%;0.25%;-2.99%;-0.29%;-1.33%;-1.27%;0.00%;-1.20%;-1.04%
30-09-22;1.69%;0.19%;0.19%;-2.01%;-0.79%;-0.81%;-0.77%;-0.98%;-1.35%;-0.53%;-1.12%
01-10-22;0.00%;0.00%;0.00%;-0.95%;0.29%;0.01%;0.19%;-0.03%;0.00%;0.35%;0.00%
02-10-22;0.00%;0.00%;0.00%;0.00%;0.00%;0.02%;0.00%;0.00%;0.00%;0.00%;0.00%
03-10-22;0.22%;0.21%;0.37%;-0.60%;-0.60%;-0.58%;-0.60%;-0.60%;0.00%;-0.60%;-0.54%
04-10-22;2.55%;0.16%;-0.20%;1.63%;-0.46%;0.25%;0.06%;0.10%;0.00%;-0.50%;0.77%
05-10-22;-1.22%;-0.26%;-0.30%;0.74%;-0.60%;-2.31%;-1.06%;-1.78%;0.00%;-2.58%;-0.21%
06-10-22;-0.15%;-0.35%;-0.42%;0.70%;2.93%;0.64%;0.78%;0.71%;0.00%;1.16%;0.93%
07-10-22;-2.17%;-0.06%;0.00%;-0.65%;0.32%;-0.11%;0.19%;0.00%;0.00%;0.20%;-0.03%
08-10-22;0.00%;0.00%;0.00%;-2.48%;-1.42%;-0.40%;-0.56%;-0.42%;0.00%;0.00%;0.00%
09-10-22;0.00%;0.00%;0.00%;0.00%;0.00%;0.02%;0.00%;0.00%;0.00%;0.00%;0.00%
10-10-22;0.00%;0.00%;0.00%;0.12%;0.12%;0.14%;0.12%;0.12%;0.00%;0.12%;0.00%
11-10-22;-1.74%;0.32%;0.33%;-0.92%;-1.45%;-0.18%;-0.25%;0.00%;0.00%;0.00%;-1.76%
12-10-22;-1.95%;0.45%;0.23%;-2.00%;-3.49%;-1.41%;-1.96%;-1.90%;0.00%;-1.19%;-1.68%
13-10-22;0.84%;0.51%;0.25%;-0.44%;0.02%;-0.12%;-0.29%;-0.23%;0.00%;-0.08%;-0.41%
14-10-22;-0.09%;0.32%;0.07%;3.09%;-0.02%;1.12%;0.94%;0.60%;0.00%;1.24%;1.35%
15-10-22;0.00%;0.00%;0.00%;-1.46%;1.03%;-0.23%;0.13%;-0.22%;0.00%;0.00%;0.00%
16-10-22;0.00%;0.00%;0.00%;0.00%;0.00%;0.02%;0.00%;0.00%;0.00%;0.00%;0.00%
17-10-22;3.13%;0.50%;0.43%;0.63%;0.63%;0.65%;0.63%;0.63%;0.00%;0.63%;0.41%
18-10-22;0.52%;0.11%;-0.03%;4.07%;2.06%;2.01%;2.32%;1.83%;0.00%;1.77%;2.39%
19-10-22;-0.17%;-0.53%;-0.21%;1.51%;1.97%;0.64%;0.93%;0.62%;0.00%;0.44%;1.02%
20-10-22;0.57%;-0.50%;-0.40%;-0.14%;-0.89%;0.18%;0.04%;0.07%;0.00%;0.62%;-0.39%
21-10-22;0.72%;-0.07%;-0.12%;-1.02%;-0.74%;-0.96%;-0.79%;-1.15%;0.00%;-0.61%;-0.48%
22-10-22;0.00%;0.00%;0.00%;1.36%;0.03%;-0.11%;-0.23%;-0.35%;0.00%;0.00%;0.00%
23-10-22;0.00%;0.00%;0.00%;0.00%;0.00%;0.02%;0.00%;0.00%;0.00%;0.00%;0.00%
24-10-22;-0.73%;0.31%;0.29%;0.66%;0.66%;0.67%;0.66%;0.66%;0.00%;0.66%;0.92%
25-10-22;1.33%;0.29%;0.27%;1.79%;-2.06%;0.76%;1.08%;0.74%;0.00%;0.55%;0.18%
26-10-22;-0.27%;0.56%;0.19%;0.46%;-1.10%;-0.56%;-0.52%;-0.59%;0.00%;-1.31%;-0.50%
27-10-22;0.38%;0.43%;0.35%;-1.95%;-1.02%;-1.49%;-1.17%;-1.23%;0.00%;-1.88%;-0.80%
28-10-22;-0.27%;0.01%;0.05%;-1.29%;0.09%;-0.24%;-0.36%;-0.36%;0.00%;-0.81%;-0.61%
29-10-22;0.00%;0.00%;0.00%;1.48%;-1.63%;-0.11%;0.25%;-0.03%;0.00%;0.00%;0.00%
30-10-22;0.00%;0.00%;0.00%;0.00%;0.00%;0.02%;0.00%;0.00%;0.00%;0.00%;0.00%
31-10-22;0.00%;0.00%;0.00%;-0.95%;-0.95%;-0.93%;-0.95%;-0.95%;0.00%;-0.95%;0.00%
01-11-22;0.00%;0.00%;0.00%;-0.52%;0.31%;-0.29%;-0.39%;-0.27%;0.00%;0.00%;0.00%
02-11-22;-0.47%;0.01%;0.13%;-0.05%;2.27%;0.17%;0.20%;0.24%;0.00%;0.00%;0.05%
03-11-22;0.28%;0.03%;-0.17%;-1.69%;0.78%;0.09%;0.13%;0.17%;0.00%;0.15%;-0.11%
04-11-22;0.52%;0.05%;0.29%;-0.12%;-0.23%;0.79%;0.18%;0.68%;0.00%;1.16%;0.44%
05-11-22;0.00%;0.00%;0.00%;1.59%;2.76%;-0.10%;0.53%;0.20%;0.00%;0.00%;0.00%
06-11-22;0.00%;0.00%;0.00%;0.00%;0.00%;0.02%;0.00%;0.00%;0.00%;0.00%;0.00%
07-11-22;1.10%;0.46%;0.22%;-1.74%;-1.74%;-1.72%;-1.74%;-1.74%;0.00%;-1.74%;0.26%
08-11-22;2.65%;0.93%;0.51%;-0.33%;0.01%;-1.54%;-0.77%;-0.97%;0.00%;-1.38%;-0.63%
09-11-22;-0.95%;1.08%;0.85%;-0.50%;-1.04%;-1.02%;-1.05%;-0.95%;0.00%;-1.34%;-0.54%
10-11-22;0.23%;1.02%;0.84%;-2.09%;-0.28%;0.01%;-0.66%;-0.15%;0.00%;-0.32%;-0.91%
11-11-22;0.72%;0.93%;0.60%;3.73%;-2.40%;0.11%;0.52%;0.20%;0.00%;-1.21%;0.37%
12-11-22;0.00%;0.00%;0.00%;1.42%;5.05%;-0.15%;0.44%;0.00%;0.00%;0.00%;0.00%
13-11-22;0.00%;0.00%;0.00%;0.00%;0.00%;0.01%;0.00%;0.00%;0.00%;0.00%;0.00%
14-11-22;-1.45%;0.31%;0.36%;-0.68%;-0.68%;-0.67%;-0.68%;-0.68%;0.00%;-0.68%;0.88%
15-11-22;-1.63%;0.95%;0.52%;0.52%;1.70%;1.15%;1.95%;2.38%;0.00%;1.26%;0.98%
16-11-22;-0.26%;0.99%;0.68%;-0.15%;1.13%;-0.58%;-0.44%;-0.26%;0.00%;-1.07%;-0.14%
17-11-22;-1.98%;-0.51%;-0.19%;-0.03%;0.07%;1.23%;0.91%;1.21%;0.00%;0.73%;-0.20%
18-11-22;0.39%;-0.77%;-0.30%;2.22%;1.52%;2.56%;2.13%;2.25%;0.00%;2.77%;1.15%
19-11-22;0.00%;0.00%;0.00%;0.63%;0.07%;-0.02%;0.12%;-0.14%;0.00%;0.00%;0.00%
20-11-22;0.00%;0.00%;0.00%;0.00%;0.00%;0.02%;0.00%;0.00%;0.00%;0.00%;0.00%
21-11-22;3.35%;0.19%;0.14%;0.91%;0.91%;0.93%;0.91%;0.91%;0.00%;0.91%;0.97%
22-11-22;-0.48%;0.58%;0.32%;1.21%;0.62%;1.99%;1.68%;1.87%;0.00%;1.89%;1.32%
23-11-22;-0.70%;0.00%;-0.08%;0.07%;-1.55%;-0.98%;-0.78%;-0.88%;0.00%;-1.25%;-0.61%
24-11-22;0.38%;-0.08%;-0.18%;-0.33%;-0.62%;-0.69%;-0.48%;-0.62%;0.00%;-1.15%;-0.63%
25-11-22;-1.55%;0.03%;0.06%;-1.05%;0.04%;-1.21%;-1.21%;-1.38%;0.00%;-1.38%;-0.57%
26-11-22;0.00%;0.00%;0.00%;-0.08%;-0.47%;-0.19%;0.25%;0.57%;0.00%;0.00%;0.00%
27-11-22;0.00%;0.00%;0.00%;0.00%;0.00%;0.02%;0.00%;0.00%;0.00%;0.00%;0.00%
28-11-22;-1.03%;-0.10%;0.00%;0.42%;0.42%;0.44%;0.42%;0.42%;0.00%;0.42%;-0.03%
29-11-22;1.07%;0.01%;-0.10%;-1.25%;-1.03%;0.06%;-0.14%;0.22%;0.00%;0.06%;-0.66%
30-11-22;0.97%;0.00%;-0.05%;-1.36%;1.19%;-1.27%;-1.19%;-0.96%;0.00%;-1.17%;-0.06%
01-12-22;-0.50%;0.24%;0.24%;0.95%;0.80%;-0.97%;-0.88%;-0.69%;0.00%;-1.21%;0.23%
02-12-22;0.43%;0.60%;0.44%;-0.27%;-0.40%;-0.29%;0.19%;0.00%;0.00%;-1.02%;0.00%
03-12-22;0.00%;0.00%;0.00%;-0.29%;-0.45%;0.14%;0.08%;0.26%;0.00%;0.00%;0.00%
04-12-22;0.00%;0.00%;0.00%;0.00%;0.00%;0.02%;0.00%;0.00%;0.00%;0.00%;0.00%
05-12-22;-0.58%;0.56%;0.40%;-0.44%;-0.44%;-0.42%;-0.44%;-0.44%;0.00%;-0.44%;-0.28%
06-12-22;-1.22%;0.01%;-0.11%;-0.86%;1.56%;0.22%;0.50%;0.38%;0.00%;0.50%;-0.02%
07-12-22;-0.45%;-0.38%;-0.08%;-1.44%;-1.32%;0.11%;-0.53%;-0.30%;0.00%;-0.17%;-0.74%
08-12-22;0.00%;0.00%;0.00%;-0.29%;-1.46%;0.43%;0.01%;0.33%;0.00%;0.00%;0.00%
09-12-22;-0.28%;-0.17%;-0.18%;-0.09%;0.39%;-0.83%;-0.49%;-0.58%;0.00%;-0.70%;-0.51%
10-12-22;0.00%;0.00%;0.00%;-0.28%;0.94%;-0.41%;0.07%;-0.16%;0.00%;0.00%;0.00%
11-12-22;0.00%;0.00%;0.00%;0.00%;0.00%;0.01%;0.00%;0.00%;0.00%;0.00%;0.00%
12-12-22;1.20%;0.16%;-0.06%;-1.96%;-1.96%;-1.95%;-1.96%;-1.96%;0.00%;-1.96%;-1.51%
13-12-22;-0.24%;0.08%;0.01%;0.60%;-1.68%;-0.20%;-0.09%;-0.11%;0.00%;-0.17%;-0.17%
14-12-22;-0.62%;0.22%;0.08%;0.96%;-0.05%;0.14%;0.66%;0.45%;0.00%;-0.23%;0.48%
15-12-22;-2.10%;-0.08%;0.00%;0.19%;1.43%;0.68%;0.65%;0.70%;0.00%;0.56%;0.13%
16-12-22;0.56%;-0.18%;-0.09%;-1.09%;0.10%;1.29%;1.11%;1.38%;0.00%;1.46%;-0.03%
17-12-22;0.00%;0.00%;0.00%;-1.18%;-0.30%;-0.31%;-0.52%;-0.32%;0.00%;0.00%;0.00%
18-12-22;0.00%;0.00%;0.00%;0.00%;0.00%;0.01%;0.00%;0.00%;0.00%;0.00%;0.00%
19-12-22;1.18%;-0.10%;-0.16%;1.18%;1.18%;1.20%;1.18%;1.18%;0.00%;1.18%;0.36%
20-12-22;1.43%;-0.20%;-0.12%;-0.52%;0.30%;-0.09%;-0.08%;-0.11%;0.00%;0.26%;0.02%
21-12-22;-0.61%;-0.04%;-0.07%;0.43%;-0.52%;-0.41%;-0.04%;-0.21%;0.00%;0.16%;0.28%
22-12-22;-1.32%;0.12%;0.14%;0.16%;-0.95%;-1.04%;-0.77%;-0.89%;0.00%;-1.15%;-0.38%
23-12-22;0.75%;-0.06%;0.05%;-2.64%;-0.27%;-1.51%;-1.57%;-1.45%;0.00%;-1.43%;-1.35%
24-12-22;0.00%;0.00%;0.00%;0.38%;-0.96%;-0.21%;-0.04%;-0.17%;0.00%;0.00%;0.00%
25-12-22;0.00%;0.00%;0.00%;0.00%;0.00%;0.01%;0.00%;0.00%;0.00%;0.00%;0.00%
26-12-22;-0.63%;-0.04%;0.11%;1.06%;1.06%;1.07%;1.06%;1.06%;0.00%;1.06%;0.98%
27-12-22;-1.15%;0.06%;0.07%;0.35%;0.52%;0.33%;0.34%;0.34%;0.00%;0.34%;0.24%
28-12-22;0.10%;0.24%;0.31%;-0.45%;0.03%;-0.57%;-0.42%;-0.51%;0.00%;-0.28%;-0.34%
29-12-22;0.75%;0.09%;0.27%;-3.30%;-2.10%;-2.58%;-2.68%;-2.41%;0.00%;-2.31%;-1.89%
30-12-22;0.35%;0.00%;0.23%;1.76%;0.04%;0.52%;0.40%;0.41%;2.95%;0.32%;0.76%
31-12-22;0.00%;0.00%;0.00%;-0.35%;-0.11%;-0.20%;0.02%;-0.05%;0.00%;0.00%;0.00%
01-01-23;0.00%;0.00%;0.00%;0.00%;0.00%;0.01%;0.00%;0.00%;0.00%;2.23%;0.00%
02-01-23;0.00%;0.00%;0.00%;0.00%;0.00%;0.01%;0.00%;0.00%;0.00%;0.00%;0.00%
03-01-23;-2.49%;0.21%;0.22%;-0.25%;-0.45%;-0.41%;-0.43%;-0.43%;0.00%;-0.43%;-0.40%
04-01-23;-0.48%;-0.05%;-0.09%;-0.68%;0.24%;0.01%;-0.16%;-0.22%;0.00%;-0.44%;-0.46%
05-01-23;0.66%;-0.22%;-0.22%;1.25%;1.55%;0.82%;1.01%;0.73%;0.00%;0.35%;0.74%
06-01-23;0.16%;-0.12%;-0.18%;-0.99%;1.14%;0.04%;-0.08%;-0.04%;0.00%;0.14%;0.36%
07-01-23;0.00%;0.00%;0.00%;2.10%;0.47%;0.68%;0.94%;0.57%;0.00%;0.00%;0.00%
08-01-23;0.00%;0.00%;0.00%;0.00%;0.00%;0.02%;0.00%;0.00%;0.00%;0.00%;0.00%
09-01-23;0.61%;0.22%;0.22%;-1.17%;-1.17%;-1.15%;-1.17%;-1.17%;0.00%;-1.17%;0.35%
10-01-23;-0.67%;0.15%;0.00%;-0.58%;1.40%;-0.94%;-0.25%;-0.59%;0.00%;-1.09%;-0.02%
11-01-23;1.13%;0.27%;0.30%;-0.11%;-0.36%;-0.69%;-0.55%;-0.78%;0.00%;-0.41%;-0.09%
12-01-23;0.35%;0.29%;0.29%;0.13%;-0.69%;-0.44%;-0.51%;-0.51%;0.00%;-0.97%;-0.03%
13-01-23;-0.99%;-0.10%;0.13%;0.31%;-0.26%;0.02%;0.18%;0.17%;0.00%;-0.41%;0.42%
14-01-23;0.00%;0.00%;0.00%;0.57%;1.13%;-0.12%;0.20%;0.02%;0.00%;0.00%;0.00%
15-01-23;0.00%;0.00%;0.00%;0.00%;0.00%;0.01%;0.00%;0.00%;0.00%;0.00%;0.00%
16-01-23;0.14%;-0.32%;-0.18%;0.24%;0.24%;0.26%;0.24%;0.24%;0.00%;0.24%;0.55%
17-01-23;0.41%;-0.22%;-0.07%;-0.33%;-0.22%;-0.30%;-0.32%;-0.33%;0.00%;-0.33%;-0.16%
18-01-23;0.96%;-0.04%;-0.01%;-0.06%;-0.43%;0.03%;0.01%;0.06%;0.00%;-0.09%;-0.14%
19-01-23;-0.82%;-0.02%;-0.03%;-1.87%;-0.77%;-0.35%;-0.45%;-0.11%;0.00%;-1.03%;-0.82%
20-01-23;0.88%;-0.18%;-0.26%;0.95%;1.78%;1.86%;1.49%;1.90%;0.00%;1.99%;1.10%
21-01-23;0.00%;0.00%;0.00%;1.48%;0.81%;-0.36%;-0.01%;-0.17%;0.00%;0.00%;0.00%
22-01-23;0.00%;0.00%;0.00%;0.00%;0.00%;0.01%;0.00%;0.00%;0.00%;0.00%;0.00%
23-01-23;1.60%;0.13%;-0.02%;-0.94%;-0.94%;-0.92%;-0.94%;-0.94%;0.00%;-0.94%;-0.09%
24-01-23;-0.79%;0.25%;0.19%;0.24%;-0.61%;-0.95%;-0.62%;-0.78%;0.00%;-0.85%;-0.06%
25-01-23;-0.01%;-0.04%;0.00%;-1.03%;-1.02%;-0.77%;-0.99%;-0.81%;0.00%;-1.07%;-0.72%
26-01-23;1.56%;-0.05%;-0.01%;-0.19%;-0.02%;-0.12%;-0.19%;-0.22%;0.00%;-0.22%;0.01%
27-01-23;0.49%;0.04%;0.06%;0.62%;0.93%;-0.32%;-0.05%;-0.18%;0.00%;-0.14%;0.58%
28-01-23;0.00%;0.00%;0.00%;0.30%;-0.12%;-0.12%;0.01%;0.02%;0.00%;0.00%;0.00%
29-01-23;0.00%;0.00%;0.00%;0.00%;0.00%;0.02%;0.00%;0.00%;0.00%;0.00%;0.00%
30-01-23;0.05%;-0.10%;0.00%;0.07%;0.07%;0.08%;0.07%;0.07%;0.00%;0.07%;0.14%
31-01-23;-0.04%;-0.43%;-0.32%;-0.06%;0.21%;0.72%;0.70%;0.63%;0.00%;0.90%;0.22%
01-02-23;-0.52%;-0.37%;-0.35%;0.17%;-1.96%;-0.57%;-0.70%;-0.62%;0.00%;-0.75%;-0.51%
02-02-23;0.05%;0.18%;0.13%;-0.67%;-0.47%;-1.22%;-1.06%;-1.09%;0.00%;-1.56%;-0.68%
03-02-23;0.25%;0.16%;0.07%;0.03%;-1.05%;-0.71%;-0.25%;-0.63%;0.00%;-1.31%;-0.51%
04-02-23;0.00%;0.00%;0.00%;-0.95%;-0.65%;-0.52%;-0.62%;-0.60%;0.00%;0.00%;0.00%
05-02-23;0.00%;0.00%;0.00%;0.00%;0.00%;0.02%;0.00%;0.00%;0.00%;0.00%;0.00%
06-02-23;-0.62%;-0.33%;-0.37%;0.94%;0.94%;0.96%;0.94%;0.94%;0.00%;0.94%;-0.04%
07-02-23;-0.50%;-0.33%;-0.16%;1.03%;-0.36%;1.51%;1.14%;1.29%;0.00%;2.00%;0.57%
08-02-23;1.04%;-0.10%;-0.20%;0.30%;-0.56%;-0.78%;-0.83%;-0.94%;0.00%;-0.66%;-0.33%
09-02-23;0.18%;-0.18%;-0.05%;-1.44%;-0.28%;-0.75%;-0.80%;-0.77%;0.00%;-0.79%;-0.67%
10-02-23;0.42%;-0.21%;-0.05%;-0.01%;0.78%;0.30%;0.31%;0.14%;0.00%;0.39%;0.30%
11-02-23;0.00%;0.00%;0.00%;-0.22%;-1.06%;-0.34%;-0.84%;-0.63%;0.00%;0.00%;0.00%
12-02-23;0.00%;0.00%;0.00%;0.00%;0.00%;0.02%;0.00%;0.00%;0.00%;0.00%;0.00%
13-02-23;-0.22%;-0.23%;-0.02%;0.56%;0.56%;0.58%;0.56%;0.56%;0.00%;0.56%;0.07%
14-02-23;-0.53%;-0.13%;-0.20%;0.06%;-0.89%;-0.73%;-0.80%;-0.90%;0.00%;-0.88%;-0.13%
15-02-23;1.11%;0.00%;-0.15%;-0.45%;-0.44%;-0.78%;-0.63%;-0.63%;0.00%;-0.54%;-0.48%
16-02-23;1.12%;-0.09%;-0.09%;0.51%;-0.54%;0.26%;0.11%;0.16%;0.00%;0.40%;-0.04%
17-02-23;-3.14%;-0.02%;0.00%;-0.65%;0.84%;0.02%;-0.06%;0.02%;0.00%;0.22%;0.14%
18-02-23;0.00%;0.00%;0.00%;-0.38%;-1.16%;0.10%;-0.30%;-0.22%;0.00%;0.00%;0.00%
19-02-23;0.00%;0.00%;0.00%;0.00%;0.00%;0.02%;0.00%;0.00%;0.00%;0.00%;0.00%
20-02-23;0.15%;0.15%;0.16%;-0.26%;-0.26%;-0.25%;-0.26%;-0.26%;0.00%;-0.26%;-0.80%
21-02-23;-1.53%;-0.01%;-0.01%;0.05%;0.51%;-0.05%;-0.02%;-0.07%;0.00%;-0.07%;0.25%
22-02-23;-0.31%;-0.14%;-0.08%;-0.79%;-0.24%;0.19%;0.02%;0.04%;0.00%;0.76%;-0.42%
23-02-23;1.58%;0.21%;0.12%;-0.13%;-1.12%;0.36%;0.25%;0.27%;0.00%;0.21%;-0.33%
24-02-23;0.44%;0.13%;0.11%;0.69%;1.02%;0.67%;0.96%;0.96%;0.00%;0.44%;0.68%
25-02-23;0.00%;0.00%;0.00%;-1.12%;-1.62%;-0.30%;-0.28%;-0.23%;0.00%;0.00%;0.00%
26-02-23;0.00%;0.00%;0.00%;0.00%;0.00%;0.02%;0.00%;0.00%;0.00%;0.00%;0.00%
27-02-23;1.01%;0.11%;0.28%;1.94%;1.94%;1.96%;1.94%;1.94%;0.00%;1.94%;0.69%
28-02-23;0.51%;0.05%;0.19%;2.08%;1.05%;1.56%;1.93%;1.69%;0.00%;1.52%;1.37%
01-03-23;-0.75%;-0.12%;-0.07%;-0.41%;-0.48%;-0.12%;-0.16%;-0.16%;0.00%;-0.15%;-0.13%
02-03-23;0.11%;-0.32%;-0.03%;-2.07%;0.28%;-2.13%;-1.92%;-2.15%;0.00%;-1.79%;-0.87%
03-03-23;0.95%;-0.12%;-0.27%;0.41%;-0.50%;-0.28%;-0.45%;-0.48%;0.00%;-0.08%;-0.27%
04-03-23;0.00%;0.00%;0.00%;1.40%;0.82%;0.39%;0.49%;0.47%;0.00%;0.00%;0.00%
05-03-23;0.00%;0.00%;0.00%;0.00%;0.00%;0.01%;0.00%;0.00%;0.00%;0.00%;0.00%
06-03-23;-0.69%;0.18%;0.01%;-0.70%;-0.70%;-0.68%;-0.70%;-0.70%;0.00%;-0.70%;0.39%
07-03-23;-0.87%;0.10%;0.05%;-0.49%;-0.16%;-0.72%;-0.19%;-0.47%;0.00%;-0.73%;-0.63%
08-03-23;0.18%;0.11%;-0.06%;-2.05%;-1.14%;-0.60%;-0.95%;-0.71%;0.00%;-0.60%;-1.25%
09-03-23;-0.57%;0.19%;-0.07%;0.61%;-0.45%;0.67%;0.15%;0.38%;0.00%;0.59%;0.32%
10-03-23;-0.51%;0.25%;0.14%;-1.47%;-1.23%;-0.08%;-0.36%;-0.19%;0.00%;-0.25%;-0.86%
11-03-23;0.00%;0.00%;0.00%;-1.26%;-1.36%;0.90%;-0.02%;0.46%;0.00%;0.00%;0.00%
12-03-23;0.00%;0.00%;0.00%;0.00%;0.00%;0.01%;0.00%;0.00%;0.00%;0.00%;0.00%
13-03-23;-0.83%;1.03%;0.87%;-0.46%;-0.46%;-0.45%;-0.46%;-0.46%;0.00%;-0.46%;-1.31%
14-03-23;-0.64%;0.69%;0.57%;0.23%;1.41%;1.55%;0.52%;1.09%;0.00%;0.74%;0.10%
15-03-23;-2.31%;-0.03%;-0.11%;0.87%;-1.99%;-0.74%;-0.27%;-0.70%;0.00%;-0.30%;-0.14%
16-03-23;-0.01%;0.37%;0.01%;0.72%;2.27%;2.83%;1.12%;2.12%;0.00%;2.07%;0.35%
17-03-23;-0.86%;0.15%;0.25%;2.39%;0.34%;0.61%;1.25%;0.78%;0.00%;0.88%;0.91%
18-03-23;0.00%;0.00%;0.00%;-0.81%;1.08%;0.58%;-0.11%;0.22%;0.00%;0.00%;0.00%
19-03-23;0.00%;0.00%;0.00%;0.00%;0.00%;0.01%;0.00%;0.00%;0.00%;0.00%;0.00%
20-03-23;1.33%;0.31%;0.05%;0.72%;0.72%;0.74%;0.72%;0.72%;0.00%;0.72%;0.23%
21-03-23;2.60%;0.07%;0.01%;0.31%;-1.42%;-0.66%;-0.73%;-0.87%;0.00%;-0.52%;-0.29%
22-03-23;-0.63%;-0.05%;0.08%;0.67%;0.42%;-0.88%;0.09%;-0.48%;0.00%;-0.58%;0.73%
23-03-23;-0.08%;0.08%;0.04%;-1.29%;0.62%;-0.03%;0.00%;0.05%;0.00%;-0.34%;-0.39%
24-03-23;-0.49%;0.33%;0.38%;-1.26%;0.01%;-1.29%;-1.37%;-1.29%;0.00%;-1.67%;-0.80%
25-03-23;0.00%;0.00%;0.00%;-0.15%;-0.55%;0.16%;-0.55%;-0.06%;0.00%;0.00%;0.00%
26-03-23;0.00%;0.00%;0.00%;0.00%;0.00%;0.01%;0.00%;0.00%;0.00%;0.00%;0.00%
27-03-23;0.19%;0.14%;0.11%;0.77%;0.77%;0.78%;0.77%;0.77%;0.00%;0.77%;0.21%
28-03-23;-0.28%;-0.19%;-0.14%;-0.24%;-1.43%;-1.15%;-0.54%;-0.91%;0.00%;-0.61%;-0.16%
29-03-23;1.12%;-0.03%;-0.13%;-0.76%;-0.15%;-1.03%;-0.84%;-0.97%;0.00%;-0.85%;-0.29%
30-03-23;-0.45%;0.13%;0.37%;0.32%;0.04%;-0.89%;-0.50%;-0.77%;0.00%;-0.95%;-0.12%
31-03-23;0.17%;0.19%;0.13%;0.45%;0.25%;-0.36%;0.22%;-0.06%;3.17%;-0.36%;0.36%
01-04-23;0.00%;0.00%;0.00%;1.15%;0.46%;0.27%;0.52%;0.42%;0.00%;3.15%;0.00%
02-04-23;0.00%;0.00%;0.00%;0.00%;0.00%;0.01%;0.00%;0.00%;0.00%;0.00%;0.00%
03-04-23;-0.36%;0.23%;0.31%;0.14%;0.14%;0.15%;0.14%;0.14%;0.00%;0.14%;0.59%
04-04-23;-1.69%;0.06%;-0.03%;1.81%;1.27%;1.69%;1.77%;1.79%;0.00%;1.37%;1.09%
05-04-23;0.02%;-0.13%;-0.06%;0.92%;1.04%;1.33%;1.28%;1.32%;0.00%;1.16%;0.46%
06-04-23;0.66%;-0.02%;0.22%;-0.50%;-0.02%;0.20%;-0.47%;-0.06%;0.00%;-0.05%;-0.37%
07-04-23;0.00%;0.00%;0.00%;0.24%;-0.34%;0.03%;-0.03%;-0.02%;0.00%;0.00%;0.00%
08-04-23;0.00%;0.00%;0.00%;0.01%;0.27%;-0.22%;-0.02%;-0.28%;0.00%;0.00%;0.00%
09-04-23;0.00%;0.00%;0.00%;0.00%;0.00%;0.02%;0.00%;0.00%;0.00%;0.00%;0.00%
10-04-23;0.11%;-0.03%;-0.07%;0.54%;0.54%;0.56%;0.54%;0.54%;0.00%;0.54%;0.42%
11-04-23;0.63%;-0.34%;-0.24%;0.69%;1.00%;0.79%;0.86%;0.83%;0.00%;0.84%;0.78%
12-04-23;0.70%;-0.26%;-0.10%;-0.80%;-0.43%;-1.32%;-1.10%;-1.09%;0.00%;-1.19%;-0.34%
13-04-23;0.00%;0.12%;-0.22%;-1.15%;-1.36%;-1.09%;-0.80%;-0.91%;0.00%;-1.10%;-0.67%
14-04-23;1.19%;0.22%;0.23%;0.32%;-0.53%;-0.94%;-0.51%;-0.89%;0.00%;-0.89%;-0.15%
15-04-23;0.00%;0.00%;0.00%;-0.12%;0.36%;-0.30%;-0.08%;-0.12%;0.00%;0.00%;0.00%
16-04-23;0.00%;0.00%;0.00%;0.00%;0.00%;0.01%;0.00%;0.00%;0.00%;0.00%;0.00%
17-04-23;1.33%;-0.15%;-0.22%;0.18%;0.18%;0.20%;0.18%;0.18%;0.00%;0.18%;0.24%
18-04-23;0.04%;-0.25%;-0.08%;0.55%;0.83%;0.19%;0.19%;0.21%;0.00%;0.50%;0.54%
19-04-23;-1.13%;-0.18%;-0.12%;-0.45%;-1.08%;-0.66%;-0.66%;-0.82%;0.00%;-0.76%;-0.61%
20-04-23;-0.68%;-0.11%;-0.04%;0.13%;-0.80%;0.09%;-0.05%;-0.10%;0.00%;0.21%;-0.47%
21-04-23;-4.39%;0.07%;-0.01%;-1.04%;-0.72%;-0.38%;-0.83%;-0.63%;0.00%;-0.67%;-0.80%
22-04-23;0.00%;0.00%;0.00%;0.02%;-0.91%;-0.06%;0.00%;-0.12%;0.00%;0.00%;0.00%
23-04-23;0.00%;0.00%;0.00%;0.00%;0.00%;0.02%;0.00%;0.00%;0.00%;0.00%;0.00%
24-04-23;1.39%;-0.18%;-0.12%;0.54%;0.54%;0.56%;0.54%;0.54%;0.00%;0.54%;-0.60%
25-04-23;-0.07%;-0.02%;-0.22%;2.49%;1.99%;2.55%;2.51%;2.50%;0.00%;2.33%;1.79%
26-04-23;0.06%;0.28%;0.21%;-1.42%;-1.32%;0.42%;-0.14%;0.33%;0.00%;-0.10%;-0.78%
27-04-23;1.64%;-0.01%;0.05%;-1.42%;-0.83%;-1.19%;-1.07%;-1.14%;0.00%;-1.07%;-0.85%
28-04-23;0.24%;0.01%;0.09%;0.85%;0.00%;-0.75%;-0.44%;-0.65%;0.00%;-0.45%;0.31%
29-04-23;0.00%;0.00%;0.00%;0.73%;0.59%;0.56%;0.37%;0.39%;0.00%;0.00%;0.00%
30-04-23;0.00%;0.00%;0.00%;0.00%;0.00%;0.01%;0.00%;0.00%;0.00%;0.00%;0.00%
01-05-23;0.00%;0.00%;0.00%;0.00%;0.00%;0.01%;0.00%;0.00%;0.00%;0.00%;0.00%
02-05-23;-1.07%;0.26%;0.08%;0.13%;0.18%;-0.22%;0.00%;-0.20%;0.00%;0.21%;0.65%
03-05-23;0.11%;0.08%;-0.02%;-0.40%;0.40%;1.18%;0.58%;1.02%;0.00%;0.68%;-0.18%
04-05-23;-0.20%;0.05%;0.05%;-0.57%;-0.77%;-0.10%;-0.09%;-0.05%;0.00%;-0.34%;-0.30%
05-05-23;2.09%;0.03%;-0.05%;-1.28%;0.02%;-0.65%;-1.05%;-0.77%;0.00%;-0.68%;-0.73%
06-05-23;0.00%;0.00%;0.00%;1.54%;0.55%;-0.25%;0.18%;-0.16%;0.00%;0.00%;0.00%
07-05-23;0.00%;0.00%;0.00%;0.00%;0.00%;0.02%;0.00%;0.00%;0.00%;0.00%;0.00%
08-05-23;2.24%;0.05%;0.16%;-0.64%;-0.64%;-0.62%;-0.64%;-0.64%;0.00%;-0.64%;0.36%
09-05-23;-0.77%;-0.10%;-0.14%;-0.05%;0.55%;-0.50%;-0.30%;-0.46%;0.00%;-0.26%;0.25%
10-05-23;0.45%;-0.17%;-0.14%;-0.54%;-0.85%;-0.20%;-0.29%;-0.19%;0.00%;-0.12%;-0.50%
11-05-23;0.93%;0.00%;0.05%;-0.28%;-0.81%;-0.15%;-0.30%;-0.25%;0.00%;-0.55%;-0.21%
12-05-23;-0.11%;-0.01%;-0.05%;0.79%;0.85%;1.35%;1.06%;1.31%;0.00%;1.04%;0.69%
13-05-23;0.00%;0.00%;0.00%;-0.17%;-0.49%;-0.26%;-0.23%;-0.22%;0.00%;0.00%;0.00%
14-05-23;0.00%;0.00%;0.00%;0.00%;0.00%;0.02%;0.00%;0.00%;0.00%;0.00%;0.00%
15-05-23;0.39%;-0.14%;-0.11%;-1.18%;-1.18%;-1.17%;-1.18%;-1.18%;0.00%;-1.18%;-1.05%
16-05-23;0.58%;-0.19%;-0.15%;-0.09%;0.00%;-0.64%;-0.69%;-0.89%;0.00%;-0.46%;0.22%
17-05-23;-0.40%;0.08%;-0.01%;0.80%;1.60%;1.25%;1.18%;1.21%;0.00%;1.41%;0.74%
18-05-23;0.61%;0.21%;-0.01%;1.02%;0.01%;0.32%;0.21%;0.15%;0.00%;0.35%;0.39%
19-05-23;0.10%;-0.05%;-0.01%;0.55%;0.10%;-0.57%;-0.33%;-0.43%;0.00%;-0.15%;-0.04%
20-05-23;0.00%;0.00%;0.00%;0.10%;-0.06%;-0.08%;0.14%;-0.04%;0.00%;0.00%;0.00%
21-05-23;0.00%;0.00%;0.00%;0.00%;0.00%;0.02%;0.00%;0.00%;0.00%;0.00%;0.00%
22-05-23;0.62%;0.10%;-0.07%;0.12%;0.12%;0.14%;0.12%;0.12%;0.00%;0.12%;0.29%
23-05-23;0.14%;-0.12%;-0.42%;0.53%;1.03%;0.40%;0.51%;0.26%;0.00%;0.41%;0.44%
24-05-23;-0.90%;-0.02%;0.03%;-0.83%;-0.29%;0.16%;0.08%;0.19%;0.00%;0.18%;-0.29%
25-05-23;-0.75%;-0.02%;-0.14%;-0.09%;0.13%;0.82%;0.57%;0.82%;0.00%;0.91%;-0.13%
26-05-23;-0.19%;-0.14%;-0.15%;0.32%;-0.68%;-0.27%;-0.12%;-0.18%;0.00%;0.03%;-0.18%
27-05-23;0.00%;0.00%;0.00%;1.11%;0.92%;-0.07%;0.03%;0.00%;0.00%;0.00%;0.00%
28-05-23;0.00%;0.00%;0.00%;0.00%;0.00%;0.02%;0.00%;0.00%;0.00%;0.00%;0.00%
29-05-23;0.21%;0.01%;0.08%;-0.64%;-0.64%;-0.62%;-0.64%;-0.64%;0.00%;-0.64%;-0.16%
30-05-23;-0.15%;0.04%;0.04%;-0.16%;-0.35%;-0.07%;-0.22%;-0.25%;0.00%;-0.25%;-0.17%
31-05-23;-2.06%;0.16%;0.06%;0.07%;0.11%;0.80%;0.70%;0.85%;0.00%;0.22%;-0.07%
01-06-23;0.89%;0.31%;0.09%;0.07%;-0.27%;1.28%;0.79%;1.07%;0.00%;0.95%;-0.02%
02-06-23;2.21%;0.11%;0.17%;0.25%;-0.52%;-0.69%;-0.53%;-0.74%;0.00%;-0.87%;0.16%
03-06-23;0.00%;0.00%;0.00%;1.47%;2.34%;-0.26%;0.44%;0.04%;0.00%;0.00%;0.00%
04-06-23;0.00%;0.00%;0.00%;0.00%;0.00%;0.01%;0.00%;0.00%;0.00%;0.00%;0.00%
05-06-23;0.02%;0.09%;0.27%;-0.83%;-0.83%;-0.81%;-0.83%;-0.83%;0.00%;-0.83%;0.75%
06-06-23;1.11%;0.13%;0.13%;-0.13%;0.22%;-0.13%;0.19%;0.19%;0.00%;-0.03%;-0.09%
07-06-23;-0.49%;0.13%;0.12%;0.28%;0.20%;0.09%;0.11%;0.14%;0.00%;0.01%;0.35%
08-06-23;-0.14%;0.11%;-0.12%;-0.94%;0.16%;-0.83%;-0.45%;-0.67%;0.00%;-0.54%;-0.20%
09-06-23;0.24%;0.01%;0.04%;0.21%;-0.45%;-0.13%;-0.16%;-0.24%;0.00%;-0.34%;-0.18%
10-06-23;0.00%;0.00%;0.00%;0.12%;0.84%;0.04%;0.13%;0.03%;0.00%;0.00%;0.00%
11-06-23;0.00%;0.00%;0.00%;0.00%;0.00%;0.02%;0.00%;0.00%;0.00%;0.00%;0.00%
12-06-23;0.04%;0.11%;0.01%;-0.45%;-0.45%;-0.43%;-0.45%;-0.45%;0.00%;-0.45%;-0.02%
13-06-23;0.53%;-0.04%;-0.09%;3.17%;2.57%;2.58%;2.60%;2.69%;0.00%;2.46%;2.16%
14-06-23;0.01%;0.02%;0.15%;0.51%;0.75%;-0.56%;-0.04%;-0.33%;0.00%;-0.31%;0.29%
15-06-23;0.39%;0.15%;0.10%;-0.18%;-0.34%;-0.49%;-0.33%;-0.38%;0.00%;-0.53%;-0.25%
16-06-23;0.16%;0.21%;0.22%;0.53%;0.49%;-0.18%;-0.18%;-0.14%;0.00%;-0.39%;0.48%
17-06-23;0.00%;0.00%;0.00%;-0.14%;0.63%;0.01%;0.07%;-0.01%;0.00%;0.00%;0.00%
18-06-23;0.00%;0.00%;0.00%;0.00%;0.00%;0.02%;0.00%;0.00%;0.00%;0.00%;0.00%
19-06-23;0.32%;0.06%;0.15%;-0.46%;-0.46%;-0.44%;-0.46%;-0.46%;0.00%;-0.46%;-0.23%
20-06-23;0.40%;0.15%;0.21%;0.04%;-0.35%;0.21%;0.28%;0.29%;0.00%;0.29%;0.02%
21-06-23;0.00%;0.00%;0.00%;-0.53%;-0.94%;0.31%;-0.15%;0.03%;0.00%;0.00%;0.00%
22-06-23;-0.30%;0.17%;0.21%;0.39%;-0.08%;0.80%;0.78%;0.96%;0.00%;0.78%;-0.14%
23-06-23;-1.36%;-0.03%;0.00%;0.49%;0.08%;0.10%;0.28%;0.32%;0.00%;0.39%;0.17%
24-06-23;0.00%;0.00%;0.00%;-0.96%;-0.92%;0.38%;-0.23%;0.14%;0.00%;0.00%;0.00%
25-06-23;0.00%;0.00%;0.00%;0.00%;0.00%;0.02%;0.00%;0.00%;0.00%;0.00%;0.00%
26-06-23;0.00%;0.00%;0.00%;0.00%;0.00%;0.01%;0.00%;0.00%;0.00%;0.00%;0.00%
27-06-23;-0.14%;0.02%;0.08%;0.14%;0.16%;0.61%;0.54%;0.62%;0.00%;0.40%;-0.48%
28-06-23;-0.24%;-0.05%;-0.02%;-0.08%;-0.37%;-1.15%;-0.79%;-1.06%;0.00%;-0.98%;-0.42%
29-06-23;1.11%;-0.19%;-0.09%;0.20%;-0.22%;0.27%;0.16%;0.21%;0.00%;0.07%;-0.13%
30-06-23;1.01%;-0.16%;0.00%;0.55%;-0.21%;-0.23%;0.08%;-0.21%;3.38%;0.22%;0.28%
01-07-23;0.00%;0.00%;0.00%;1.12%;0.31%;0.15%;0.33%;0.22%;0.00%;2.25%;0.00%
02-07-23;0.00%;0.00%;0.00%;0.00%;0.00%;0.02%;0.00%;0.00%;0.00%;0.00%;0.00%
03-07-23;1.38%;0.14%;-0.04%;-0.13%;-0.13%;-0.11%;-0.13%;-0.13%;0.00%;-0.13%;0.67%
04-07-23;0.74%;-0.06%;0.02%;-0.11%;1.28%;-0.40%;-0.25%;-0.33%;0.00%;-0.30%;0.34%
05-07-23;-1.03%;-0.12%;-0.19%;-0.36%;-0.01%;-0.36%;-0.34%;-0.35%;0.00%;-0.35%;-0.19%
06-07-23;-0.80%;-0.08%;0.08%;-0.19%;-0.47%;0.00%;0.04%;0.11%;0.00%;0.18%;-0.40%
07-07-23;2.76%;-0.04%;-0.19%;-0.40%;-0.69%;0.27%;0.18%;0.09%;0.00%;0.83%;-0.49%
08-07-23;0.00%;0.00%;0.00%;0.00%;-0.40%;-0.07%;0.11%;-0.27%;0.00%;0.00%;0.00%
09-07-23;0.00%;0.00%;0.00%;0.00%;0.00%;0.01%;0.00%;0.00%;0.00%;0.00%;0.00%
10-07-23;0.31%;-0.03%;-0.16%;0.25%;0.25%;0.26%;0.25%;0.25%;0.00%;0.25%;0.62%
11-07-23;0.69%;-0.22%;-0.29%;0.91%;0.81%;0.79%;0.88%;0.83%;0.00%;0.67%;0.83%
12-07-23;1.28%;-0.30%;-0.44%;1.34%;1.92%;0.69%;1.01%;0.96%;0.00%;0.59%;1.02%
13-07-23;-0.39%;0.02%;0.03%;0.47%;0.40%;-0.13%;0.29%;-0.03%;0.00%;-0.68%;0.33%
14-07-23;1.06%;0.20%;0.14%;0.77%;1.17%;0.14%;0.30%;0.31%;0.00%;-0.32%;0.60%
15-07-23;0.00%;0.00%;0.00%;-0.06%;0.79%;-0.18%;0.01%;-0.06%;0.00%;0.00%;0.00%
16-07-23;0.00%;0.00%;0.00%;0.00%;0.00%;0.02%;0.00%;0.00%;0.00%;0.00%;0.00%
17-07-23;1.04%;-0.05%;0.20%;0.60%;0.60%;0.61%;0.60%;0.60%;0.00%;0.60%;0.34%
18-07-23;1.22%;-0.07%;-0.16%;1.03%;0.84%;1.00%;0.87%;1.02%;0.00%;0.90%;0.71%
19-07-23;0.53%;0.08%;0.08%;0.05%;-1.18%;-0.37%;-0.46%;-0.45%;0.00%;-0.63%;-0.09%
20-07-23;-0.04%;0.08%;-0.01%;-0.33%;-0.75%;-0.32%;-0.52%;-0.37%;0.00%;-0.51%;-0.20%
21-07-23;-0.64%;-0.17%;-0.16%;-1.07%;-0.61%;-0.82%;-0.78%;-0.83%;0.00%;-0.47%;-0.63%
22-07-23;0.00%;0.00%;0.00%;-0.03%;-0.33%;0.10%;0.04%;0.04%;0.00%;0.00%;0.00%
23-07-23;0.00%;0.00%;0.00%;0.00%;0.00%;0.01%;0.00%;0.00%;0.00%;0.00%;0.00%
24-07-23;0.44%;-0.19%;-0.07%;1.76%;1.76%;1.77%;1.76%;1.76%;0.00%;1.76%;1.29%
25-07-23;1.09%;0.10%;-0.02%;0.92%;0.52%;0.69%;0.64%;0.60%;0.00%;0.62%;0.88%
26-07-23;-0.51%;0.10%;0.06%;0.48%;2.06%;0.12%;0.14%;0.19%;0.00%;0.22%;0.70%
27-07-23;-0.99%;0.02%;0.08%;-0.40%;-0.40%;-0.27%;-0.29%;-0.26%;0.00%;-0.37%;-0.20%
28-07-23;0.46%;0.01%;0.04%;-0.31%;0.34%;-0.29%;-0.04%;-0.10%;0.00%;0.03%;-0.05%
29-07-23;0.00%;0.00%;0.00%;0.77%;0.78%;0.09%;0.31%;0.26%;0.00%;0.00%;0.00%
30-07-23;0.00%;0.00%;0.00%;0.00%;0.00%;0.01%;0.00%;0.00%;0.00%;0.00%;0.00%
31-07-23;0.68%;0.32%;0.30%;0.22%;0.22%;0.23%;0.22%;0.22%;0.00%;0.22%;0.66%
01-08-23;0.48%;0.21%;0.38%;1.75%;1.90%;1.58%;1.73%;1.75%;0.00%;1.54%;1.60%
02-08-23;-1.41%;-0.30%;-0.18%;-0.23%;-0.08%;-0.08%;-0.11%;-0.17%;0.00%;0.28%;-0.33%
03-08-23;-0.78%;-0.39%;-0.44%;-1.03%;-1.66%;0.44%;0.07%;0.12%;0.00%;0.56%;-0.50%
04-08-23;0.39%;-0.14%;-0.10%;0.39%;0.32%;0.33%;0.49%;0.21%;0.00%;0.73%;0.19%
05-08-23;0.00%;0.00%;0.00%;-0.12%;0.23%;0.41%;0.50%;0.47%;0.00%;0.00%;0.00%
06-08-23;0.00%;0.00%;0.00%;0.00%;0.00%;0.01%;0.00%;0.00%;0.00%;0.00%;0.00%
07-08-23;0.31%;0.12%;0.05%;-0.64%;-0.64%;-0.63%;-0.64%;-0.64%;0.00%;-0.64%;-0.38%
08-08-23;-1.08%;-0.03%;-0.08%;1.47%;0.73%;0.85%;0.94%;0.82%;0.00%;0.89%;0.62%
09-08-23;1.35%;-0.03%;0.15%;0.31%;-0.41%;1.22%;0.78%;1.05%;0.00%;0.83%;0.23%
10-08-23;-0.88%;-0.15%;-0.11%;-0.92%;-0.04%;-0.46%;-0.32%;-0.40%;0.00%;-0.53%;-0.35%
11-08-23;-0.50%;-0.06%;-0.05%;-0.50%;-0.81%;-1.13%;-0.67%;-0.98%;0.00%;-0.82%;-0.56%
12-08-23;0.00%;0.00%;0.00%;-0.40%;-1.05%;-0.30%;-0.17%;-0.15%;0.00%;0.00%;0.00%
13-08-23;0.00%;0.00%;0.00%;0.00%;0.00%;0.01%;0.00%;0.00%;0.00%;0.00%;0.00%
14-08-23;-0.71%;-0.18%;-0.08%;0.19%;0.19%;0.20%;0.19%;0.19%;0.00%;0.19%;-0.60%
15-08-23;0.00%;0.00%;0.00%;0.15%;-1.12%;-0.11%;-0.38%;-0.46%;0.00%;0.00%;0.00%
16-08-23;-0.10%;-0.01%;-0.08%;-0.29%;0.22%;0.51%;0.41%;0.13%;0.00%;0.67%;-0.59%
17-08-23;-1.32%;-0.24%;-0.15%;-0.66%;-0.52%;0.03%;-0.06%;-0.11%;0.00%;0.10%;-0.42%
18-08-23;-0.11%;-0.24%;-0.09%;-0.24%;0.37%;0.40%;0.26%;0.32%;0.00%;0.56%;-0.03%
19-08-23;0.00%;0.00%;0.00%;-0.14%;-0.97%;0.23%;-0.11%;-0.02%;0.00%;0.00%;0.00%
20-08-23;0.00%;0.00%;0.00%;0.00%;0.00%;0.01%;0.00%;0.00%;0.00%;0.00%;0.00%
21-08-23;0.14%;-0.24%;-0.25%;0.37%;0.37%;0.39%;0.37%;0.37%;0.00%;0.37%;-0.06%
22-08-23;0.43%;-0.31%;-0.11%;0.63%;-0.30%;-0.13%;0.10%;-0.25%;0.00%;0.18%;0.00%
23-08-23;0.37%;-0.01%;-0.02%;-0.34%;0.45%;-0.16%;-0.20%;-0.08%;0.00%;-0.29%;0.01%
24-08-23;-1.86%;0.28%;0.16%;0.28%;-0.33%;-0.02%;-0.23%;0.02%;0.00%;-0.69%;0.14%
25-08-23;-0.50%;0.23%;0.23%;-1.79%;0.52%;-0.77%;-0.78%;-0.69%;0.00%;-0.72%;-0.91%
26-08-23;0.00%;0.00%;0.00%;0.20%;-1.15%;-0.05%;-0.11%;-0.03%;0.00%;0.00%;0.00%
27-08-23;0.00%;0.00%;0.00%;0.00%;0.00%;0.01%;0.00%;0.00%;0.00%;0.00%;0.00%
28-08-23;-0.36%;0.13%;0.19%;-1.38%;-1.38%;-1.37%;-1.38%;-1.38%;0.00%;-1.38%;-1.26%
29-08-23;0.52%;0.05%;0.18%;1.50%;1.41%;0.79%;0.93%;0.78%;0.00%;0.68%;0.99%
30-08-23;-0.54%;0.12%;0.09%;2.37%;1.99%;1.41%;1.42%;1.49%;0.00%;1.02%;1.57%
31-08-23;-0.28%;0.12%;0.11%;0.16%;-0.32%;-0.41%;-0.09%;-0.28%;0.00%;-0.39%;-0.10%
01-09-23;-0.09%;-0.01%;0.07%;-0.20%;-0.85%;0.18%;-0.16%;0.02%;0.00%;-0.04%;-0.33%
02-09-23;0.00%;0.00%;0.00%;0.12%;0.55%;-0.27%;-0.09%;-0.18%;0.00%;0.00%;0.00%
03-09-23;0.00%;0.00%;0.00%;0.00%;0.00%;0.01%;0.00%;0.00%;0.00%;0.00%;0.00%
04-09-23;-0.03%;0.02%;0.04%;-0.39%;-0.39%;-0.38%;-0.39%;-0.39%;0.00%;-0.39%;-0.04%
05-09-23;-0.80%;-0.03%;0.06%;0.54%;1.51%;0.43%;0.50%;0.52%;0.00%;0.52%;0.60%
06-09-23;-0.45%;-0.05%;0.04%;1.15%;0.73%;1.41%;1.39%;1.39%;0.00%;1.70%;0.55%
07-09-23;-0.34%;-0.16%;-0.03%;-0.22%;-0.07%;0.25%;0.15%;0.08%;0.00%;0.37%;-0.15%
08-09-23;-0.33%;-0.03%;-0.16%;0.50%;-0.01%;0.96%;0.91%;0.92%;0.00%;0.78%;0.03%
09-09-23;0.00%;0.00%;0.00%;0.06%;0.03%;0.12%;0.12%;0.13%;0.00%;0.00%;0.00%
10-09-23;0.00%;0.00%;0.00%;0.00%;0.00%;0.01%;0.00%;0.00%;0.00%;0.00%;0.00%
11-09-23;0.15%;-0.02%;0.00%;1.46%;1.46%;1.47%;1.46%;1.46%;0.00%;1.46%;0.98%
12-09-23;-0.09%;-0.13%;-0.21%;0.49%;0.19%;-0.40%;-0.09%;-0.35%;0.00%;-0.21%;0.22%
13-09-23;0.45%;-0.24%;-0.24%;0.26%;0.54%;0.77%;0.65%;0.71%;0.00%;0.71%;0.52%
14-09-23;1.35%;-0.11%;-0.14%;-0.95%;-1.08%;-0.91%;-0.88%;-0.94%;0.00%;-0.99%;-0.74%
15-09-23;0.19%;0.01%;-0.03%;0.61%;0.53%;-0.18%;-0.26%;-0.23%;0.00%;-0.28%;0.32%
16-09-23;0.00%;0.00%;0.00%;-0.73%;0.29%;-0.24%;-0.06%;-0.14%;0.00%;0.00%;0.00%
17-09-23;0.00%;0.00%;0.00%;0.00%;0.00%;0.01%;0.00%;0.00%;0.00%;0.00%;0.00%
18-09-23;0.00%;0.00%;0.00%;0.00%;0.00%;0.01%;0.00%;0.00%;0.00%;0.00%;0.00%
19-09-23;0.00%;0.00%;0.00%;-0.16%;-0.90%;-0.01%;-0.04%;-0.03%;0.00%;0.00%;0.00%
20-09-23;-1.25%;0.04%;0.05%;0.06%;0.06%;0.08%;0.15%;0.14%;0.00%;0.23%;-0.30%
21-09-23;-1.23%;-0.12%;-0.11%;-1.13%;-0.99%;-0.58%;-0.51%;-0.56%;0.00%;-0.63%;-0.79%
22-09-23;-0.52%;-0.20%;-0.31%;-0.66%;-0.46%;0.71%;0.41%;0.37%;0.00%;1.06%;-0.53%
23-09-23;0.00%;0.00%;0.00%;-0.21%;0.84%;0.16%;0.05%;0.12%;0.00%;0.00%;0.00%
24-09-23;0.00%;0.00%;0.00%;0.00%;0.00%;0.01%;0.00%;0.00%;0.00%;0.00%;0.00%
25-09-23;-0.74%;-0.06%;-0.11%;-0.28%;-0.28%;-0.27%;-0.28%;-0.28%;0.00%;-0.28%;-0.03%
26-09-23;-0.38%;-0.37%;-0.19%;1.22%;0.51%;0.85%;0.90%;0.86%;0.00%;1.22%;0.44%
27-09-23;-0.13%;-0.44%;-0.43%;-0.76%;-0.58%;0.38%;0.20%;0.24%;0.00%;0.46%;-0.36%
28-09-23;1.26%;-0.43%;-0.18%;-0.11%;0.16%;-0.17%;-0.25%;-0.22%;0.00%;0.03%;-0.17%
29-09-23;0.16%;-0.24%;-0.45%;0.83%;-0.19%;0.13%;0.20%;-0.02%;-2.46%;0.25%;0.39%
30-09-23;0.00%;0.00%;0.00%;-0.09%;0.92%;0.21%;0.17%;0.10%;0.00%;0.00%;0.00%
01-10-23;0.00%;0.00%;0.00%;0.00%;0.00%;0.01%;0.00%;0.00%;0.00%;1.03%;0.00%
02-10-23;-1.38%;0.06%;-0.05%;-1.25%;-1.25%;-1.24%;-1.25%;-1.25%;0.00%;-1.25%;-0.64%
03-10-23;-1.14%;-0.33%;-0.31%;0.23%;0.61%;0.32%;0.14%;0.20%;0.00%;0.74%;-0.18%
04-10-23;0.09%;-0.42%;-0.34%;-0.06%;0.02%;0.87%;0.52%;0.54%;0.00%;1.33%;-0.04%
05-10-23;-1.36%;0.05%;0.03%;0.29%;-1.32%;0.11%;-0.21%;-0.20%;0.00%;-0.11%;-0.37%
06-10-23;0.76%;0.01%;0.14%;0.65%;0.70%;0.57%;0.55%;0.46%;0.00%;0.45%;0.28%
07-10-23;0.00%;0.00%;0.00%;1.02%;0.76%;-0.19%;-0.04%;-0.27%;0.00%;0.00%;0.00%
08-10-23;0.00%;0.00%;0.00%;0.00%;0.00%;0.01%;0.00%;0.00%;0.00%;0.00%;0.00%
09-10-23;0.00%;0.00%;0.00%;0.00%;0.00%;0.01%;0.00%;0.00%;0.00%;0.00%;0.00%
10-10-23;2.06%;0.10%;0.20%;0.70%;0.02%;0.42%;0.24%;0.23%;0.00%;0.23%;0.61%
11-10-23;0.07%;0.37%;0.33%;1.85%;1.80%;1.32%;1.59%;1.54%;0.00%;0.83%;1.74%
12-10-23;0.49%;0.08%;0.14%;0.16%;1.06%;0.12%;0.05%;0.25%;0.00%;-0.24%;0.28%
13-10-23;-0.31%;0.14%;0.05%;0.40%;1.55%;0.48%;0.54%;0.51%;0.00%;0.93%;0.43%
14-10-23;0.00%;0.00%;0.00%;-0.76%;-1.19%;0.24%;-0.10%;0.10%;0.00%;0.00%;0.00%
15-10-23;0.00%;0.00%;0.00%;0.00%;0.00%;0.01%;0.00%;0.00%;0.00%;0.00%;0.00%
16-10-23;1.06%;0.35%;0.40%;0.92%;0.92%;0.92%;0.92%;0.92%;0.00%;0.92%;0.28%
17-10-23;0.73%;-0.36%;-0.18%;0.89%;-0.46%;-0.18%;0.09%;-0.17%;0.00%;0.08%;0.11%
18-10-23;-1.73%;-0.70%;-0.40%;0.41%;0.82%;-0.17%;0.09%;-0.05%;0.00%;0.30%;0.27%
19-10-23;-1.53%;-0.47%;-0.52%;-2.17%;-1.74%;-1.22%;-1.30%;-1.26%;0.00%;-0.89%;-1.65%
20-10-23;-1.34%;-0.34%;-0.40%;-0.61%;-0.97%;0.10%;0.12%;-0.04%;0.00%;0.35%;-0.60%
21-10-23;0.00%;0.00%;0.00%;-1.18%;-0.56%;0.22%;-0.03%;0.12%;0.00%;0.00%;0.00%
22-10-23;0.00%;0.00%;0.00%;0.00%;0.00%;0.01%;0.00%;0.00%;0.00%;0.00%;0.00%
23-10-23;-2.19%;-0.26%;-0.34%;0.21%;0.21%;0.22%;0.21%;0.21%;0.00%;0.21%;-0.68%
24-10-23;0.87%;-0.22%;0.01%;-0.60%;-1.30%;-0.22%;-0.28%;-0.39%;0.00%;-0.44%;-0.67%
25-10-23;-0.88%;-0.24%;-0.27%;-0.44%;-0.67%;-0.73%;-0.57%;-0.49%;0.00%;-0.99%;-0.42%
26-10-23;0.92%;0.15%;-0.27%;-1.73%;-0.63%;-1.04%;-0.75%;-0.87%;0.00%;-0.67%;-1.06%
27-10-23;0.00%;0.00%;0.00%;-1.13%;-1.08%;0.33%;-0.13%;0.09%;0.00%;0.00%;0.00%
28-10-23;0.00%;0.00%;0.00%;-0.33%;0.97%;0.09%;0.11%;0.07%;0.00%;0.00%;0.00%
29-10-23;0.00%;0.00%;0.00%;0.00%;0.00%;0.01%;0.00%;0.00%;0.00%;0.00%;0.00%
30-10-23;-2.47%;0.14%;0.19%;0.60%;0.60%;0.60%;0.60%;0.60%;0.00%;0.60%;0.53%
31-10-23;-0.59%;-0.26%;-0.26%;-1.03%;-1.74%;-2.04%;-1.81%;-1.97%;0.00%;-1.97%;-1.49%
01-11-23;0.00%;0.00%;0.00%;0.41%;-0.72%;-0.02%;0.14%;0.02%;0.00%;0.00%;0.00%
02-11-23;0.75%;0.65%;0.18%;-0.16%;-1.11%;-0.68%;-0.91%;-0.74%;0.00%;-1.20%;-0.75%
03-11-23;2.78%;1.11%;0.82%;0.87%;0.51%;-0.61%;0.08%;-0.15%;0.00%;-1.08%;0.59%
04-11-23;0.00%;0.00%;0.00%;1.09%;1.88%;0.49%;0.92%;0.69%;0.00%;0.00%;0.00%
05-11-23;0.00%;0.00%;0.00%;0.00%;0.00%;0.01%;0.00%;0.00%;0.00%;0.00%;0.00%
06-11-23;-0.98%;0.48%;0.58%;-0.95%;-0.95%;-0.94%;-0.95%;-0.95%;0.00%;-0.95%;0.89%
07-11-23;1.26%;-0.04%;0.19%;0.03%;1.99%;-0.42%;-0.19%;-0.32%;0.00%;-0.17%;0.23%
08-11-23;0.03%;0.37%;0.29%;0.67%;-0.12%;1.09%;0.58%;0.89%;0.00%;0.74%;0.50%
09-11-23;-0.19%;0.39%;0.28%;1.13%;0.81%;1.38%;1.20%;1.34%;0.00%;1.09%;0.74%
10-11-23;-0.28%;-0.06%;-0.09%;0.46%;0.60%;0.42%;0.54%;0.36%;0.00%;0.77%;0.28%
11-11-23;0.00%;0.00%;0.00%;0.76%;-0.83%;-0.03%;-0.12%;-0.05%;0.00%;0.00%;0.00%
12-11-23;0.00%;0.00%;0.00%;0.00%;0.00%;0.01%;0.00%;0.00%;0.00%;0.00%;0.00%
13-11-23;2.17%;-0.01%;0.04%;1.50%;1.50%;1.51%;1.50%;1.50%;0.00%;1.50%;1.12%
14-11-23;-0.31%;0.34%;0.27%;0.69%;0.97%;0.56%;0.58%;0.47%;0.00%;0.55%;0.60%
15-11-23;0.93%;0.65%;0.30%;0.46%;-0.85%;-0.74%;-0.53%;-0.72%;0.00%;-1.56%;0.24%
16-11-23;-1.19%;0.58%;0.33%;-1.50%;0.60%;-2.11%;-1.82%;-1.93%;0.00%;-1.91%;-0.80%
17-11-23;0.93%;0.30%;0.29%;-1.07%;-1.14%;-0.62%;-0.91%;-0.66%;0.00%;-1.02%;-0.98%
18-11-23;0.00%;0.00%;0.00%;0.41%;-0.58%;0.12%;0.11%;0.18%;0.00%;0.00%;0.00%
19-11-23;0.00%;0.00%;0.00%;0.00%;0.00%;0.01%;0.00%;0.00%;0.00%;0.00%;0.00%
20-11-23;1.38%;-0.09%;0.06%;0.36%;0.36%;0.37%;0.36%;0.36%;0.00%;0.36%;0.58%
21-11-23;-0.91%;-0.01%;-0.13%;0.06%;0.30%;-0.51%;-0.20%;-0.29%;0.00%;-0.61%;0.22%
22-11-23;0.16%;0.19%;0.25%;-0.77%;-0.29%;-0.41%;-0.39%;-0.17%;0.00%;-0.60%;-0.62%
23-11-23;0.10%;0.17%;0.24%;0.30%;-0.30%;0.09%;0.22%;0.31%;0.00%;0.13%;0.09%
24-11-23;-0.54%;0.15%;0.07%;-0.26%;0.06%;-0.50%;-0.30%;-0.40%;0.00%;-0.40%;-0.15%
25-11-23;0.00%;0.00%;0.00%;0.22%;-0.79%;-0.24%;0.15%;0.02%;0.00%;0.00%;0.00%
26-11-23;0.00%;0.00%;0.00%;0.00%;0.00%;0.01%;0.00%;0.00%;0.00%;0.00%;0.00%
27-11-23;-0.37%;0.00%;0.05%;0.29%;0.29%;0.30%;0.29%;0.29%;0.00%;0.29%;0.07%
28-11-23;0.26%;0.14%;0.20%;-0.45%;-0.49%;0.25%;-0.07%;0.07%;0.00%;-0.21%;-0.40%
29-11-23;0.35%;0.36%;0.14%;-0.14%;0.52%;0.00%;-0.02%;-0.09%;0.00%;-0.29%;0.08%
30-11-23;0.45%;0.29%;0.31%;-0.13%;-0.43%;0.31%;0.37%;0.45%;0.00%;-0.19%;0.01%
01-12-23;1.22%;0.00%;0.01%;0.53%;0.61%;-0.04%;0.14%;0.14%;0.00%;0.20%;0.21%
02-12-23;0.00%;0.00%;0.00%;0.57%;-0.50%;0.55%;0.18%;0.40%;0.00%;0.00%;0.00%
03-12-23;0.00%;0.00%;0.00%;0.00%;0.00%;0.01%;0.00%;0.00%;0.00%;0.00%;0.00%
04-12-23;-1.23%;0.07%;0.15%;-0.77%;-0.77%;-0.77%;-0.77%;-0.77%;0.00%;-0.77%;-0.11%
05-12-23;1.23%;0.15%;-0.01%;-0.55%;-0.28%;-0.13%;0.01%;-0.02%;0.00%;-0.09%;-0.33%
06-12-23;0.35%;0.21%;0.12%;1.29%;0.56%;1.90%;1.64%;1.88%;0.00%;1.40%;0.72%
07-12-23;0.99%;0.20%;0.49%;-0.05%;0.32%;0.32%;0.22%;0.45%;0.00%;0.02%;0.30%
08-12-23;0.00%;0.00%;0.00%;0.55%;-0.49%;-0.09%;0.02%;-0.04%;0.00%;0.00%;0.00%
09-12-23;0.00%;0.00%;0.00%;0.32%;0.51%;-0.33%;-0.15%;-0.22%;0.00%;0.00%;0.00%
10-12-23;0.00%;0.00%;0.00%;0.00%;0.00%;0.01%;0.00%;0.00%;0.00%;0.00%;0.00%
11-12-23;-1.42%;0.15%;0.32%;-0.74%;-0.74%;-0.73%;-0.74%;-0.74%;0.00%;-0.74%;-0.11%
12-12-23;0.36%;-0.02%;0.18%;1.67%;1.19%;1.35%;1.31%;1.33%;0.00%;1.37%;0.98%
13-12-23;1.78%;0.08%;0.06%;0.44%;0.42%;0.29%;0.28%;0.20%;0.00%;0.07%;0.11%
14-12-23;2.29%;0.46%;0.35%;0.65%;-0.76%;0.37%;0.13%;0.28%;0.00%;-0.44%;0.40%
15-12-23;0.11%;0.62%;0.52%;-0.29%;0.77%;-0.60%;0.39%;0.10%;0.00%;-1.19%;0.72%
16-12-23;0.00%;0.00%;0.00%;-0.09%;0.84%;0.12%;-0.07%;0.11%;0.00%;0.00%;0.00%
17-12-23;0.00%;0.00%;0.00%;0.00%;0.00%;0.01%;0.00%;0.00%;0.00%;0.00%;0.00%
18-12-23;-1.37%;0.01%;0.10%;0.72%;0.72%;0.72%;0.72%;0.72%;0.00%;0.72%;0.52%
19-12-23;0.20%;-0.06%;-0.11%;0.50%;0.03%;0.22%;0.36%;0.35%;0.00%;0.33%;0.04%
20-12-23;0.23%;0.31%;0.27%;-0.71%;-1.34%;-1.18%;-1.09%;-1.23%;0.00%;-1.41%;-0.61%
21-12-23;0.56%;0.20%;0.19%;-0.36%;0.57%;1.00%;0.82%;0.88%;0.00%;0.64%;0.03%
22-12-23;0.76%;-0.15%;-0.12%;1.23%;0.57%;0.48%;0.60%;0.48%;0.00%;0.48%;0.85%
23-12-23;0.00%;0.00%;0.00%;0.23%;-0.59%;-0.06%;0.10%;-0.01%;0.00%;0.00%;0.00%
24-12-23;0.00%;0.00%;0.00%;0.00%;0.00%;0.01%;0.00%;0.00%;0.00%;0.00%;0.00%
25-12-23;0.00%;0.00%;0.00%;0.00%;0.00%;0.01%;0.00%;0.00%;0.00%;0.00%;0.00%
26-12-23;1.08%;-0.08%;-0.02%;1.26%;1.35%;1.29%;1.26%;1.26%;0.00%;1.26%;1.19%
27-12-23;-0.21%;-0.05%;0.19%;1.65%;1.86%;1.40%;1.41%;1.37%;0.00%;1.32%;1.28%
28-12-23;0.79%;-0.01%;-0.04%;-0.64%;0.13%;-0.59%;-0.64%;-0.72%;0.00%;-1.06%;-0.37%
29-12-23;-0.83%;-0.08%;0.10%;-0.10%;1.09%;-0.37%;-0.24%;-0.25%;3.82%;-0.20%;0.32%
30-12-23;0.00%;0.00%;0.00%;-0.28%;0.08%;-0.15%;-0.08%;0.02%;0.00%;0.00%;0.00%
31-12-23;0.00%;0.00%;0.00%;0.00%;0.00%;0.01%;0.00%;0.00%;0.00%;0.00%;0.00%
01-01-24;0.00%;0.00%;0.00%;0.00%;0.00%;0.01%;0.00%;0.00%;0.00%;2.68%;0.00%
02-01-24;0.27%;-0.02%;0.14%;-0.85%;-0.76%;-0.84%;-0.85%;-0.85%;0.00%;-0.85%;-0.73%
03-01-24;-1.13%;-0.37%;-0.23%;-0.32%;-0.37%;0.11%;-0.08%;0.02%;0.00%;0.43%;-0.48%
04-01-24;-1.02%;-0.18%;-0.29%;-0.55%;-0.92%;0.41%;-0.16%;-0.06%;0.00%;0.39%;-0.38%
05-01-24;-0.44%;-0.14%;-0.10%;-0.04%;0.14%;-0.35%;-0.12%;-0.37%;0.00%;0.01%;-0.54%
06-01-24;0.00%;0.00%;0.00%;0.21%;-0.22%;-0.12%;-0.04%;-0.22%;0.00%;0.00%;0.00%
07-01-24;0.00%;0.00%;0.00%;0.00%;0.00%;0.01%;0.00%;0.00%;0.00%;0.00%;0.00%
08-01-24;0.19%;-0.17%;-0.31%;0.97%;0.97%;0.98%;0.97%;0.97%;0.00%;0.97%;0.67%
09-01-24;0.70%;-0.13%;-0.24%;1.97%;0.39%;1.12%;1.05%;0.87%;0.00%;0.92%;0.86%
10-01-24;-0.79%;0.01%;-0.09%;1.27%;1.10%;1.43%;1.43%;1.35%;0.00%;1.48%;0.86%
11-01-24;-0.46%;0.04%;0.03%;0.94%;0.07%;0.42%;0.89%;0.72%;0.00%;0.48%;0.42%
12-01-24;-1.02%;0.14%;0.03%;-0.97%;-0.26%;-0.61%;-0.59%;-0.43%;0.00%;-0.84%;-0.62%
13-01-24;0.00%;0.00%;0.00%;0.35%;0.16%;0.21%;0.28%;0.30%;0.00%;0.00%;0.00%
14-01-24;0.00%;0.00%;0.00%;0.00%;0.00%;0.01%;0.00%;0.00%;0.00%;0.00%;0.00%
15-01-24;0.47%;0.33%;0.17%;-0.30%;-0.30%;-0.29%;-0.30%;-0.30%;0.00%;-0.30%;-0.05%
16-01-24;-0.34%;0.02%;-0.01%;0.27%;0.25%;0.37%;0.34%;0.37%;0.00%;0.37%;0.16%
17-01-24;-1.08%;-0.09%;-0.13%;0.49%;-0.47%;0.74%;0.73%;0.77%;0.00%;1.09%;0.08%
18-01-24;-0.55%;-0.24%;-0.16%;-0.31%;-1.69%;0.21%;0.12%;0.15%;0.00%;0.51%;-0.71%
19-01-24;-0.39%;-0.10%;-0.12%;-0.15%;-0.58%;-1.01%;-0.84%;-0.93%;0.00%;-0.88%;-0.42%
20-01-24;0.00%;0.00%;0.00%;1.02%;1.00%;0.02%;0.09%;-0.05%;0.00%;0.00%;0.00%
21-01-24;0.00%;0.00%;0.00%;0.00%;0.00%;0.01%;0.00%;0.00%;0.00%;0.00%;0.00%
22-01-24;1.16%;-0.04%;0.00%;-0.86%;-0.86%;-0.86%;-0.86%;-0.86%;0.00%;-0.86%;-0.30%
23-01-24;0.73%;0.06%;0.09%;-0.13%;-1.26%;-0.34%;-0.33%;-0.45%;0.00%;-0.56%;-0.42%
24-01-24;1.44%;0.17%;0.24%;0.41%;0.96%;0.20%;0.18%;0.15%;0.00%;0.36%;0.50%
25-01-24;-1.12%;0.18%;0.25%;0.36%;1.23%;-0.20%;0.18%;-0.07%;0.00%;-0.04%;0.63%
26-01-24;1.12%;0.02%;-0.04%;0.55%;0.88%;0.55%;0.33%;0.45%;0.00%;0.27%;0.42%
27-01-24;0.00%;0.00%;0.00%;0.12%;-0.33%;-0.04%;0.20%;0.07%;0.00%;0.00%;0.00%
28-01-24;0.00%;0.00%;0.00%;0.00%;0.00%;0.01%;0.00%;0.00%;0.00%;0.00%;0.00%
29-01-24;0.02%;0.04%;0.08%;0.57%;0.57%;0.58%;0.57%;0.57%;0.00%;0.57%;0.52%
30-01-24;-1.47%;0.12%;0.14%;1.87%;1.76%;1.59%;1.30%;1.53%;0.00%;1.24%;1.15%
31-01-24;0.17%;0.31%;0.30%;0.56%;-0.43%;0.59%;0.61%;0.69%;0.00%;0.54%;0.10%
01-02-24;0.91%;0.51%;0.48%;-1.02%;-0.53%;0.38%;-0.01%;0.29%;0.00%;-0.04%;-0.30%
02-02-24;-0.98%;0.22%;0.27%;1.07%;1.05%;0.76%;0.52%;0.78%;0.00%;0.40%;1.02%
03-02-24;0.00%;0.00%;0.00%;0.65%;0.62%;-0.60%;-0.20%;-0.46%;0.00%;0.00%;0.00%
04-02-24;0.00%;0.00%;0.00%;0.00%;0.00%;0.01%;0.00%;0.00%;0.00%;0.00%;0.00%
05-02-24;0.17%;-0.10%;-0.15%;0.83%;0.83%;0.84%;0.83%;0.83%;0.00%;0.83%;0.26%
06-02-24;0.02%;-0.20%;-0.05%;0.82%;0.75%;0.73%;0.85%;0.78%;0.00%;1.25%;0.54%
07-02-24;0.12%;0.10%;0.16%;-0.28%;1.05%;-0.34%;-0.36%;-0.28%;0.00%;-0.62%;0.38%
08-02-24;-0.15%;0.16%;0.23%;0.43%;0.07%;-0.26%;-0.09%;-0.22%;0.00%;-0.20%;0.23%
09-02-24;0.48%;0.05%;0.09%;1.08%;0.55%;0.84%;1.09%;0.97%;0.00%;1.05%;0.75%
10-02-24;0.00%;0.00%;0.00%;0.48%;-0.20%;-0.09%;0.08%;-0.07%;0.00%;0.00%;0.00%
11-02-24;0.00%;0.00%;0.00%;0.00%;0.00%;0.01%;0.00%;0.00%;0.00%;0.00%;0.00%
12-02-24;1.13%;0.12%;0.12%;1.13%;1.13%;1.13%;1.13%;1.13%;0.00%;1.13%;1.09%
13-02-24;-1.19%;0.00%;-0.03%;0.35%;0.43%;0.45%;0.38%;0.41%;0.00%;0.36%;0.65%
14-02-24;0.87%;-0.18%;-0.05%;-1.31%;0.01%;-0.53%;-0.57%;-0.59%;0.00%;-0.07%;-1.02%
15-02-24;1.66%;0.02%;-0.03%;-0.42%;-1.00%;-0.96%;-1.06%;-1.03%;0.00%;-1.21%;-0.57%
16-02-24;2.28%;-0.01%;-0.09%;0.97%;1.10%;0.39%;0.59%;0.59%;0.00%;0.22%;0.95%
17-02-24;0.00%;0.00%;0.00%;-0.13%;0.84%;-0.21%;-0.01%;-0.09%;0.00%;0.00%;0.00%
18-02-24;0.00%;0.00%;0.00%;0.00%;0.00%;0.01%;0.00%;0.00%;0.00%;0.00%;0.00%
19-02-24;0.68%;-0.10%;-0.04%;0.74%;0.74%;0.74%;0.74%;0.74%;0.00%;0.74%;0.74%
20-02-24;-0.54%;0.06%;0.05%;-0.24%;-0.27%;-0.27%;-0.28%;-0.29%;0.00%;-0.29%;-0.03%
21-02-24;-1.37%;0.08%;0.06%;-0.64%;0.00%;-0.08%;-0.07%;-0.15%;0.00%;-0.26%;-0.19%
22-02-24;-0.13%;-0.14%;-0.15%;0.34%;0.56%;0.20%;0.33%;0.30%;0.00%;0.40%;0.29%
23-02-24;-0.59%;-0.37%;-0.28%;2.30%;1.43%;0.61%;0.83%;0.77%;0.00%;0.54%;1.00%
24-02-24;0.00%;0.00%;0.00%;0.13%;-0.10%;0.28%;0.26%;0.33%;0.00%;0.00%;0.00%
25-02-24;0.00%;0.00%;0.00%;0.00%;0.00%;0.00%;0.00%;0.00%;0.00%;0.00%;0.00%
26-02-24;0.24%;-0.24%;-0.24%;1.12%;1.12%;1.13%;1.12%;1.12%;0.00%;1.12%;0.92%
27-02-24;1.70%;-0.20%;-0.09%;0.07%;-0.09%;0.23%;0.43%;0.38%;0.00%;0.31%;0.05%
28-02-24;0.42%;-0.23%;-0.24%;-0.05%;0.13%;-0.36%;-0.35%;-0.41%;0.00%;-0.24%;0.21%
29-02-24;1.67%;0.07%;0.03%;-0.71%;-1.30%;-0.32%;-0.45%;-0.31%;0.00%;-0.44%;-0.63%
01-03-24;0.55%;0.23%;0.26%;-0.60%;-0.83%;-0.88%;-0.97%;-0.88%;0.00%;-1.05%;-0.38%
02-03-24;0.00%;0.00%;0.00%;0.81%;0.37%;0.20%;0.22%;0.26%;0.00%;0.00%;0.00%
03-03-24;0.00%;0.00%;0.00%;0.00%;0.00%;0.01%;0.00%;0.00%;0.00%;0.00%;0.00%
04-03-24;-2.15%;0.16%;0.17%;-0.36%;-0.36%;-0.36%;-0.36%;-0.36%;0.00%;-0.36%;0.39%
05-03-24;-1.24%;0.25%;0.26%;0.52%;1.13%;0.53%;0.76%;0.60%;0.00%;0.57%;0.38%
06-03-24;1.33%;0.31%;0.17%;-0.29%;-0.39%;0.87%;0.52%;0.64%;0.00%;0.46%;-0.07%
07-03-24;0.18%;0.21%;0.21%;1.10%;1.11%;0.63%;0.71%;0.71%;0.00%;0.50%;0.95%
08-03-24;-0.32%;0.23%;0.42%;1.31%;0.50%;0.37%;0.45%;0.40%;0.00%;0.26%;0.45%
09-03-24;0.00%;0.00%;0.00%;-0.32%;0.67%;0.14%;0.19%;0.12%;0.00%;0.00%;0.00%
10-03-24;0.00%;0.00%;0.00%;0.00%;0.00%;0.01%;0.00%;0.00%;0.00%;0.00%;0.00%
11-03-24;1.26%;0.09%;0.39%;-1.93%;-1.93%;-1.93%;-1.93%;-1.93%;0.00%;-1.93%;-1.43%
12-03-24;1.18%;-0.22%;-0.03%;-0.25%;0.33%;0.05%;0.04%;0.11%;0.00%;0.14%;0.16%
13-03-24;-0.21%;-0.18%;0.05%;0.78%;0.87%;-0.27%;-0.11%;-0.19%;0.00%;-0.11%;0.34%
14-03-24;-0.41%;-0.16%;-0.22%;-1.73%;-1.92%;-1.81%;-1.54%;-1.67%;0.00%;-1.70%;-1.27%
15-03-24;0.10%;-0.16%;-0.09%;-0.73%;-0.11%;-0.77%;-0.66%;-0.70%;0.00%;-0.35%;-0.66%
16-03-24;0.00%;0.00%;0.00%;-0.57%;-1.32%;-0.07%;-0.10%;-0.12%;0.00%;0.00%;0.00%
17-03-24;0.00%;0.00%;0.00%;0.00%;0.00%;0.00%;0.00%;0.00%;0.00%;0.00%;0.00%
18-03-24;-0.12%;-0.14%;-0.12%;-0.44%;-0.44%;-0.43%;-0.44%;-0.44%;0.00%;-0.44%;-0.55%
19-03-24;-0.61%;-0.18%;0.01%;0.92%;0.74%;0.40%;0.44%;0.35%;0.00%;0.39%;0.47%
20-03-24;1.22%;-0.04%;-0.06%;2.15%;0.80%;1.96%;1.89%;1.94%;0.00%;1.78%;1.24%
21-03-24;-0.19%;0.00%;0.01%;2.07%;1.86%;1.54%;1.56%;1.67%;0.00%;1.43%;1.71%
22-03-24;0.42%;0.09%;-0.03%;0.14%;1.11%;-0.37%;-0.11%;0.02%;0.00%;-0.45%;0.15%
23-03-24;0.00%;0.00%;0.00%;-0.18%;-0.86%;0.27%;0.01%;0.26%;0.00%;0.00%;0.00%
24-03-24;0.00%;0.00%;0.00%;0.00%;0.00%;0.00%;0.00%;0.00%;0.00%;0.00%;0.00%
25-03-24;-0.33%;0.10%;0.12%;0.89%;0.89%;0.90%;0.89%;0.89%;0.00%;0.89%;0.40%
26-03-24;0.38%;-0.08%;0.01%;-0.48%;-0.54%;-0.38%;-0.22%;-0.31%;0.00%;-0.25%;-0.41%
27-03-24;1.10%;0.09%;0.11%;0.23%;0.80%;0.48%;0.37%;0.44%;0.00%;0.40%;0.42%
28-03-24;0.68%;0.14%;0.13%;0.74%;-0.25%;0.31%;0.15%;0.24%;0.71%;0.07%;0.48%
29-03-24;0.00%;0.00%;0.00%;0.05%;0.38%;0.03%;0.05%;0.05%;1.26%;0.00%;0.00%
30-03-24;0.00%;0.00%;0.00%;0.03%;0.27%;0.00%;0.00%;0.00%;0.00%;0.00%;0.00%
31-03-24;0.00%;0.00%;0.00%;0.00%;0.00%;0.00%;0.00%;0.00%;0.00%;0.00%;0.00%
01-04-24;-0.02%;0.03%;0.15%;-0.07%;-0.07%;-0.06%;-0.07%;-0.07%;0.00%;1.16%;0.25%
02-04-24;-0.09%;-0.14%;-0.01%;-0.29%;-0.02%;-0.28%;-0.19%;-0.29%;0.00%;0.09%;-0.24%
03-04-24;-0.26%;-0.16%;-0.02%;-0.89%;0.49%;-0.52%;-0.50%;-0.55%;0.00%;-0.27%;-0.49%
04-04-24;-0.40%;0.02%;-0.01%;-1.58%;-2.38%;-1.72%;-1.59%;-1.67%;0.00%;-1.76%;-1.33%
05-04-24;-1.03%;-0.11%;-0.02%;-2.79%;-1.58%;-1.89%;-1.81%;-1.77%;0.00%;-2.11%;-1.74%
06-04-24;0.00%;0.00%;0.00%;0.47%;-0.29%;-0.31%;-0.14%;-0.23%;0.00%;0.00%;0.00%
07-04-24;0.00%;0.00%;0.00%;0.00%;0.00%;0.00%;0.00%;0.00%;0.00%;0.00%;0.00%
08-04-24;1.31%;-0.22%;-0.15%;0.66%;0.66%;0.66%;0.66%;0.66%;0.00%;0.66%;0.41%
09-04-24;0.95%;-0.18%;-0.10%;-0.05%;0.11%;-0.31%;-0.06%;-0.17%;0.00%;-0.23%;-0.05%
10-04-24;0.32%;0.11%;-0.06%;-0.54%;-0.05%;-0.35%;-0.43%;-0.33%;0.00%;-0.65%;-0.16%
11-04-24;0.53%;-0.24%;-0.18%;0.41%;1.61%;0.72%;0.76%;0.67%;0.00%;1.36%;0.05%
12-04-24;-2.34%;-0.15%;-0.10%;0.71%;0.10%;0.15%;-0.02%;-0.03%;0.00%;0.37%;0.39%
13-04-24;0.00%;0.00%;0.00%;-1.18%;-1.27%;0.34%;-0.27%;-0.05%;0.00%;0.00%;0.00%
14-04-24;0.00%;0.00%;0.00%;0.00%;0.00%;0.00%;0.00%;0.00%;0.00%;0.00%;0.00%
15-04-24;-1.20%;-0.03%;-0.09%;0.79%;0.79%;0.79%;0.79%;0.79%;0.00%;0.79%;-0.35%
16-04-24;-0.73%;-0.46%;-0.39%;0.39%;0.33%;0.98%;1.02%;0.81%;0.00%;1.39%;0.19%
17-04-24;0.32%;-0.23%;-0.17%;0.10%;-1.33%;0.45%;0.27%;0.22%;0.00%;0.71%;-0.44%
18-04-24;-0.11%;-0.11%;-0.06%;-1.52%;-0.76%;-0.76%;-0.81%;-0.60%;0.00%;-1.03%;-0.73%
19-04-24;-1.24%;0.04%;0.01%;-0.70%;-0.07%;-0.78%;-0.59%;-0.65%;0.00%;-0.67%;-0.64%
20-04-24;0.00%;0.00%;0.00%;-0.74%;-1.42%;0.07%;0.11%;0.08%;0.00%;0.00%;0.00%
21-04-24;0.00%;0.00%;0.00%;0.00%;0.00%;0.00%;0.00%;0.00%;0.00%;0.00%;0.00%
22-04-24;0.12%;0.28%;0.15%;-1.26%;-1.26%;-1.26%;-1.26%;-1.26%;0.00%;-1.26%;-1.13%
23-04-24;1.32%;0.14%;0.17%;0.56%;0.50%;-0.19%;0.00%;-0.10%;0.00%;-0.27%;0.21%
24-04-24;-1.47%;0.02%;0.03%;0.92%;0.44%;-0.25%;0.09%;-0.11%;0.00%;-0.31%;0.60%
25-04-24;-0.77%;-0.05%;0.00%;0.43%;1.90%;0.13%;0.25%;0.12%;0.00%;0.40%;0.17%
26-04-24;1.13%;0.02%;0.07%;-1.12%;-1.22%;-0.84%;-0.86%;-0.95%;0.00%;-0.63%;-0.93%
27-04-24;0.00%;0.00%;0.00%;0.87%;1.28%;0.19%;0.16%;0.19%;0.00%;0.00%;0.00%
28-04-24;0.00%;0.00%;0.00%;0.00%;0.00%;0.00%;0.00%;0.00%;0.00%;0.00%;0.00%
29-04-24;2.27%;0.22%;0.28%;-0.10%;-0.10%;-0.10%;-0.10%;-0.10%;0.00%;-0.10%;0.73%
30-04-24;-0.52%;0.03%;0.07%;-0.06%;0.53%;-0.20%;-0.07%;-0.06%;0.00%;-0.43%;0.42%
01-05-24;0.00%;0.00%;0.00%;-1.24%;-0.51%;-0.23%;-0.21%;-0.23%;0.00%;0.00%;0.00%
02-05-24;-0.14%;0.05%;0.13%;0.78%;1.09%;1.27%;1.12%;1.14%;0.00%;1.12%;0.03%
03-05-24;0.92%;0.16%;0.19%;0.86%;0.73%;0.27%;0.28%;0.32%;0.00%;0.01%;0.72%
04-05-24;0.00%;0.00%;0.00%;1.19%;0.86%;0.34%;0.61%;0.54%;0.00%;0.00%;0.00%
05-05-24;0.00%;0.00%;0.00%;0.00%;0.00%;0.00%;0.00%;0.00%;0.00%;0.00%;0.00%
06-05-24;-0.78%;0.30%;0.20%;-1.70%;-1.70%;-1.70%;-1.70%;-1.70%;0.00%;-1.70%;-0.46%
07-05-24;1.42%;0.13%;0.21%;0.02%;-0.37%;-0.74%;-0.68%;-0.64%;0.00%;-0.87%;-0.18%
08-05-24;0.54%;0.10%;0.09%;0.76%;0.59%;0.71%;0.60%;0.79%;0.00%;0.44%;0.59%
09-05-24;-0.17%;-0.03%;0.04%;0.09%;0.11%;0.12%;0.09%;0.07%;0.00%;0.26%;0.07%
10-05-24;0.15%;-0.06%;-0.05%;-0.12%;-0.91%;-0.60%;-0.54%;-0.49%;0.00%;-0.62%;-0.09%
11-05-24;0.00%;0.00%;0.00%;0.27%;0.77%;-0.15%;-0.06%;-0.06%;0.00%;0.00%;0.00%
12-05-24;0.00%;0.00%;0.00%;0.00%;0.00%;0.00%;0.00%;0.00%;0.00%;0.00%;0.00%
13-05-24;0.76%;-0.02%;0.07%;-0.97%;-0.97%;-0.97%;-0.97%;-0.97%;0.00%;-0.97%;-0.82%
14-05-24;0.47%;-0.09%;-0.12%;0.06%;0.67%;0.09%;0.14%;0.12%;0.00%;0.01%;0.14%
15-05-24;-0.32%;0.17%;0.11%;-0.15%;-0.35%;-0.50%;-0.48%;-0.43%;0.00%;-0.57%;-0.11%
16-05-24;-0.78%;0.29%;0.18%;0.23%;-0.50%;-0.33%;-0.41%;-0.27%;0.00%;-0.86%;0.06%
17-05-24;0.11%;0.03%;0.04%;-0.90%;0.46%;-0.88%;-0.74%;-0.72%;0.00%;-0.83%;-0.59%
18-05-24;0.00%;0.00%;0.00%;0.12%;0.16%;-0.24%;-0.07%;-0.17%;0.00%;0.00%;0.00%
19-05-24;0.00%;0.00%;0.00%;0.00%;0.00%;0.00%;0.00%;0.00%;0.00%;0.00%;0.00%
20-05-24;0.75%;0.10%;0.10%;-0.49%;-0.49%;-0.49%;-0.49%;-0.49%;0.00%;-0.49%;-0.25%
21-05-24;0.00%;0.00%;0.00%;0.14%;0.19%;-0.09%;0.05%;0.03%;0.00%;0.00%;0.00%
22-05-24;0.41%;-0.05%;0.00%;-1.07%;-1.93%;-1.02%;-1.12%;-1.07%;0.00%;-1.16%;-1.04%
23-05-24;0.62%;-0.23%;-0.07%;1.59%;2.18%;1.88%;1.75%;1.79%;0.00%;2.00%;1.22%
24-05-24;0.01%;-0.04%;-0.02%;-0.08%;0.12%;0.22%;0.28%;0.16%;0.00%;0.47%;-0.07%
25-05-24;0.00%;0.00%;0.00%;0.46%;-0.76%;0.04%;-0.02%;-0.03%;0.00%;0.00%;0.00%
26-05-24;0.00%;0.00%;0.00%;0.00%;0.00%;0.00%;0.00%;0.00%;0.00%;0.00%;0.00%
27-05-24;0.53%;0.12%;0.08%;-0.64%;-0.64%;-0.64%;-0.64%;-0.64%;0.00%;-0.64%;-0.33%
28-05-24;-0.64%;-0.08%;-0.07%;-0.14%;0.36%;-0.25%;-0.29%;-0.32%;0.00%;-0.32%;-0.09%
29-05-24;-1.06%;-0.24%;-0.11%;-0.33%;-0.44%;-0.44%;-0.18%;-0.34%;0.00%;-0.24%;-0.45%
30-05-24;-0.54%;-0.16%;-0.17%;0.06%;-0.41%;0.69%;0.76%;0.75%;0.00%;1.06%;-0.21%
31-05-24;-0.09%;0.05%;0.08%;0.86%;-0.17%;1.36%;1.29%;1.41%;0.00%;1.13%;0.78%
01-06-24;0.00%;0.00%;0.00%;0.73%;-0.84%;0.22%;0.14%;0.16%;0.00%;0.00%;0.00%
02-06-24;0.00%;0.00%;0.00%;0.00%;0.00%;0.00%;0.00%;0.00%;0.00%;0.00%;0.00%
03-06-24;-0.34%;0.16%;0.12%;-0.13%;-0.13%;-0.13%;-0.13%;-0.13%;0.00%;-0.13%;0.24%
04-06-24;-0.29%;0.18%;0.23%;-0.72%;0.96%;-0.55%;-0.71%;-0.69%;0.00%;-0.97%;-0.76%
05-06-24;0.83%;0.18%;0.10%;-0.27%;-1.91%;0.02%;-0.25%;-0.17%;0.00%;-0.28%;-0.29%
06-06-24;0.42%;0.12%;0.04%;0.96%;1.13%;0.33%;0.17%;0.24%;0.00%;0.10%;0.71%
07-06-24;-0.71%;0.03%;0.08%;0.66%;1.45%;0.45%;0.46%;0.44%;0.00%;0.46%;0.53%
08-06-24;0.00%;0.00%;0.00%;-0.31%;0.02%;-0.49%;-0.32%;-0.45%;0.00%;0.00%;0.00%
09-06-24;0.00%;0.00%;0.00%;0.00%;0.00%;0.00%;0.00%;0.00%;0.00%;0.00%;0.00%
10-06-24;-0.19%;0.05%;0.13%;0.70%;0.70%;0.70%;0.70%;0.70%;0.00%;0.70%;-0.07%
11-06-24;-1.13%;0.03%;0.02%;0.80%;0.43%;0.45%;0.59%;0.62%;0.00%;0.70%;0.28%
12-06-24;-0.09%;0.01%;0.03%;0.04%;-0.32%;0.34%;0.14%;0.30%;0.00%;0.10%;-0.11%
13-06-24;-0.73%;0.00%;-0.06%;0.03%;-0.66%;-0.60%;-0.38%;-0.52%;0.00%;-1.01%;-0.24%
14-06-24;0.40%;-0.24%;-0.03%;0.17%;1.19%;0.76%;0.48%;0.84%;0.00%;0.50%;0.25%
15-06-24;0.00%;0.00%;0.00%;-0.34%;0.14%;0.27%;-0.33%;0.03%;0.00%;0.00%;0.00%
16-06-24;0.00%;0.00%;0.00%;0.00%;0.00%;0.00%;0.00%;0.00%;0.00%;0.00%;0.00%
17-06-24;-0.15%;-0.09%;-0.07%;0.97%;0.97%;0.97%;0.97%;0.97%;0.00%;0.97%;0.50%
18-06-24;0.47%;-0.21%;-0.11%;1.56%;0.85%;0.87%;1.04%;0.82%;0.00%;1.09%;0.92%
19-06-24;0.66%;-0.37%;-0.17%;0.01%;0.32%;-0.17%;-0.12%;-0.09%;0.00%;-0.40%;0.19%
20-06-24;0.00%;0.00%;0.00%;0.03%;1.25%;-0.01%;0.04%;0.00%;0.00%;0.00%;0.00%
21-06-24;-1.48%;-0.20%;-0.08%;-0.86%;-0.70%;-0.86%;-0.81%;-0.83%;0.00%;-0.75%;-0.62%
22-06-24;0.00%;0.00%;0.00%;-0.34%;-0.81%;0.01%;-0.07%;-0.01%;0.00%;0.00%;0.00%
23-06-24;0.00%;0.00%;0.00%;0.00%;0.00%;0.00%;0.00%;0.00%;0.00%;0.00%;0.00%
24-06-24;-0.01%;-0.05%;0.05%;1.01%;1.01%;1.01%;1.01%;1.01%;0.00%;1.01%;0.40%
25-06-24;-1.15%;-0.04%;0.01%;0.50%;0.23%;0.51%;0.61%;0.53%;0.00%;0.47%;0.53%
26-06-24;1.40%;-0.12%;0.00%;0.40%;0.16%;0.10%;0.05%;0.09%;0.00%;0.06%;-0.08%
27-06-24;-0.11%;-0.26%;-0.08%;0.56%;0.68%;0.25%;0.44%;0.33%;0.00%;0.58%;0.27%
28-06-24;-1.30%;0.03%;-0.02%;0.40%;0.03%;0.39%;0.38%;0.40%;1.58%;0.34%;0.38%
29-06-24;0.00%;0.00%;0.00%;-0.28%;0.41%;-0.19%;-0.02%;-0.26%;0.00%;0.24%;0.00%
30-06-24;0.00%;0.00%;0.00%;0.00%;0.00%;0.00%;0.00%;0.00%;0.00%;0.00%;0.00%
01-07-24;-0.11%;0.13%;0.08%;-0.70%;-0.70%;-0.70%;-0.70%;-0.70%;0.00%;1.27%;-0.61%
02-07-24;-0.32%;0.04%;-0.14%;0.19%;0.08%;-0.45%;-0.26%;-0.60%;0.00%;-0.05%;-0.34%
03-07-24;2.07%;-0.05%;0.01%;0.83%;-0.33%;0.47%;0.37%;0.44%;0.00%;0.33%;0.30%
04-07-24;0.00%;-0.04%;0.02%;-0.09%;0.40%;-0.41%;-0.41%;-0.26%;0.00%;-0.79%;0.15%
05-07-24;-0.66%;0.09%;0.00%;-0.12%;0.85%;-0.37%;-0.31%;-0.32%;0.00%;-0.32%;0.02%
06-07-24;0.00%;0.00%;0.00%;0.33%;0.08%;0.33%;0.28%;0.39%;0.00%;0.00%;0.00%
07-07-24;0.00%;0.00%;0.00%;0.00%;0.00%;0.00%;0.00%;0.00%;0.00%;0.00%;0.00%
08-07-24;0.51%;0.15%;0.27%;-0.33%;-0.33%;-0.32%;-0.33%;-0.33%;0.00%;-0.33%;-0.07%
09-07-24;-0.73%;0.13%;0.09%;0.66%;0.90%;0.70%;0.85%;0.83%;0.00%;0.60%;0.54%
10-07-24;-0.05%;0.05%;0.04%;-0.83%;-0.33%;-0.84%;-0.80%;-0.86%;0.00%;-0.73%;-0.49%
11-07-24;1.00%;0.30%;0.17%;-0.49%;-1.48%;-1.32%;-1.31%;-1.31%;0.00%;-1.45%;-0.56%
12-07-24;0.08%;0.30%;0.14%;-1.29%;0.14%;-0.71%;-0.65%;-0.56%;0.00%;-1.09%;-0.12%
13-07-24;0.00%;0.00%;0.00%;0.59%;-0.10%;0.11%;0.17%;0.12%;0.00%;0.00%;0.00%
14-07-24;0.00%;0.00%;0.00%;0.00%;0.00%;0.00%;0.00%;0.00%;0.00%;0.00%;0.00%
15-07-24;0.21%;0.05%;0.09%;0.13%;0.13%;0.13%;0.13%;0.13%;0.00%;0.13%;0.43%
16-07-24;0.00%;0.00%;0.00%;0.06%;-0.28%;-0.04%;0.06%;-0.15%;0.00%;0.00%;0.00%
17-07-24;0.03%;0.08%;0.10%;0.44%;-0.18%;0.35%;0.17%;0.25%;0.00%;0.07%;0.43%
18-07-24;0.07%;0.11%;0.17%;0.24%;0.69%;1.25%;1.26%;1.15%;0.00%;1.21%;0.64%
19-07-24;-0.26%;0.09%;0.24%;1.18%;1.48%;1.88%;1.89%;1.81%;0.00%;1.96%;0.82%
20-07-24;0.00%;0.00%;0.00%;-0.73%;-1.48%;-0.20%;-0.16%;-0.20%;0.00%;0.00%;0.00%
21-07-24;0.00%;0.00%;0.00%;0.00%;0.00%;0.00%;0.00%;0.00%;0.00%;0.00%;0.00%
22-07-24;0.59%;0.03%;0.06%;0.38%;0.38%;0.39%;0.38%;0.38%;0.00%;0.38%;-0.30%
23-07-24;-0.70%;0.04%;0.08%;1.43%;0.18%;0.55%;0.73%;0.67%;0.00%;0.56%;0.75%
24-07-24;-0.55%;0.17%;0.10%;-0.36%;-0.11%;-0.21%;-0.18%;-0.15%;0.00%;-0.25%;-0.47%
25-07-24;-1.04%;0.16%;0.16%;-1.61%;-0.19%;0.10%;0.13%;0.03%;0.00%;0.22%;-0.85%
26-07-24;-0.10%;0.11%;0.18%;-0.86%;-0.93%;0.01%;-0.19%;-0.15%;0.00%;-0.15%;-0.39%
27-07-24;0.00%;0.00%;0.00%;0.95%;-0.14%;0.21%;0.15%;0.21%;0.00%;0.00%;0.00%
28-07-24;0.00%;0.00%;0.00%;0.00%;0.00%;0.00%;0.00%;0.00%;0.00%;0.00%;0.00%
29-07-24;0.74%;0.06%;0.19%;0.31%;0.31%;0.31%;0.31%;0.31%;0.00%;0.31%;0.98%
30-07-24;-0.28%;-0.05%;0.08%;0.74%;1.14%;0.88%;0.70%;0.87%;0.00%;0.66%;0.38%
31-07-24;-0.36%;0.17%;0.18%;-0.35%;-0.53%;0.12%;-0.02%;0.02%;0.00%;-0.01%;0.10%
01-08-24;-0.45%;0.28%;0.18%;0.27%;-0.12%;-1.03%;-1.09%;-0.96%;0.00%;-1.35%;-0.05%
02-08-24;-1.50%;0.37%;0.39%;-2.02%;-0.23%;-0.17%;-0.54%;-0.33%;0.00%;-0.51%;-1.22%
03-08-24;0.00%;0.00%;0.00%;-1.99%;-2.47%;0.67%;-0.04%;0.37%;0.00%;0.00%;0.00%
04-08-24;0.00%;0.00%;0.00%;0.00%;0.00%;0.00%;0.00%;0.00%;0.00%;0.00%;0.00%
05-08-24;-3.40%;0.50%;0.31%;1.29%;1.29%;1.29%;1.29%;1.29%;0.00%;1.29%;-0.27%
06-08-24;1.11%;0.22%;0.13%;-2.44%;-3.61%;0.83%;0.13%;0.29%;0.00%;0.68%;-1.39%
07-08-24;0.25%;-0.07%;0.05%;0.05%;0.32%;-1.52%;-0.92%;-1.25%;0.00%;-1.09%;-0.42%
08-08-24;1.51%;-0.02%;-0.04%;-0.59%;1.54%;-0.57%;-0.05%;-0.25%;0.00%;-0.34%;0.00%
09-08-24;0.37%;0.00%;0.20%;0.92%;-1.09%;-0.77%;-0.65%;-0.69%;0.00%;-0.72%;0.39%
10-08-24;0.00%;0.00%;0.00%;0.59%;1.63%;0.21%;0.20%;0.30%;0.00%;0.00%;0.00%
11-08-24;0.00%;0.00%;0.00%;0.00%;0.00%;0.00%;0.00%;0.00%;0.00%;0.00%;0.00%
12-08-24;0.02%;0.02%;0.07%;-0.49%;-0.49%;-0.49%;-0.49%;-0.49%;0.00%;-0.49%;0.20%
13-08-24;0.64%;0.22%;0.14%;-0.10%;0.49%;0.01%;0.05%;0.10%;0.00%;-0.07%;0.11%
14-08-24;0.41%;0.34%;0.25%;1.64%;0.23%;0.34%;0.25%;0.31%;0.00%;0.03%;1.01%
15-08-24;0.00%;0.00%;0.00%;0.59%;0.52%;0.17%;0.37%;0.29%;0.00%;0.00%;0.00%
16-08-24;0.86%;0.15%;0.12%;1.23%;-0.14%;-0.43%;-0.04%;-0.16%;0.00%;-0.10%;0.77%
17-08-24;0.00%;0.00%;0.00%;0.46%;1.63%;0.09%;0.20%;0.21%;0.00%;0.00%;0.00%
18-08-24;0.00%;0.00%;0.00%;0.00%;0.00%;0.00%;0.00%;0.00%;0.00%;0.00%;0.00%
19-08-24;0.03%;0.09%;0.20%;0.26%;0.26%;0.26%;0.26%;0.26%;0.00%;0.26%;0.72%
20-08-24;0.41%;0.31%;0.23%;0.48%;0.43%;-0.41%;-0.13%;-0.23%;0.00%;-0.48%;0.28%
21-08-24;0.11%;0.31%;0.21%;-0.80%;-0.64%;-0.51%;-0.55%;-0.46%;0.00%;-0.73%;-0.69%
22-08-24;-0.31%;0.15%;0.10%;0.03%;-0.71%;-0.25%;-0.28%;-0.28%;0.00%;-0.39%;-0.07%
23-08-24;-0.23%;0.10%;0.15%;-0.53%;0.14%;-0.13%;0.05%;-0.09%;0.00%;0.11%;-0.51%
24-08-24;0.00%;0.00%;0.00%;1.16%;-0.02%;0.26%;0.34%;0.30%;0.00%;0.00%;0.00%
25-08-24;0.00%;0.00%;0.00%;0.00%;0.00%;0.00%;0.00%;0.00%;0.00%;0.00%;0.00%
26-08-24;-0.34%;0.20%;0.12%;-0.98%;-0.98%;-0.97%;-0.98%;-0.98%;0.00%;-0.98%;0.27%
27-08-24;-0.90%;0.02%;-0.01%;-0.61%;-0.07%;-0.43%;-0.27%;-0.31%;0.00%;-0.40%;-0.48%
28-08-24;0.03%;0.03%;0.03%;0.15%;-0.41%;-0.10%;0.02%;0.02%;0.00%;0.00%;-0.20%
29-08-24;0.97%;-0.03%;0.00%;0.08%;0.30%;0.52%;0.51%;0.54%;0.00%;0.52%;0.10%
30-08-24;0.18%;0.05%;0.01%;0.61%;0.38%;0.48%;0.53%;0.52%;0.00%;0.58%;0.56%
31-08-24;0.00%;0.00%;0.00%;0.81%;0.45%;-0.09%;0.04%;-0.04%;0.00%;0.00%;0.00%
01-09-24;0.00%;0.00%;0.00%;0.00%;0.00%;0.00%;0.00%;0.00%;0.00%;0.00%;0.00%
02-09-24;-0.06%;0.10%;0.07%;-0.37%;-0.37%;-0.37%;-0.37%;-0.37%;0.00%;-0.37%;0.07%
03-09-24;-1.04%;0.05%;0.07%;0.08%;-0.20%;0.06%;0.14%;0.13%;0.00%;0.13%;-0.03%
04-09-24;0.04%;0.33%;0.16%;-0.55%;0.64%;1.52%;1.04%;1.23%;0.00%;1.20%;-0.09%
05-09-24;-0.43%;0.32%;0.28%;0.83%;-0.26%;1.61%;1.41%;1.45%;0.00%;1.25%;0.98%
06-09-24;-1.66%;0.19%;0.21%;0.05%;0.64%;0.54%;0.57%;0.57%;0.00%;0.39%;0.21%
07-09-24;0.00%;0.00%;0.00%;-1.37%;-0.11%;0.18%;0.07%;0.12%;0.00%;0.00%;0.00%
08-09-24;0.00%;0.00%;0.00%;0.00%;0.00%;0.00%;0.00%;0.00%;0.00%;0.00%;0.00%
09-09-24;-0.19%;0.27%;0.42%;0.17%;0.17%;0.18%;0.17%;0.17%;0.00%;0.17%;-0.65%
10-09-24;-0.31%;0.37%;0.30%;1.12%;-0.73%;0.39%;0.26%;0.30%;0.00%;0.32%;0.45%
11-09-24;1.29%;0.54%;0.32%;0.44%;0.24%;0.47%;0.25%;0.43%;0.00%;0.28%;0.20%
12-09-24;0.54%;0.22%;0.12%;0.18%;-0.94%;-0.45%;-0.62%;-0.54%;0.00%;-0.57%;-0.08%
13-09-24;0.10%;0.06%;0.09%;-0.14%;0.57%;-1.17%;-0.85%;-0.97%;0.00%;-1.05%;-0.20%
14-09-24;0.00%;0.00%;0.00%;0.66%;0.63%;0.15%;0.33%;0.31%;0.00%;0.00%;0.00%
15-09-24;0.00%;0.00%;0.00%;0.00%;0.00%;0.00%;0.00%;0.00%;0.00%;0.00%;0.00%
16-09-24;-0.03%;0.06%;0.01%;-0.86%;-0.86%;-0.85%;-0.86%;-0.86%;0.00%;-0.86%;0.04%
17-09-24;-0.20%;-0.02%;0.10%;-0.07%;0.11%;-0.03%;0.14%;0.16%;0.00%;-0.24%;0.10%
18-09-24;0.00%;0.00%;0.00%;-0.01%;0.42%;-0.08%;0.20%;0.18%;0.00%;0.00%;0.00%
19-09-24;0.00%;0.00%;0.00%;-0.30%;-0.25%;-0.23%;0.05%;-0.12%;0.00%;0.00%;0.00%
20-09-24;0.00%;0.00%;0.00%;1.64%;1.14%;-0.01%;0.36%;0.18%;0.00%;0.00%;0.00%
21-09-24;0.00%;0.00%;0.00%;-0.34%;0.57%;-0.08%;-0.03%;-0.10%;0.00%;0.00%;0.00%
22-09-24;0.00%;0.00%;0.00%;0.00%;0.00%;0.00%;0.00%;0.00%;0.00%;0.00%;0.00%
23-09-24;0.53%;0.24%;0.12%;0.41%;0.41%;0.41%;0.41%;0.41%;0.00%;0.41%;0.76%
24-09-24;1.14%;0.20%;0.12%;0.06%;0.13%;-0.20%;-0.28%;-0.34%;0.00%;-0.25%;0.03%
25-09-24;-0.13%;0.28%;0.16%;-1.07%;0.46%;-1.29%;-1.35%;-1.37%;0.00%;-1.45%;-0.25%
26-09-24;1.29%;0.38%;0.12%;-0.09%;0.51%;-0.13%;0.09%;-0.01%;0.00%;0.08%;-0.21%
27-09-24;0.06%;0.55%;0.36%;-0.58%;1.06%;-1.27%;-1.19%;-1.20%;0.00%;-1.25%;0.10%
28-09-24;0.00%;0.00%;0.00%;0.22%;0.99%;0.16%;0.15%;0.15%;0.00%;0.00%;0.00%
29-09-24;0.00%;0.00%;0.00%;0.00%;0.00%;0.00%;0.00%;0.00%;0.00%;0.00%;0.00%
30-09-24;-0.56%;0.37%;0.12%;-0.52%;-0.52%;-0.52%;-0.52%;-0.52%;3.29%;-0.52%;-0.08%
01-10-24;-0.57%;0.17%;0.24%;0.06%;-0.15%;0.04%;0.20%;0.18%;0.00%;2.92%;0.19%
02-10-24;-0.81%;0.08%;0.20%;-0.41%;0.53%;0.66%;0.31%;0.59%;0.00%;0.38%;0.10%
03-10-24;-0.05%;-0.41%;-0.28%;0.58%;2.09%;0.60%;0.71%;0.70%;0.00%;0.78%;0.81%
04-10-24;1.29%;-0.48%;-0.33%;0.96%;-0.03%;1.01%;1.13%;1.03%;0.00%;1.23%;0.30%
05-10-24;0.00%;0.00%;0.00%;0.62%;0.54%;-0.47%;-0.16%;-0.39%;0.00%;0.00%;0.00%
06-10-24;0.00%;0.00%;0.00%;0.00%;0.00%;0.00%;0.00%;0.00%;0.00%;0.00%;0.00%
07-10-24;-0.06%;-0.41%;-0.27%;0.46%;0.46%;0.46%;0.46%;0.46%;0.00%;0.46%;0.66%
08-10-24;0.23%;-0.29%;-0.17%;-0.30%;0.61%;-0.01%;0.11%;0.00%;0.00%;0.23%;-0.08%
09-10-24;0.68%;-0.30%;-0.23%;1.26%;-1.52%;0.87%;0.79%;0.81%;0.00%;0.83%;0.38%
10-10-24;0.52%;-0.32%;-0.37%;0.72%;-0.55%;0.01%;0.09%;0.07%;0.00%;0.13%;-0.28%
11-10-24;-0.07%;-0.25%;-0.22%;-0.52%;0.37%;-0.38%;-0.45%;-0.47%;0.00%;-0.38%;-0.31%
12-10-24;0.00%;0.00%;0.00%;0.57%;0.22%;0.02%;0.10%;-0.01%;0.00%;0.00%;0.00%
13-10-24;0.00%;0.00%;0.00%;0.00%;0.00%;0.00%;0.00%;0.00%;0.00%;0.00%;0.00%
14-10-24;0.00%;-0.09%;-0.08%;-0.56%;-0.56%;-0.56%;-0.56%;-0.56%;0.00%;-0.56%;0.01%
15-10-24;-0.20%;-0.11%;-0.15%;0.82%;0.29%;0.27%;0.22%;0.25%;0.00%;0.25%;0.27%
16-10-24;-0.22%;0.36%;0.12%;0.29%;0.06%;1.24%;1.25%;1.35%;0.00%;0.96%;0.23%
17-10-24;0.35%;0.38%;0.21%;0.61%;-0.06%;0.62%;0.50%;0.58%;0.00%;0.43%;0.49%
18-10-24;1.03%;0.13%;0.19%;0.46%;-0.39%;0.16%;0.22%;0.08%;0.00%;0.39%;-0.05%
19-10-24;0.00%;0.00%;0.00%;0.41%;1.75%;0.08%;0.09%;0.00%;0.00%;0.00%;0.00%
20-10-24;0.00%;0.00%;0.00%;0.00%;0.00%;0.00%;0.00%;0.00%;0.00%;0.00%;0.00%
21-10-24;0.40%;-0.07%;0.03%;0.21%;0.21%;0.21%;0.21%;0.21%;0.00%;0.21%;0.77%
22-10-24;0.10%;-0.20%;-0.13%;0.44%;0.20%;0.35%;0.56%;0.33%;0.00%;0.78%;-0.11%
23-10-24;0.16%;-0.44%;-0.28%;-0.81%;-1.11%;-0.68%;-0.80%;-0.85%;0.00%;-0.57%;-0.68%
24-10-24;0.55%;-0.11%;-0.23%;-0.99%;-0.12%;-0.21%;-0.31%;-0.31%;0.00%;-0.08%;-0.53%
25-10-24;0.40%;0.10%;-0.06%;-0.05%;-0.95%;-0.10%;-0.13%;-0.07%;0.00%;-0.31%;-0.06%
26-10-24;0.00%;0.00%;0.00%;-0.04%;0.03%;-0.11%;0.17%;0.09%;0.00%;0.00%;0.00%
27-10-24;0.00%;0.00%;0.00%;0.00%;0.00%;0.00%;0.00%;0.00%;0.00%;0.00%;0.00%
28-10-24;-0.23%;-0.09%;-0.10%;0.43%;0.43%;0.43%;0.43%;0.43%;0.00%;0.43%;0.23%
29-10-24;-0.87%;-0.29%;-0.15%;-0.07%;-0.22%;-0.44%;-0.27%;-0.45%;0.00%;-0.37%;-0.18%
30-10-24;-1.73%;-0.08%;-0.04%;0.56%;0.41%;0.50%;0.55%;0.60%;0.00%;0.53%;0.28%
31-10-24;0.00%;0.00%;0.00%;-0.31%;-0.88%;-0.09%;0.13%;0.08%;0.00%;0.00%;0.00%
01-11-24;0.00%;0.00%;0.00%;-1.60%;-0.61%;-0.02%;-0.22%;-0.17%;0.00%;0.00%;0.00%
02-11-24;0.00%;0.00%;0.00%;0.36%;0.25%;-0.23%;-0.02%;-0.29%;0.00%;0.00%;0.00%
03-11-24;0.00%;0.00%;0.00%;0.00%;0.00%;0.00%;0.00%;0.00%;0.00%;0.00%;0.00%
04-11-24;1.13%;0.23%;0.08%;1.09%;1.09%;1.09%;1.09%;1.09%;0.00%;1.09%;-0.18%
05-11-24;-1.46%;0.14%;0.15%;-0.60%;0.18%;-0.22%;-0.33%;-0.29%;0.00%;-0.50%;-0.24%
06-11-24;0.67%;-0.02%;0.04%;0.83%;0.65%;-0.15%;-0.18%;-0.23%;0.00%;-0.17%;0.47%
07-11-24;-0.28%;-0.02%;0.02%;3.02%;0.79%;1.08%;1.28%;1.08%;0.00%;1.42%;1.64%
08-11-24;-0.59%;0.37%;0.33%;-0.89%;-1.07%;-1.52%;-1.29%;-1.12%;0.00%;-1.83%;-0.49%
09-11-24;0.00%;0.00%;0.00%;0.12%;-0.43%;0.21%;0.12%;0.32%;0.00%;0.00%;0.00%
10-11-24;0.00%;0.00%;0.00%;0.00%;0.00%;0.00%;0.00%;0.00%;0.00%;0.00%;0.00%
11-11-24;0.27%;0.10%;0.33%;1.26%;1.26%;1.27%;1.26%;1.26%;0.00%;1.26%;0.43%
12-11-24;-0.47%;-0.26%;-0.07%;1.90%;0.93%;1.89%;1.64%;1.79%;0.00%;1.79%;1.52%
13-11-24;0.73%;-0.08%;0.05%;-0.24%;-1.70%;-0.01%;0.12%;-0.04%;0.00%;0.33%;-0.73%
14-11-24;-1.13%;0.08%;0.07%;-0.38%;-1.08%;-0.33%;-0.25%;-0.28%;0.00%;-0.22%;-0.28%
15-11-24;0.66%;-0.19%;-0.13%;-1.00%;-1.48%;-0.59%;-0.65%;-0.67%;0.00%;-0.63%;-0.81%
16-11-24;0.00%;0.00%;0.00%;-1.12%;0.05%;0.01%;-0.27%;-0.22%;0.00%;0.00%;0.00%
17-11-24;0.00%;0.00%;0.00%;0.00%;0.00%;0.00%;0.00%;0.00%;0.00%;0.00%;0.00%
18-11-24;0.22%;0.01%;0.07%;-0.10%;-0.10%;-0.09%;-0.10%;-0.10%;0.00%;-0.10%;-0.51%
19-11-24;0.06%;0.26%;0.10%;0.61%;0.68%;0.28%;0.30%;0.20%;0.00%;0.24%;0.49%
20-11-24;0.34%;-0.05%;0.13%;0.04%;0.11%;-0.26%;-0.17%;-0.11%;0.00%;-0.37%;-0.01%
21-11-24;0.22%;0.14%;-0.01%;-0.22%;-0.15%;-0.16%;-0.09%;-0.03%;0.00%;-0.05%;-0.07%
22-11-24;-0.38%;0.06%;0.06%;0.42%;-0.91%;-0.13%;-0.07%;-0.10%;0.00%;-0.14%;0.11%
23-11-24;0.00%;0.00%;0.00%;0.33%;0.17%;0.12%;-0.17%;0.00%;0.00%;0.00%;0.00%
24-11-24;0.00%;0.00%;0.00%;0.00%;0.00%;0.00%;0.00%;0.00%;0.00%;0.00%;0.00%
25-11-24;-0.21%;0.04%;0.10%;1.10%;1.10%;1.11%;1.10%;1.10%;0.00%;1.10%;0.97%
26-11-24;0.11%;0.27%;0.08%;-0.11%;-0.07%;0.01%;-0.12%;0.01%;0.00%;-0.53%;0.19%
27-11-24;0.30%;0.37%;0.21%;0.04%;-0.67%;-0.25%;-0.25%;-0.24%;0.00%;-0.19%;-0.24%
28-11-24;0.14%;0.28%;0.06%;-0.07%;0.10%;0.23%;0.28%;0.28%;0.00%;0.04%;0.38%
29-11-24;-0.09%;0.21%;0.10%;0.28%;-0.53%;0.31%;0.18%;0.20%;0.00%;0.20%;-0.16%
30-11-24;0.00%;0.00%;0.00%;0.56%;-0.10%;0.29%;0.16%;0.22%;0.00%;0.00%;0.00%
01-12-24;0.00%;0.00%;0.00%;0.00%;0.00%;0.00%;0.00%;0.00%;0.00%;0.00%;0.00%
02-12-24;0.85%;0.07%;0.09%;0.03%;0.03%;0.04%;0.03%;0.03%;0.00%;0.03%;0.48%
03-12-24;-0.11%;-0.12%;0.06%;0.35%;0.87%;0.28%;0.08%;0.21%;0.00%;0.15%;0.23%
04-12-24;0.05%;0.02%;0.10%;-0.32%;0.36%;-0.75%;-0.51%;-0.68%;0.00%;-0.65%;-0.27%
05-12-24;0.38%;0.02%;0.07%;0.68%;0.44%;0.37%;0.31%;0.34%;0.00%;0.17%;0.28%
06-12-24;-0.14%;-0.03%;0.00%;-0.31%;-0.11%;-0.29%;-0.12%;-0.15%;0.00%;-0.28%;-0.19%
07-12-24;0.00%;0.00%;0.00%;0.18%;0.25%;0.13%;0.13%;0.22%;0.00%;0.00%;0.00%
08-12-24;0.00%;0.00%;0.00%;0.00%;0.00%;0.00%;0.00%;0.00%;0.00%;0.00%;0.00%
09-12-24;0.90%;0.13%;0.08%;0.00%;0.00%;0.00%;0.00%;0.00%;0.00%;0.00%;0.12%
10-12-24;0.08%;-0.01%;0.08%;-0.62%;0.64%;-0.23%;-0.04%;-0.17%;0.00%;-0.18%;0.14%
11-12-24;0.15%;-0.06%;-0.05%;-0.29%;0.06%;0.22%;0.08%;0.15%;0.00%;0.26%;-0.42%
12-12-24;0.69%;-0.16%;-0.08%;1.02%;0.05%;0.23%;0.36%;0.28%;0.00%;0.35%;0.53%
13-12-24;-0.14%;-0.18%;-0.03%;-0.44%;0.45%;-0.26%;-0.10%;-0.19%;0.00%;-0.01%;-0.42%
14-12-24;0.00%;0.00%;0.00%;-0.22%;-0.53%;-0.24%;-0.16%;-0.31%;0.00%;0.00%;0.00%
15-12-24;0.00%;0.00%;0.00%;0.00%;0.00%;0.00%;0.00%;0.00%;0.00%;0.00%;0.00%
16-12-24;0.48%;-0.14%;-0.07%;0.77%;0.77%;0.78%;0.77%;0.77%;0.00%;0.77%;0.16%
17-12-24;-0.94%;-0.36%;-0.18%;0.94%;0.33%;0.72%;0.71%;0.60%;0.00%;0.68%;0.40%
18-12-24;0.01%;-0.13%;-0.12%;-0.29%;-0.81%;0.07%;-0.03%;-0.03%;0.00%;0.09%;-0.36%
19-12-24;-0.48%;-0.20%;-0.05%;-2.68%;-0.05%;-0.57%;-0.51%;-0.59%;0.00%;-0.25%;-1.36%
20-12-24;0.03%;-0.31%;-0.07%;0.14%;-0.45%;0.51%;0.19%;0.21%;0.00%;0.80%;-0.48%
21-12-24;0.00%;0.00%;0.00%;0.74%;-0.87%;0.19%;0.10%;0.08%;0.00%;0.00%;0.00%
22-12-24;0.00%;0.00%;0.00%;0.00%;0.00%;0.00%;0.00%;0.00%;0.00%;0.00%;0.00%
23-12-24;-0.47%;-0.13%;-0.07%;-0.52%;-0.52%;-0.52%;-0.52%;-0.52%;0.00%;-0.52%;0.10%
24-12-24;0.19%;-0.38%;-0.17%;0.75%;1.06%;0.00%;0.15%;0.06%;0.00%;0.16%;0.02%
25-12-24;0.00%;0.00%;0.00%;0.87%;0.28%;0.01%;0.02%;0.02%;0.00%;0.00%;0.00%
26-12-24;0.16%;-0.27%;-0.25%;-0.36%;-0.29%;-0.38%;-0.37%;-0.37%;0.00%;-0.37%;0.10%
27-12-24;0.24%;-0.49%;-0.29%;0.20%;0.10%;0.22%;0.29%;0.21%;0.00%;0.19%;0.11%
28-12-24;0.00%;0.00%;0.00%;-0.61%;-0.14%;-0.14%;0.01%;-0.06%;0.00%;0.00%;0.00%
29-12-24;0.00%;0.00%;0.00%;0.00%;0.00%;0.00%;0.00%;0.00%;0.00%;0.00%;0.00%
30-12-24;0.12%;0.07%;-0.04%;0.12%;0.12%;0.12%;0.12%;0.12%;0.00%;0.12%;-0.09%
31-12-24;0.00%;0.25%;0.08%;-0.97%;-0.41%;0.27%;-0.02%;0.13%;0.23%;0.00%;-0.29%
01-01-25;0.00%;0.00%;0.00%;-0.29%;-0.27%;-0.01%;-0.03%;-0.04%;0.00%;1.39%;0.00%
02-01-25;-0.38%;0.01%;0.13%;0.44%;0.53%;0.44%;0.44%;0.44%;0.00%;0.44%;0.21%
03-01-25;0.25%;0.29%;0.29%;0.20%;-0.11%;0.37%;0.35%;0.42%;0.00%;0.34%;0.02%
04-01-25;0.00%;0.00%;0.00%;0.94%;0.21%;-0.14%;0.19%;0.07%;0.00%;0.00%;0.00%
05-01-25;0.00%;0.00%;0.00%;0.00%;0.00%;0.00%;0.00%;0.00%;0.00%;0.00%;0.00%
06-01-25;1.08%;-0.02%;0.01%;1.19%;1.19%;1.19%;1.19%;1.19%;0.00%;1.19%;1.26%
07-01-25;0.38%;-0.28%;-0.12%;0.60%;0.45%;-0.15%;0.29%;-0.04%;0.00%;-0.08%;0.34%
08-01-25;-0.59%;-0.44%;-0.20%;-1.30%;-0.40%;-0.73%;-0.65%;-0.74%;0.00%;-0.51%;-0.69%
09-01-25;0.57%;-0.21%;-0.19%;0.13%;-0.70%;0.13%;-0.09%;0.06%;0.00%;0.16%;-0.03%
10-01-25;0.17%;-0.12%;-0.09%;-0.36%;-0.76%;-0.42%;-0.35%;-0.30%;0.00%;-0.36%;-0.21%
11-01-25;0.00%;0.00%;0.00%;-1.44%;-0.88%;-0.34%;-0.39%;-0.40%;0.00%;0.00%;0.00%
12-01-25;0.00%;0.00%;0.00%;0.00%;0.00%;0.00%;0.00%;0.00%;0.00%;0.00%;0.00%
13-01-25;-0.75%;-0.26%;0.01%;0.52%;0.52%;0.53%;0.52%;0.52%;0.00%;0.52%;-0.78%
14-01-25;0.91%;-0.22%;-0.14%;0.26%;-1.35%;0.24%;0.04%;0.10%;0.00%;0.35%;-0.12%
15-01-25;1.07%;0.03%;-0.02%;-0.60%;0.53%;-0.84%;-0.53%;-0.72%;0.00%;-0.80%;-0.06%
16-01-25;0.81%;0.14%;0.20%;1.40%;-0.01%;0.31%;0.29%;0.36%;0.00%;-0.27%;1.12%
17-01-25;0.05%;0.23%;0.11%;0.94%;1.90%;1.07%;0.94%;1.02%;0.00%;0.87%;1.07%
18-01-25;0.00%;0.00%;0.00%;0.82%;0.33%;0.06%;0.09%;0.05%;0.00%;0.00%;0.00%
19-01-25;0.00%;0.00%;0.00%;0.00%;0.00%;0.00%;0.00%;0.00%;0.00%;0.00%;0.00%
20-01-25;0.69%;0.24%;0.18%;0.17%;0.17%;0.17%;0.17%;0.17%;0.00%;0.17%;0.51%
21-01-25;0.37%;0.32%;0.31%;-0.76%;-0.07%;-1.00%;-0.86%;-1.04%;0.00%;-1.04%;-0.47%
22-01-25;-0.13%;0.47%;0.43%;0.78%;0.08%;0.24%;0.28%;0.35%;0.00%;0.02%;0.57%
23-01-25;0.30%;0.10%;0.11%;-0.15%;-0.58%;-0.78%;-0.60%;-0.67%;0.00%;-0.69%;-0.32%
24-01-25;0.26%;-0.10%;0.00%;-0.07%;-0.63%;-0.68%;-0.63%;-0.68%;0.00%;-0.54%;-0.27%
25-01-25;0.00%;0.00%;0.00%;0.02%;0.80%;0.04%;0.31%;0.16%;0.00%;0.00%;0.00%
26-01-25;0.00%;0.00%;0.00%;0.00%;0.00%;0.00%;0.00%;0.00%;0.00%;0.00%;0.00%
27-01-25;-0.51%;0.12%;0.07%;-0.70%;-0.70%;-0.70%;-0.70%;-0.70%;0.00%;-0.70%;-0.20%
28-01-25;0.12%;0.18%;0.01%;-0.86%;0.05%;0.62%;0.27%;0.50%;0.00%;0.27%;-0.38%
29-01-25;0.75%;-0.30%;-0.06%;1.25%;0.80%;0.65%;0.64%;0.74%;0.00%;0.65%;0.62%
30-01-25;1.82%;-0.21%;-0.10%;-0.32%;0.18%;-0.13%;-0.05%;-0.03%;0.00%;-0.11%;0.06%
31-01-25;-0.22%;-0.10%;-0.07%;0.37%;0.03%;-0.13%;-0.13%;-0.12%;0.00%;-0.29%;0.37%
01-02-25;0.00%;0.00%;0.00%;-0.44%;-0.21%;0.01%;-0.06%;-0.06%;0.00%;0.00%;0.00%
02-02-25;0.00%;0.00%;0.00%;0.00%;0.00%;0.00%;0.00%;0.00%;0.00%;0.00%;0.00%
03-02-25;0.07%;-0.11%;-0.10%;-0.39%;-0.39%;-0.39%;-0.39%;-0.39%;0.00%;-0.39%;-0.27%
04-02-25;0.86%;-0.05%;0.13%;-0.75%;-1.52%;0.47%;0.01%;0.26%;0.00%;0.29%;-0.51%
05-02-25;0.10%;0.17%;0.08%;-0.19%;0.80%;-0.93%;-0.73%;-0.86%;0.00%;-0.97%;0.02%
06-02-25;0.41%;0.20%;0.15%;-0.25%;-0.57%;-0.49%;-0.51%;-0.40%;0.00%;-0.83%;-0.16%
07-02-25;-0.18%;0.09%;0.19%;0.20%;0.40%;-0.18%;-0.25%;-0.16%;0.00%;-0.19%;0.06%
08-02-25;0.00%;0.00%;0.00%;-0.81%;0.57%;-0.20%;-0.18%;-0.16%;0.00%;0.00%;0.00%
09-02-25;0.00%;0.00%;0.00%;0.00%;0.00%;0.00%;0.00%;0.00%;0.00%;0.00%;0.00%
10-02-25;0.10%;0.21%;0.36%;-0.73%;-0.73%;-0.72%;-0.73%;-0.73%;0.00%;-0.73%;-1.01%
11-02-25;-0.22%;-0.03%;0.09%;0.58%;0.03%;0.05%;0.01%;-0.01%;0.00%;0.02%;0.25%
12-02-25;0.05%;-0.32%;-0.15%;0.14%;-0.23%;-0.09%;0.05%;-0.09%;0.00%;0.11%;-0.09%
13-02-25;0.57%;-0.17%;-0.05%;-0.72%;0.04%;-0.89%;-0.62%;-0.86%;0.00%;-0.55%;-0.94%
14-02-25;0.41%;0.08%;-0.02%;0.45%;-0.54%;-0.35%;-0.40%;-0.35%;0.00%;-0.75%;0.24%
15-02-25;0.00%;0.00%;0.00%;0.14%;1.07%;0.13%;0.37%;0.38%;0.00%;0.00%;0.00%
16-02-25;0.00%;0.00%;0.00%;0.00%;0.00%;0.00%;0.00%;0.00%;0.00%;0.00%;0.00%
17-02-25;-0.70%;0.04%;0.07%;-1.06%;-1.06%;-1.06%;-1.06%;-1.06%;0.00%;-1.06%;-0.12%
18-02-25;-0.08%;-0.21%;-0.08%;0.89%;1.28%;0.73%;0.76%;0.80%;0.00%;0.80%;0.65%
19-02-25;-0.22%;-0.15%;-0.12%;0.58%;1.10%;0.12%;0.29%;0.17%;0.00%;0.35%;0.27%
20-02-25;0.53%;0.03%;-0.06%;0.05%;-0.04%;0.11%;0.00%;0.10%;0.00%;0.14%;0.07%
21-02-25;-0.12%;0.17%;0.05%;-1.07%;-1.14%;-0.69%;-0.61%;-0.67%;0.00%;-0.75%;-0.37%
22-02-25;0.00%;0.00%;0.00%;-1.30%;1.31%;0.30%;0.00%;0.24%;0.00%;0.00%;0.00%
23-02-25;0.00%;0.00%;0.00%;0.00%;0.00%;0.00%;0.00%;0.00%;0.00%;0.00%;0.00%
24-02-25;-0.01%;0.17%;0.09%;-0.23%;-0.23%;-0.22%;-0.23%;-0.23%;0.00%;-0.23%;-0.51%
25-02-25;0.05%;0.21%;-0.06%;0.08%;-0.53%;0.57%;0.54%;0.58%;0.00%;0.47%;0.10%
26-02-25;0.43%;0.13%;0.09%;-0.99%;-1.81%;-0.29%;-0.47%;-0.27%;0.00%;-0.63%;-0.43%
27-02-25;0.57%;-0.23%;-0.05%;0.26%;1.24%;0.24%;0.27%;0.33%;0.00%;0.08%;0.37%
28-02-25;-0.71%;-0.14%;0.06%;-0.41%;0.03%;0.95%;0.82%;0.96%;0.00%;1.00%;0.04%
01-03-25;0.00%;0.00%;0.00%;1.01%;-2.41%;0.26%;0.01%;0.21%;0.00%;0.00%;0.00%
02-03-25;0.00%;0.00%;0.00%;0.00%;0.00%;0.00%;0.00%;0.00%;0.00%;0.00%;0.00%
03-03-25;0.21%;0.14%;0.14%;0.32%;0.32%;0.32%;0.32%;0.32%;0.00%;0.32%;0.33%
04-03-25;-0.43%;0.17%;0.15%;-1.04%;-0.11%;-0.12%;0.08%;0.02%;0.00%;-0.12%;-0.33%
05-03-25;0.22%;0.26%;0.12%;-1.66%;-0.84%;-0.55%;-0.50%;-0.50%;0.00%;-0.45%;-0.95%
06-03-25;0.44%;-0.02%;-0.03%;0.12%;0.77%;-1.89%;-0.91%;-1.45%;0.00%;-1.29%;-0.31%
07-03-25;0.15%;0.08%;0.11%;-2.32%;0.32%;-1.35%;-1.30%;-1.38%;0.00%;-1.09%;-1.02%
08-03-25;0.00%;0.00%;0.00%;0.26%;-0.23%;0.01%;0.14%;0.12%;0.00%;0.00%;0.00%
09-03-25;0.00%;0.00%;0.00%;0.00%;0.00%;0.00%;0.00%;0.00%;0.00%;0.00%;0.00%
10-03-25;-0.10%;0.19%;0.12%;0.19%;0.19%;0.19%;0.19%;0.19%;0.00%;0.19%;0.31%
11-03-25;-0.03%;0.23%;0.10%;-2.08%;-1.05%;0.52%;0.13%;0.44%;0.00%;0.31%;-0.65%
12-03-25;0.35%;0.03%;0.06%;-0.09%;0.33%;0.44%;0.64%;0.55%;0.00%;0.68%;0.07%
13-03-25;0.76%;-0.04%;-0.05%;0.00%;-0.35%;-0.69%;-0.55%;-0.67%;0.00%;-0.55%;-0.36%
14-03-25;0.74%;0.05%;-0.03%;-0.34%;0.39%;0.99%;0.44%;0.80%;0.00%;0.85%;0.36%
15-03-25;0.00%;0.00%;0.00%;1.83%;1.22%;-0.11%;0.14%;-0.06%;0.00%;0.00%;0.00%
16-03-25;0.00%;0.00%;0.00%;0.00%;0.00%;0.00%;0.00%;0.00%;0.00%;0.00%;0.00%
17-03-25;1.21%;0.06%;0.07%;-0.84%;-0.84%;-0.84%;-0.84%;-0.84%;0.00%;-0.84%;0.54%
18-03-25;-0.19%;-0.02%;0.00%;-0.11%;0.08%;-0.80%;-0.76%;-0.84%;0.00%;-0.97%;0.00%
19-03-25;0.12%;-0.01%;0.03%;-1.25%;0.68%;-0.55%;-0.58%;-0.59%;0.00%;-0.58%;-0.39%
20-03-25;-0.27%;0.15%;0.07%;0.77%;-0.18%;0.15%;0.11%;0.17%;0.00%;-0.02%;0.45%
21-03-25;0.14%;0.20%;0.07%;0.69%;0.70%;0.98%;0.98%;1.11%;0.00%;0.91%;0.55%
22-03-25;0.00%;0.00%;0.00%;-0.09%;-0.80%;-0.03%;-0.23%;-0.21%;0.00%;0.00%;0.00%
23-03-25;0.00%;0.00%;0.00%;0.00%;0.00%;0.00%;0.00%;0.00%;0.00%;0.00%;0.00%
24-03-25;0.61%;-0.07%;0.07%;0.64%;0.64%;0.65%;0.64%;0.64%;0.00%;0.64%;0.34%
25-03-25;-0.31%;-0.16%;-0.04%;0.62%;-0.20%;-0.84%;-0.49%;-0.76%;0.00%;-0.62%;-0.06%
26-03-25;-0.15%;0.02%;0.02%;-0.40%;-1.28%;-0.68%;-0.62%;-0.61%;0.00%;-0.70%;-0.35%
27-03-25;0.76%;-0.07%;-0.01%;-0.89%;0.32%;0.03%;-0.11%;-0.06%;0.00%;0.12%;-0.44%
28-03-25;0.52%;-0.07%;-0.01%;0.83%;1.08%;1.16%;1.02%;0.98%;0.00%;1.16%;0.77%
29-03-25;0.00%;0.00%;0.00%;-1.62%;-0.84%;0.37%;-0.15%;0.13%;0.00%;0.00%;0.00%
30-03-25;0.00%;0.00%;0.00%;0.00%;0.00%;0.00%;0.00%;0.00%;0.00%;0.00%;0.00%
31-03-25;-0.52%;0.11%;0.02%;1.53%;1.53%;1.53%;1.53%;1.53%;1.79%;1.53%;0.55%
01-04-25;0.43%;0.15%;0.16%;0.58%;-1.00%;0.89%;0.58%;0.81%;0.00%;2.18%;0.42%
02-04-25;0.17%;0.24%;0.24%;-0.14%;0.13%;-0.50%;-0.54%;-0.47%;0.00%;-0.71%;0.09%
03-04-25;0.20%;0.50%;0.32%;0.90%;0.48%;0.37%;0.54%;0.39%;0.00%;0.37%;0.43%
04-04-25;-2.65%;0.75%;0.53%;-4.11%;-1.12%;0.15%;-0.69%;-0.44%;0.00%;-0.34%;-1.53%
05-04-25;0.00%;0.00%;0.00%;-6.01%;-1.38%;0.23%;-1.32%;-0.59%;0.00%;0.00%;0.00%
06-04-25;0.00%;0.00%;0.00%;0.00%;0.00%;0.00%;0.00%;0.00%;0.00%;0.00%;0.00%
07-04-25;-3.35%;0.43%;0.32%;3.04%;3.04%;3.04%;3.04%;3.04%;0.00%;3.04%;-0.79%
08-04-25;-1.12%;-0.12%;0.08%;-0.28%;-6.71%;0.96%;0.17%;0.17%;0.00%;1.51%;-1.52%
09-04-25;3.85%;-0.41%;-0.16%;-0.06%;0.44%;-0.10%;0.41%;0.18%;0.00%;0.32%;-0.24%
10-04-25;-1.22%;-0.26%;-0.19%;6.88%;-0.28%;0.47%;0.75%;0.03%;0.00%;0.61%;2.28%
11-04-25;0.75%;-0.41%;-0.16%;-2.33%;2.39%;-1.32%;-0.67%;-0.93%;0.00%;-1.11%;-0.89%
12-04-25;0.00%;0.00%;0.00%;1.44%;1.59%;-0.10%;0.08%;-0.59%;0.00%;0.00%;0.00%
13-04-25;0.00%;0.00%;0.00%;0.00%;0.00%;0.00%;0.00%;0.00%;0.00%;0.00%;0.00%
14-04-25;1.75%;-0.25%;-0.13%;-1.11%;-1.11%;-1.11%;-1.11%;-1.11%;0.00%;-1.11%;-0.24%
15-04-25;1.52%;0.27%;0.05%;-0.01%;0.22%;-0.85%;-0.23%;-0.23%;0.00%;-1.24%;0.56%
16-04-25;0.22%;0.15%;-0.01%;0.37%;1.06%;0.18%;0.34%;0.41%;0.00%;0.11%;0.42%
17-04-25;1.24%;-0.12%;-0.07%;-1.34%;-0.83%;0.50%;0.33%;0.34%;0.00%;0.21%;-0.06%
18-04-25;0.00%;0.00%;0.00%;0.17%;0.77%;-0.01%;0.26%;0.13%;0.00%;0.00%;0.00%
19-04-25;0.00%;0.00%;0.00%;0.06%;0.14%;0.01%;0.00%;0.00%;0.00%;0.00%;0.00%
20-04-25;0.00%;0.00%;0.00%;0.00%;0.00%;0.00%;0.00%;0.00%;0.00%;0.00%;0.00%
21-04-25;-0.76%;0.02%;-0.09%;-0.05%;-0.05%;-0.05%;-0.05%;-0.05%;0.00%;-0.05%;0.23%
22-04-25;0.78%;-0.06%;-0.10%;-2.28%;-0.47%;-1.05%;-0.81%;-1.05%;0.00%;-0.78%;-1.21%
23-04-25;1.30%;0.08%;0.08%;0.71%;-0.97%;-1.03%;-0.86%;-0.97%;0.00%;-1.16%;0.28%
24-04-25;0.91%;0.14%;0.06%;0.15%;0.78%;-1.23%;-0.82%;-0.72%;0.00%;-1.27%;-0.07%
25-04-25;-0.07%;-0.04%;0.00%;1.62%;-0.29%;0.35%;0.28%;0.29%;0.00%;-0.02%;1.05%
26-04-25;0.00%;0.00%;0.00%;0.63%;0.38%;0.11%;0.28%;0.35%;0.00%;0.00%;0.00%
27-04-25;0.00%;0.00%;0.00%;0.00%;0.00%;0.00%;0.00%;0.00%;0.00%;0.00%;0.00%
28-04-25;-0.04%;0.00%;0.02%;-0.11%;-0.11%;-0.11%;-0.11%;-0.11%;0.00%;-0.11%;0.23%
29-04-25;0.86%;0.08%;0.03%;0.37%;0.59%;0.22%;0.18%;0.24%;0.00%;0.09%;0.52%
30-04-25;-0.20%;0.06%;0.12%;1.36%;1.15%;0.98%;0.89%;0.99%;0.00%;0.84%;1.21%
01-05-25;0.00%;0.00%;0.00%;0.24%;0.67%;0.06%;-0.30%;-0.15%;0.00%;0.00%;0.00%
02-05-25;0.00%;0.01%;0.02%;1.30%;1.00%;0.95%;1.03%;0.97%;0.00%;1.08%;0.99%
03-05-25;0.00%;0.00%;0.00%;1.66%;1.92%;-0.31%;0.22%;-0.22%;0.00%;0.00%;0.00%
04-05-25;0.00%;0.00%;0.00%;0.00%;0.00%;0.00%;0.00%;0.00%;0.00%;0.00%;0.00%
05-05-25;-0.14%;-0.06%;0.08%;-1.55%;-1.55%;-1.55%;-1.55%;-1.55%;0.00%;-1.55%;-0.86%
06-05-25;0.56%;-0.09%;-0.06%;-0.53%;0.49%;-0.13%;-0.14%;-0.20%;0.00%;-0.08%;-0.26%
07-05-25;1.22%;-0.03%;0.00%;-0.60%;-0.23%;0.03%;0.00%;0.03%;0.00%;-0.05%;0.01%
08-05-25;-0.10%;-0.01%;0.11%;0.90%;0.62%;0.79%;0.82%;0.89%;0.00%;0.61%;0.78%
09-05-25;0.80%;-0.04%;-0.07%;-0.15%;-0.78%;-0.75%;-0.51%;-0.58%;0.00%;-0.45%;-0.39%
10-05-25;0.00%;0.00%;0.00%;0.12%;0.43%;-0.03%;0.04%;0.03%;0.00%;0.00%;0.00%
11-05-25;0.00%;0.00%;0.00%;0.00%;0.00%;0.00%;0.00%;0.00%;0.00%;0.00%;0.00%
12-05-25;1.07%;-0.10%;-0.02%;-0.85%;-0.85%;-0.85%;-0.85%;-0.85%;0.00%;-0.85%;-0.39%
13-05-25;0.54%;-0.14%;-0.15%;3.05%;2.89%;0.52%;1.29%;1.08%;0.00%;0.85%;1.61%
14-05-25;1.16%;-0.11%;-0.12%;0.67%;-0.54%;-0.17%;0.20%;0.02%;0.00%;-0.11%;0.37%
15-05-25;-0.65%;0.02%;-0.01%;0.13%;1.38%;-0.24%;-0.09%;-0.17%;0.00%;-0.08%;-0.01%
16-05-25;-0.26%;0.23%;0.09%;0.41%;0.10%;0.38%;-0.02%;0.21%;0.00%;0.09%;0.47%
17-05-25;0.00%;0.00%;0.00%;0.56%;-0.05%;0.12%;0.06%;0.12%;0.00%;0.00%;0.00%
18-05-25;0.00%;0.00%;0.00%;0.00%;0.00%;0.00%;0.00%;0.00%;0.00%;0.00%;0.00%
19-05-25;0.08%;0.00%;0.06%;0.45%;0.45%;0.45%;0.45%;0.45%;0.00%;0.45%;0.40%
20-05-25;0.37%;-0.06%;-0.02%;-0.51%;-1.31%;-0.83%;-0.65%;-0.85%;0.00%;-0.83%;-0.47%
21-05-25;0.00%;0.00%;0.00%;-0.10%;0.07%;-0.16%;0.09%;0.06%;0.00%;0.00%;0.00%
22-05-25;-0.55%;-0.11%;-0.05%;-0.45%;1.21%;0.24%;0.45%;0.25%;0.00%;0.59%;-0.05%
23-05-25;0.42%;-0.05%;-0.05%;0.00%;-0.49%;0.34%;0.12%;0.24%;0.00%;0.28%;-0.14%
24-05-25;0.00%;0.00%;0.00%;-0.42%;0.49%;0.16%;0.01%;0.06%;0.00%;0.00%;0.00%
25-05-25;0.00%;0.00%;0.00%;0.00%;0.00%;0.00%;0.00%;0.00%;0.00%;0.00%;0.00%
26-05-25;-0.08%;0.07%;0.05%;-0.43%;-0.43%;-0.43%;-0.43%;-0.43%;0.00%;-0.43%;-0.33%
27-05-25;-0.38%;0.02%;0.03%;0.03%;-0.34%;-0.18%;-0.18%;-0.27%;0.00%;-0.27%;-0.03%
28-05-25;-1.21%;0.01%;-0.06%;1.41%;-0.55%;0.33%;0.28%;0.36%;0.00%;-0.04%;0.86%
29-05-25;-0.56%;-0.11%;0.03%;-0.36%;0.23%;0.12%;0.19%;0.18%;0.00%;0.24%;-0.37%
30-05-25;-1.64%;0.10%;0.09%;0.14%;0.25%;-0.11%;-0.07%;-0.11%;0.00%;-0.30%;0.07%
31-05-25;0.00%;0.00%;0.00%;0.04%;-1.08%;0.14%;0.02%;0.09%;0.00%;0.00%;0.00%
01-06-25;0.00%;0.00%;0.00%;0.00%;0.00%;0.00%;0.00%;0.00%;0.00%;0.00%;0.00%
02-06-25;-0.02%;0.13%;0.08%;0.49%;0.49%;0.49%;0.49%;0.49%;0.00%;0.49%;0.02%
03-06-25;0.68%;0.02%;0.04%;0.22%;-0.55%;-0.36%;-0.11%;-0.36%;0.00%;-0.25%;-0.12%
04-06-25;0.67%;0.07%;0.05%;0.54%;0.61%;0.24%;0.30%;0.37%;0.00%;0.20%;0.51%
05-06-25;-0.15%;0.17%;0.03%;-0.25%;0.75%;-0.27%;-0.24%;-0.15%;0.00%;-0.49%;0.32%
06-06-25;0.26%;-0.04%;0.04%;-1.01%;0.22%;-0.77%;-0.65%;-0.68%;0.00%;-0.65%;-0.63%
07-06-25;0.00%;0.00%;0.00%;0.65%;0.03%;-0.21%;-0.12%;-0.16%;0.00%;0.00%;0.00%
08-06-25;0.00%;0.00%;0.00%;0.00%;0.00%;0.00%;0.00%;0.00%;0.00%;0.00%;0.00%
09-06-25;0.03%;0.02%;0.12%;0.33%;0.33%;0.33%;0.33%;0.33%;0.00%;0.33%;0.12%
10-06-25;0.60%;-0.02%;-0.14%;0.46%;1.26%;0.41%;0.43%;0.42%;0.00%;0.34%;0.56%
11-06-25;1.06%;0.06%;0.06%;0.60%;0.82%;0.37%;0.36%;0.42%;0.00%;0.19%;0.44%
12-06-25;-0.54%;0.01%;-0.01%;-0.41%;0.45%;-0.12%;0.00%;0.00%;0.00%;-0.27%;0.25%
13-06-25;-0.68%;-0.02%;-0.01%;-0.27%;-1.12%;-0.41%;-0.50%;-0.49%;0.00%;-0.65%;-0.29%
14-06-25;0.00%;0.00%;0.00%;-1.10%;-1.05%;-0.23%;-0.25%;-0.29%;0.00%;0.00%;0.00%
15-06-25;0.00%;0.00%;0.00%;0.00%;0.00%;0.00%;0.00%;0.00%;0.00%;0.00%;0.00%
16-06-25;-0.48%;0.00%;0.01%;0.81%;0.81%;0.81%;0.81%;0.81%;0.00%;0.81%;-0.31%
17-06-25;-0.84%;0.10%;0.07%;0.63%;0.36%;-0.34%;-0.09%;-0.26%;0.00%;-0.27%;0.25%
18-06-25;-0.05%;0.12%;0.05%;-0.44%;0.35%;0.56%;0.32%;0.54%;0.00%;0.44%;-0.07%
19-06-25;-0.17%;0.00%;-0.01%;0.37%;0.14%;0.54%;0.41%;0.47%;0.00%;0.43%;0.33%
20-06-25;0.00%;0.00%;0.00%;-0.31%;-1.35%;-0.01%;-0.08%;0.00%;0.00%;0.00%;0.00%
21-06-25;0.00%;0.00%;0.00%;-0.14%;1.07%;0.04%;0.15%;-0.04%;0.00%;0.00%;0.00%
22-06-25;0.00%;0.00%;0.00%;0.00%;0.00%;0.00%;0.00%;0.00%;0.00%;0.00%;0.00%
23-06-25;-0.52%;0.00%;0.07%;0.39%;0.39%;0.39%;0.39%;0.39%;0.00%;0.39%;0.18%
24-06-25;1.31%;0.05%;0.01%;0.95%;-0.30%;0.50%;0.49%;0.51%;0.00%;0.33%;0.69%
25-06-25;-0.09%;-0.11%;0.02%;0.02%;1.19%;-1.14%;-0.78%;-0.89%;0.00%;-1.30%;0.26%
26-06-25;0.44%;-0.06%;-0.07%;-0.37%;0.57%;-0.19%;-0.08%;-0.07%;0.00%;-0.17%;-0.04%
27-06-25;0.41%;0.09%;-0.02%;0.27%;-0.06%;-0.45%;-0.32%;-0.42%;0.00%;-0.60%;0.26%
28-06-25;0.00%;0.00%;0.00%;0.63%;0.17%;-0.13%;0.05%;-0.01%;0.00%;0.00%;0.00%
29-06-25;0.00%;0.00%;0.00%;0.00%;0.00%;0.00%;0.00%;0.00%;0.00%;0.00%;0.00%
30-06-25;0.41%;0.06%;0.06%;0.54%;0.54%;0.54%;0.54%;0.54%;2.31%;0.54%;0.46%
01-07-25;-0.39%;0.06%;0.03%;0.19%;-0.69%;-0.06%;0.01%;0.01%;0.00%;2.81%;0.37%
02-07-25;0.65%;-0.02%;-0.01%;-0.85%;-0.18%;-0.65%;-0.53%;-0.51%;0.00%;-0.73%;-0.52%
03-07-25;0.23%;-0.04%;-0.09%;0.36%;0.11%;-0.18%;-0.01%;-0.05%;0.00%;-0.01%;0.10%
04-07-25;-0.05%;-0.03%;-0.01%;0.82%;0.74%;0.09%;0.24%;0.19%;0.00%;0.15%;0.30%
05-07-25;0.00%;0.00%;0.00%;-0.04%;-0.42%;0.03%;0.04%;0.00%;0.00%;0.00%;0.00%
06-07-25;0.00%;0.00%;0.00%;0.00%;0.00%;0.00%;0.00%;0.00%;0.00%;0.00%;0.00%
07-07-25;-0.31%;0.05%;0.01%;0.48%;0.48%;0.48%;0.48%;0.48%;0.00%;0.48%;0.27%
08-07-25;0.68%;0.07%;0.02%;0.20%;0.41%;0.66%;0.70%;0.70%;0.00%;0.85%;0.01%
09-07-25;0.13%;0.04%;-0.06%;0.42%;0.98%;0.39%;0.35%;0.40%;0.00%;0.54%;0.56%
10-07-25;0.14%;0.03%;0.02%;0.95%;0.04%;0.51%;0.50%;0.55%;0.00%;0.31%;0.64%
11-07-25;-1.27%;-0.02%;0.02%;0.43%;0.51%;0.19%;0.22%;0.27%;0.00%;0.22%;0.21%
12-07-25;0.00%;0.00%;0.00%;-0.42%;-0.17%;-0.24%;-0.14%;-0.24%;0.00%;0.00%;0.00%
13-07-25;0.00%;0.00%;0.00%;0.00%;0.00%;0.00%;0.00%;0.00%;0.00%;0.00%;0.00%
14-07-25;0.03%;-0.13%;-0.07%;0.56%;0.56%;0.56%;0.56%;0.56%;0.00%;0.56%;-0.18%
15-07-25;-0.94%;0.01%;0.00%;1.31%;1.16%;1.14%;1.13%;1.10%;0.00%;1.20%;0.86%
16-07-25;0.00%;0.00%;0.00%;-0.50%;0.96%;-0.10%;-0.15%;-0.09%;0.00%;0.00%;0.00%
17-07-25;0.65%;0.04%;0.07%;-0.05%;-0.24%;-0.03%;-0.24%;-0.19%;0.00%;-0.16%;-0.55%
18-07-25;-0.31%;0.07%;0.03%;0.73%;0.27%;0.14%;0.16%;0.10%;0.00%;0.12%;0.64%
19-07-25;0.00%;0.00%;0.00%;0.13%;0.66%;0.06%;0.22%;0.19%;0.00%;0.00%;0.00%
20-07-25;0.00%;0.00%;0.00%;0.00%;0.00%;0.00%;0.00%;0.00%;0.00%;0.00%;0.00%
21-07-25;-0.69%;0.10%;0.08%;-0.54%;-0.54%;-0.54%;-0.54%;-0.54%;0.00%;-0.54%;-0.34%
22-07-25;-0.07%;0.15%;0.07%;-0.35%;-0.18%;-0.21%;-0.22%;-0.22%;0.00%;-0.51%;-0.10%
23-07-25;0.23%;0.09%;0.12%;-0.27%;-0.77%;-0.20%;-0.19%;-0.19%;0.00%;-0.34%;0.01%
24-07-25;0.02%;-0.03%;0.06%;0.51%;0.89%;-0.65%;-0.37%;-0.49%;0.00%;-0.47%;0.04%
25-07-25;0.88%;0.03%;0.02%;0.47%;0.42%;0.07%;0.36%;0.29%;0.00%;0.25%;0.06%
26-07-25;0.00%;0.00%;0.00%;0.08%;-0.75%;0.07%;-0.03%;0.10%;0.00%;0.00%;0.00%
27-07-25;0.00%;0.00%;0.00%;0.00%;0.00%;0.00%;0.00%;0.00%;0.00%;0.00%;0.00%
28-07-25;-1.66%;0.12%;0.13%;0.69%;0.69%;0.69%;0.69%;0.69%;0.00%;0.69%;0.58%
29-07-25;0.52%;0.06%;0.16%;1.04%;1.06%;1.30%;1.23%;1.35%;0.00%;1.24%;0.53%
30-07-25;0.06%;0.08%;0.13%;-0.36%;-0.21%;0.26%;-0.06%;0.32%;0.00%;0.04%;0.30%
31-07-25;0.72%;-0.03%;0.10%;0.65%;0.84%;0.71%;0.68%;0.75%;0.00%;0.82%;0.34%
01-08-25;-0.30%;0.08%;0.09%;-0.60%;-0.86%;-0.06%;-0.14%;-0.05%;0.00%;-0.13%;-0.49%
02-08-25;0.00%;0.00%;0.00%;-1.32%;-1.38%;0.37%;0.05%;0.17%;0.00%;0.00%;0.00%
03-08-25;0.00%;0.00%;0.00%;0.00%;0.00%;0.00%;0.00%;0.00%;0.00%;0.00%;0.00%
04-08-25;0.62%;0.23%;0.11%;-0.96%;-0.96%;-0.96%;-0.96%;-0.96%;0.00%;-0.96%;-0.76%
05-08-25;-0.16%;0.03%;0.10%;0.91%;0.58%;-0.15%;-0.08%;-0.08%;0.00%;-0.33%;0.67%
06-08-25;0.58%;0.04%;0.13%;-0.05%;0.92%;0.25%;0.28%;0.32%;0.00%;0.18%;0.17%
07-08-25;1.28%;0.01%;0.12%;1.81%;0.94%;1.03%;1.21%;1.06%;0.00%;1.07%;1.15%
08-08-25;1.84%;0.05%;0.10%;-0.34%;0.82%;-0.48%;-0.39%;-0.37%;0.00%;-0.47%;-0.12%
09-08-25;0.00%;0.00%;0.00%;0.67%;-0.52%;-0.16%;0.07%;-0.01%;0.00%;0.00%;0.00%
10-08-25;0.00%;0.00%;0.00%;0.00%;0.00%;0.00%;0.00%;0.00%;0.00%;0.00%;0.00%
11-08-25;0.83%;0.16%;0.33%;-0.64%;-0.64%;-0.65%;-0.64%;-0.64%;0.00%;-0.64%;-0.22%
12-08-25;-0.05%;0.00%;0.13%;0.14%;0.58%;0.46%;0.43%;0.59%;0.00%;0.43%;0.48%
13-08-25;1.66%;0.04%;-0.04%;0.28%;-0.63%;-0.89%;-0.55%;-0.67%;0.00%;-0.78%;0.17%
14-08-25;0.04%;-0.02%;-0.04%;-0.52%;0.55%;-0.75%;-0.69%;-0.65%;0.00%;-1.04%;0.07%
15-08-25;0.00%;0.00%;0.00%;-0.07%;-0.38%;-0.19%;-0.13%;-0.06%;0.00%;0.00%;0.00%
16-08-25;0.00%;0.00%;0.00%;0.03%;0.04%;-0.20%;0.06%;-0.08%;0.00%;0.00%;0.00%
17-08-25;0.00%;0.00%;0.00%;0.00%;0.00%;0.00%;0.00%;0.00%;0.00%;0.00%;0.00%
18-08-25;0.97%;-0.04%;0.00%;0.99%;0.99%;0.99%;0.99%;0.99%;0.00%;0.99%;0.41%
19-08-25;-0.90%;-0.07%;-0.04%;0.37%;0.52%;0.39%;0.42%;0.49%;0.00%;0.46%;0.54%
20-08-25;-0.54%;-0.13%;-0.23%;-0.65%;-0.45%;-0.19%;-0.26%;-0.17%;0.00%;-0.28%;-0.47%
21-08-25;0.48%;-0.10%;-0.19%;0.01%;-0.69%;0.23%;0.05%;0.07%;0.00%;0.15%;-0.10%
22-08-25;1.39%;0.13%;0.11%;-0.03%;0.52%;0.20%;0.17%;0.16%;0.00%;0.37%;0.13%
23-08-25;0.00%;0.00%;0.00%;1.46%;0.40%;0.27%;0.45%;0.29%;0.00%;0.00%;0.00%
24-08-25;0.00%;0.00%;0.00%;0.00%;0.00%;0.00%;0.00%;0.00%;0.00%;0.00%;0.00%
25-08-25;0.35%;0.20%;0.20%;-0.46%;-0.46%;-0.46%;-0.46%;-0.46%;0.00%;-0.46%;1.11%
26-08-25;-0.58%;0.01%;0.02%;-0.61%;1.32%;-0.25%;-0.20%;-0.26%;0.00%;-0.17%;-0.15%
27-08-25;0.62%;-0.06%;0.04%;0.34%;-0.75%;0.35%;0.21%;0.18%;0.00%;0.26%;0.21%
28-08-25;0.39%;0.04%;0.03%;0.46%;-0.02%;0.44%;0.33%;0.38%;0.00%;0.38%;0.45%
29-08-25;-0.16%;-0.02%;-0.04%;0.34%;-0.73%;-0.03%;0.15%;0.12%;0.00%;-0.12%;0.34%
30-08-25;0.00%;0.00%;0.00%;-0.53%;-0.22%;-0.05%;0.07%;-0.03%;0.00%;0.00%;0.00%
31-08-25;0.00%;0.00%;0.00%;0.00%;0.00%;0.00%;0.00%;0.00%;0.00%;0.00%;0.00%
01-09-25;0.27%;0.10%;0.13%;-0.23%;-0.23%;-0.23%;-0.23%;-0.23%;0.00%;-0.23%;-0.32%
02-09-25;0.69%;0.05%;0.08%;0.31%;0.96%;0.26%;0.33%;0.32%;0.00%;0.32%;0.34%
03-09-25;0.74%;0.01%;0.11%;-0.21%;0.51%;0.42%;0.26%;0.34%;0.00%;0.60%;-0.23%
04-09-25;1.18%;0.03%;0.05%;-0.10%;-0.35%;-0.27%;-0.32%;-0.25%;0.00%;-0.48%;0.15%
05-09-25;0.41%;0.10%;0.06%;0.92%;-0.24%;0.42%;0.32%;0.44%;0.00%;0.18%;0.65%
06-09-25;0.00%;0.00%;0.00%;0.06%;1.15%;0.34%;0.43%;0.44%;0.00%;0.00%;0.00%
07-09-25;0.00%;0.00%;0.00%;0.00%;0.00%;0.00%;0.00%;0.00%;0.00%;0.00%;0.00%
08-09-25;-1.21%;0.19%;0.11%;-0.69%;-0.69%;-0.69%;-0.69%;-0.69%;0.00%;-0.69%;0.30%
09-09-25;-1.09%;-0.06%;-0.01%;0.57%;0.74%;0.50%;0.18%;0.25%;0.00%;0.26%;0.22%
10-09-25;-0.11%;-0.09%;-0.02%;0.13%;0.97%;-0.19%;-0.10%;-0.06%;0.00%;-0.07%;-0.21%
11-09-25;1.84%;0.12%;0.02%;-0.12%;0.59%;-0.28%;-0.19%;-0.07%;0.00%;-0.38%;0.09%
12-09-25;-1.54%;0.10%;0.03%;-0.01%;-0.55%;-0.65%;-0.54%;-0.49%;0.00%;-0.76%;0.29%
13-09-25;0.00%;0.00%;0.00%;-0.06%;1.19%;-0.12%;-0.10%;-0.10%;0.00%;0.00%;0.00%
14-09-25;0.00%;0.00%;0.00%;0.00%;0.00%;0.00%;0.00%;0.00%;0.00%;0.00%;0.00%
15-09-25;1.01%;0.03%;-0.01%;-0.09%;-0.09%;-0.09%;-0.09%;-0.09%;0.00%;-0.09%;-0.36%
16-09-25;-0.24%;0.03%;0.08%;0.14%;-0.13%;-0.21%;-0.25%;-0.32%;0.00%;-0.36%;0.15%
17-09-25;-0.56%;0.06%;0.07%;-0.35%;0.60%;-0.25%;-0.02%;-0.09%;0.00%;-0.27%;-0.07%
18-09-25;0.00%;0.00%;0.00%;-0.11%;0.59%;-0.01%;-0.05%;-0.07%;0.00%;0.00%;0.00%
19-09-25;0.00%;0.00%;0.00%;0.34%;-0.15%;-0.17%;-0.25%;-0.31%;0.00%;0.00%;0.00%
20-09-25;0.00%;0.00%;0.00%;0.34%;-0.36%;-0.07%;-0.11%;-0.19%;0.00%;0.00%;0.00%
21-09-25;0.00%;0.00%;0.00%;0.00%;0.00%;0.00%;0.00%;0.00%;0.00%;0.00%;0.00%
22-09-25;1.11%;0.05%;0.07%;0.26%;0.26%;0.26%;0.26%;0.26%;0.00%;0.26%;0.34%
23-09-25;0.28%;-0.04%;-0.01%;0.75%;0.60%;0.34%;0.74%;0.74%;0.00%;0.39%;0.20%
24-09-25;-0.30%;-0.06%;-0.01%;-0.56%;0.02%;-0.11%;-0.02%;0.06%;0.00%;-0.19%;0.05%
25-09-25;-0.72%;-0.05%;-0.05%;-0.34%;0.45%;-0.05%;0.07%;0.18%;0.00%;0.04%;-0.32%
26-09-25;-0.20%;0.08%;0.06%;-0.25%;-0.27%;0.22%;-0.03%;0.10%;0.00%;0.33%;-0.33%
27-09-25;0.00%;0.00%;0.00%;0.56%;-1.36%;0.01%;-0.06%;-0.13%;0.00%;0.00%;0.00%
28-09-25;0.00%;0.00%;0.00%;0.00%;0.00%;0.00%;0.00%;0.00%;0.00%;0.00%;0.00%
29-09-25;-0.28%;0.12%;0.17%;0.26%;0.26%;0.26%;0.26%;0.26%;0.00%;0.26%;0.28%
30-09-25;-0.27%;0.12%;0.13%;0.57%;1.32%;0.46%;0.31%;0.28%;2.78%;0.24%;0.66%
01-10-25;-0.34%;0.12%;0.04%;0.55%;0.60%;0.11%;0.04%;-0.01%;0.00%;2.44%;0.25%
02-10-25;-0.40%;0.03%;0.04%;0.04%;0.17%;-0.22%;-0.33%;-0.30%;0.00%;-0.33%;0.04%
03-10-25;-0.10%;-0.02%;0.00%;0.36%;1.35%;0.31%;0.31%;0.40%;0.00%;0.24%;0.26%
04-10-25;0.00%;0.00%;0.00%;0.23%;0.45%;-0.04%;0.16%;0.13%;0.00%;0.00%;0.00%
05-10-25;0.00%;0.00%;0.00%;0.00%;0.00%;0.00%;0.00%;0.00%;0.00%;0.00%;0.00%
06-10-25;-0.65%;0.07%;0.04%;0.17%;0.17%;0.17%;0.17%;0.17%;0.00%;0.17%;0.12%
07-10-25;-0.01%;0.01%;0.00%;0.33%;-0.13%;-0.14%;0.00%;-0.05%;0.00%;-0.01%;-0.07%
08-10-25;0.83%;0.12%;0.11%;-0.62%;0.06%;-0.08%;-0.30%;-0.13%;0.00%;-0.15%;-0.25%
09-10-25;-0.95%;0.03%;-0.03%;-0.59%;-1.28%;-1.00%;-1.20%;-1.05%;0.00%;-1.06%;-0.64%
10-10-25;-1.54%;0.01%;0.02%;-0.61%;0.00%;-0.33%;-0.43%;-0.22%;0.00%;-0.28%;-0.36%
11-10-25;0.00%;0.00%;0.00%;-2.33%;-0.75%;0.29%;-0.37%;-0.12%;0.00%;0.00%;0.00%
12-10-25;0.00%;0.00%;0.00%;0.00%;0.00%;0.00%;0.00%;0.00%;0.00%;0.00%;0.00%
13-10-25;1.24%;0.08%;0.07%;0.59%;0.59%;0.59%;0.59%;0.59%;0.00%;0.59%;-0.80%
14-10-25;2.31%;0.00%;0.05%;1.47%;-0.56%;0.39%;0.30%;0.34%;0.00%;0.34%;0.89%
15-10-25;0.99%;0.03%;-0.03%;0.44%;-0.44%;0.85%;0.81%;0.72%;0.00%;0.63%;0.40%
16-10-25;0.01%;-0.01%;0.05%;0.13%;1.53%;-0.36%;-0.06%;-0.22%;0.00%;-0.45%;0.52%
17-10-25;0.19%;0.01%;-0.04%;-0.57%;0.63%;-0.17%;-0.21%;-0.14%;0.00%;-0.34%;-0.13%
18-10-25;0.00%;0.00%;0.00%;0.10%;-1.26%;-0.04%;-0.17%;-0.10%;0.00%;0.00%;0.00%
19-10-25;0.00%;0.00%;0.00%;0.00%;0.00%;0.00%;0.00%;0.00%;0.00%;0.00%;0.00%
20-10-25;0.32%;0.07%;0.08%;0.44%;0.44%;0.44%;0.44%;0.44%;0.00%;0.44%;0.12%
21-10-25;-0.46%;0.04%;0.00%;0.40%;0.84%;-0.68%;-0.57%;-0.53%;0.00%;-0.75%;0.36%
22-10-25;-0.65%;-0.01%;0.02%;-0.25%;-0.12%;-0.03%;-0.10%;0.12%;0.00%;-0.15%;-0.06%
23-10-25;1.04%;0.05%;0.02%;-0.57%;-0.40%;-0.11%;-0.21%;-0.18%;0.00%;-0.14%;-0.57%
24-10-25;0.38%;0.06%;-0.07%;-0.06%;-0.45%;-0.66%;-0.52%;-0.64%;0.00%;-0.54%;-0.21%
25-10-25;0.00%;0.00%;0.00%;0.64%;0.58%;-0.02%;0.19%;0.11%;0.00%;0.00%;0.00%
26-10-25;0.00%;0.00%;0.00%;0.00%;0.00%;0.00%;0.00%;0.00%;0.00%;0.00%;0.00%
27-10-25;0.26%;0.08%;0.06%;-0.20%;-0.20%;-0.20%;-0.20%;-0.20%;0.00%;-0.20%;0.48%
28-10-25;0.26%;0.04%;-0.01%;0.52%;0.77%;-0.47%;0.11%;0.13%;0.00%;-0.56%;0.35%
29-10-25;0.96%;0.05%;-0.05%;0.53%;-0.01%;0.45%;0.46%;0.48%;0.00%;0.37%;0.24%
30-10-25;1.07%;-0.09%;-0.02%;-0.14%;0.86%;-0.34%;-0.12%;-0.20%;0.00%;-0.11%;-0.19%
31-10-25;0.00%;0.00%;0.00%;-0.98%;-0.33%;-0.09%;-0.31%;-0.13%;0.00%;0.00%;0.00%
01-11-25;0.00%;0.00%;0.00%;0.21%;-0.72%;-0.03%;-0.04%;0.00%;0.00%;0.00%;0.00%
02-11-25;0.00%;0.00%;0.00%;0.00%;0.00%;0.00%;0.00%;0.00%;0.00%;0.00%;0.00%
03-11-25;0.87%;0.03%;0.05%;0.33%;0.33%;0.33%;0.33%;0.33%;0.00%;0.33%;-0.10%
04-11-25;-1.84%;0.06%;0.06%;-0.23%;0.30%;-0.40%;-0.45%;-0.37%;0.00%;-0.34%;0.04%
05-11-25;1.08%;0.01%;-0.04%;-0.60%;-0.72%;0.54%;0.25%;0.37%;0.00%;0.49%;-0.49%
06-11-25;0.28%;-0.04%;0.01%;0.27%;-0.70%;-0.14%;0.09%;-0.11%;0.00%;0.05%;0.12%
07-11-25;1.47%;0.04%;0.03%;-1.26%;0.28%;-0.33%;-0.37%;-0.34%;0.00%;-0.50%;-0.26%
08-11-25;0.00%;0.00%;0.00%;0.04%;-0.87%;-0.05%;-0.02%;-0.06%;0.00%;0.00%;0.00%
09-11-25;0.00%;0.00%;0.00%;0.00%;0.00%;0.00%;0.00%;0.00%;0.00%;0.00%;0.00%
10-11-25;0.60%;0.11%;0.06%;0.57%;0.57%;0.57%;0.57%;0.57%;0.00%;0.57%;0.28%
11-11-25;0.48%;0.12%;0.04%;0.81%;0.77%;-0.57%;-0.36%;-0.48%;0.00%;-0.57%;0.59%
12-11-25;1.80%;0.05%;0.01%;0.03%;-0.24%;-0.38%;-0.34%;-0.42%;0.00%;-0.42%;0.10%
13-11-25;-1.71%;0.06%;0.01%;-0.24%;-0.12%;-0.35%;-0.35%;-0.26%;0.00%;-0.48%;-0.05%
14-11-25;-1.03%;0.08%;0.06%;-2.03%;-0.58%;-0.92%;-0.85%;-0.87%;0.00%;-0.73%;-1.19%
15-11-25;0.00%;0.00%;0.00%;-0.31%;-1.73%;-0.16%;-0.15%;-0.13%;0.00%;0.00%;0.00%
16-11-25;0.00%;0.00%;0.00%;0.00%;0.00%;0.00%;0.00%;0.00%;0.00%;0.00%;0.00%
17-11-25;2.96%;0.23%;0.12%;0.75%;0.75%;0.75%;0.75%;0.75%;0.00%;0.75%;0.01%
18-11-25;-0.89%;0.16%;0.08%;-2.26%;-1.22%;-1.34%;-1.40%;-1.31%;0.00%;-1.38%;-1.11%
19-11-25;0.62%;0.04%;0.05%;-0.09%;-0.87%;1.05%;0.90%;0.99%;0.00%;1.02%;-0.06%
20-11-25;-0.67%;0.01%;0.03%;0.38%;0.12%;0.18%;0.20%;0.22%;0.00%;0.23%;0.31%
21-11-25;0.19%;-0.09%;0.01%;-1.35%;0.57%;-0.20%;-0.22%;-0.19%;0.00%;-0.25%;-0.26%
22-11-25;0.00%;0.00%;0.00%;0.61%;-2.78%;0.14%;-0.08%;-0.04%;0.00%;0.00%;0.00%
23-11-25;0.00%;0.00%;0.00%;0.00%;0.00%;0.00%;0.00%;0.00%;0.00%;0.00%;0.00%
24-11-25;-0.20%;-0.03%;-0.03%;0.90%;0.90%;0.90%;0.90%;0.90%;0.00%;0.90%;0.36%
25-11-25;1.37%;0.07%;0.03%;1.50%;0.84%;0.34%;0.47%;0.40%;0.00%;0.24%;0.81%
26-11-25;0.45%;0.07%;-0.01%;0.63%;0.61%;-0.10%;-0.09%;-0.19%;0.00%;-0.26%;0.65%
27-11-25;0.75%;0.00%;-0.01%;0.21%;0.63%;-0.62%;-0.47%;-0.59%;0.00%;-0.67%;0.31%
28-11-25;0.54%;0.06%;0.02%;-0.12%;-0.26%;-0.19%;-0.16%;-0.19%;0.00%;-0.19%;-0.03%
29-11-25;0.00%;0.00%;0.00%;0.53%;-0.25%;-0.05%;0.16%;0.03%;0.00%;0.00%;0.00%
30-11-25;0.00%;0.00%;0.00%;0.00%;0.00%;0.00%;0.00%;0.00%;0.00%;0.00%;0.00%
01-12-25;0.15%;0.00%;0.06%;-0.11%;-0.11%;-0.11%;-0.11%;-0.11%;0.00%;-0.11%;0.20%
02-12-25;0.05%;0.02%;-0.04%;-0.47%;0.08%;-0.34%;-0.10%;-0.20%;0.00%;-0.02%;-0.34%
03-12-25;0.29%;-0.12%;-0.03%;-0.11%;0.14%;-0.23%;-0.22%;-0.22%;0.00%;-0.28%;0.12%
04-12-25;0.02%;0.06%;-0.01%;-0.26%;-0.68%;-0.57%;-0.36%;-0.44%;0.00%;-0.64%;-0.25%
05-12-25;0.44%;0.11%;0.00%;0.22%;0.15%;-0.28%;-0.12%;-0.19%;0.00%;-0.14%;-0.01%
06-12-25;0.00%;0.00%;0.00%;0.01%;0.63%;-0.12%;-0.03%;-0.06%;0.00%;0.00%;0.00%
07-12-25;0.00%;0.00%;0.00%;0.00%;0.00%;0.00%;0.00%;0.00%;0.00%;0.00%;0.00%
08-12-25;0.00%;0.00%;0.00%;0.00%;0.00%;0.00%;0.00%;0.00%;0.00%;0.00%;0.00%
09-12-25;-0.40%;0.07%;0.06%;-0.10%;0.30%;0.03%;0.05%;0.05%;0.00%;0.20%;-0.12%
10-12-25;-0.07%;0.03%;0.02%;0.63%;0.19%;0.73%;0.66%;0.64%;0.00%;0.74%;0.18%
11-12-25;1.75%;0.03%;0.04%;0.25%;-0.02%;-0.19%;-0.23%;-0.19%;0.00%;-0.31%;0.38%
12-12-25;0.40%;0.02%;0.04%;-0.33%;-1.16%;-0.71%;-0.49%;-0.66%;0.00%;-0.77%;-0.25%
13-12-25;0.00%;0.00%;0.00%;-0.82%;0.98%;-0.17%;-0.06%;-0.03%;0.00%;0.00%;0.00%
14-12-25;0.00%;0.00%;0.00%;0.00%;0.00%;0.00%;0.00%;0.00%;0.00%;0.00%;0.00%
15-12-25;-0.85%;0.00%;0.03%;-0.46%;-0.46%;-0.47%;-0.46%;-0.46%;0.00%;-0.46%;-0.36%
16-12-25;-1.01%;0.09%;-0.01%;-0.04%;-1.23%;0.03%;0.09%;0.09%;0.00%;-0.07%;-0.21%
17-12-25;-0.51%;-0.01%;0.09%;-0.17%;-1.36%;0.29%;0.24%;0.31%;0.00%;0.19%;-0.52%
18-12-25;0.58%;-0.02%;0.10%;-0.53%;0.87%;0.39%;0.35%;0.33%;0.00%;0.41%;0.04%
19-12-25;1.04%;0.01%;-0.03%;0.43%;-0.32%;-0.15%;-0.17%;-0.13%;0.00%;-0.27%;0.06%
20-12-25;0.00%;0.00%;0.00%;0.71%;0.77%;-0.16%;0.02%;-0.03%;0.00%;0.00%;0.00%
21-12-25;0.00%;0.00%;0.00%;0.00%;0.00%;0.00%;0.00%;0.00%;0.00%;0.00%;0.00%
22-12-25;0.79%;0.01%;-0.05%;-0.56%;-0.56%;-0.56%;-0.56%;-0.56%;0.00%;-0.56%;0.20%
23-12-25;0.16%;-0.04%;0.03%;0.49%;0.96%;-0.22%;0.00%;-0.13%;0.00%;-0.16%;0.35%
24-12-25;-0.14%;0.05%;0.05%;0.26%;0.04%;-0.11%;-0.17%;-0.21%;0.00%;-0.22%;-0.02%
25-12-25;0.00%;0.00%;0.00%;0.23%;0.36%;0.10%;0.06%;0.08%;0.00%;0.00%;0.00%
26-12-25;0.89%;0.04%;0.14%;-0.15%;-0.17%;-0.16%;-0.15%;-0.15%;0.00%;-0.15%;0.10%
27-12-25;0.00%;0.00%;0.00%;-0.03%;0.41%;0.02%;-0.01%;0.00%;0.00%;0.00%;0.00%
28-12-25;0.00%;0.00%;0.00%;0.00%;0.00%;0.00%;0.00%;0.00%;0.00%;0.00%;0.00%
29-12-25;0.35%;0.05%;0.07%;-0.06%;-0.06%;-0.06%;-0.06%;-0.06%;0.00%;-0.06%;0.22%
30-12-25;-0.32%;0.08%;0.08%;0.47%;1.05%;0.85%;0.82%;0.84%;0.00%;0.73%;0.56%
31-12-25;0.00%;0.04%;0.05%;-0.06%;0.07%;-0.05%;0.03%;-0.02%;2.88%;0.00%;0.13%
01-01-26;0.00%;0.00%;0.00%;-0.62%;0.13%;-0.04%;-0.02%;-0.03%;0.00%;1.44%;0.00%
02-01-26;-0.49%;0.08%;0.03%;-0.44%;-0.38%;-0.45%;-0.45%;-0.45%;0.00%;-0.45%;-0.70%
03-01-26;0.00%;0.00%;0.00%;0.33%;1.71%;-0.18%;0.02%;-0.04%;0.00%;0.00%;0.00%
04-01-26;0.00%;0.00%;0.00%;0.00%;0.00%;0.00%;0.00%;0.00%;0.00%;0.00%;0.00%
05-01-26;2.36%;0.06%;0.09%;-0.62%;-0.62%;-0.62%;-0.62%;-0.62%;0.00%;-0.62%;0.05%
06-01-26;2.10%;0.01%;-0.03%;1.13%;1.90%;0.54%;0.49%;0.51%;0.00%;0.40%;1.30%
07-01-26;-0.39%;0.09%;-0.02%;-0.28%;0.19%;-0.91%;-0.87%;-0.95%;0.00%;-0.92%;0.39%
08-01-26;0.34%;0.09%;0.02%;-0.53%;-0.45%;-0.03%;-0.15%;-0.16%;0.00%;-0.17%;-0.49%
09-01-26;0.13%;0.08%;-0.05%;0.04%;-0.53%;0.10%;0.06%;-0.01%;0.00%;0.17%;0.06%
10-01-26;0.00%;0.00%;0.00%;0.60%;-0.02%;0.13%;0.09%;0.13%;0.00%;0.00%;0.00%
11-01-26;0.00%;0.00%;0.00%;0.00%;0.00%;0.00%;0.00%;0.00%;0.00%;0.00%;0.00%
12-01-26;1.23%;0.01%;-0.01%;-0.15%;-0.15%;-0.15%;-0.15%;-0.15%;0.00%;-0.15%;0.28%
13-01-26;1.62%;-0.03%;-0.07%;-0.85%;-0.15%;-1.08%;-1.01%;-1.14%;0.00%;-1.10%;-0.50%
14-01-26;-0.23%;0.04%;0.09%;-0.27%;0.22%;-0.20%;-0.19%;-0.16%;0.00%;-0.20%;0.12%
15-01-26;-1.08%;0.12%;0.11%;-0.36%;0.35%;-0.03%;-0.15%;-0.07%;0.00%;-0.14%;-0.06%
16-01-26;0.54%;0.05%;0.07%;0.42%;0.13%;0.19%;0.21%;0.29%;0.00%;0.21%;0.34%
17-01-26;0.00%;0.00%;0.00%;-0.06%;0.46%;-0.14%;0.00%;-0.07%;0.00%;0.00%;0.00%
18-01-26;0.00%;0.00%;0.00%;0.00%;0.00%;0.00%;0.00%;0.00%;0.00%;0.00%;0.00%
19-01-26;-0.10%;0.01%;0.02%;0.28%;0.28%;0.28%;0.28%;0.28%;0.00%;0.28%;-0.07%
20-01-26;0.11%;-0.06%;0.01%;0.06%;0.30%;0.15%;0.24%;0.19%;0.00%;0.19%;0.19%
21-01-26;0.80%;0.00%;0.02%;-1.49%;-0.30%;-0.15%;0.03%;-0.23%;0.00%;0.10%;-0.70%
22-01-26;2.08%;0.02%;0.00%;-0.58%;-1.30%;-1.14%;-1.10%;-1.02%;0.00%;-1.28%;0.07%
23-01-26;0.01%;0.03%;0.01%;0.00%;0.31%;-0.62%;-0.43%;-0.52%;0.00%;-0.68%;0.21%
24-01-26;0.00%;0.00%;0.00%;0.12%;0.40%;0.03%;0.06%;0.10%;0.00%;0.00%;0.00%
25-01-26;0.00%;0.00%;0.00%;0.00%;0.00%;0.00%;0.00%;0.00%;0.00%;0.00%;0.00%
26-01-26;0.40%;0.02%;-0.01%;-0.17%;-0.17%;-0.17%;-0.17%;-0.17%;0.00%;-0.17%;0.15%
27-01-26;0.62%;-0.15%;-0.09%;-0.24%;-0.34%;-0.73%;-0.56%;-0.73%;0.00%;-0.89%;-0.39%
28-01-26;0.04%;-0.07%;-0.02%;0.48%;1.19%;-0.16%;0.02%;-0.10%;0.00%;-0.09%;0.71%
29-01-26;-0.83%;0.04%;0.00%;-0.67%;1.32%;-0.46%;-0.54%;-0.52%;0.00%;-0.49%;-0.13%
30-01-26;-0.84%;0.10%;0.12%;-0.08%;-0.07%;0.12%;-0.04%;0.05%;0.00%;0.06%;-0.01%
31-01-26;0.00%;0.00%;0.00%;-0.41%;-1.73%;-0.04%;-0.04%;-0.04%;0.00%;0.00%;0.00%
01-02-26;0.00%;0.00%;0.00%;0.00%;0.00%;0.00%;0.00%;0.00%;0.00%;0.00%;0.00%
02-02-26;0.48%;0.04%;0.02%;0.77%;0.77%;0.77%;0.77%;0.77%;0.00%;0.77%;0.05%
03-02-26;1.05%;-0.01%;0.01%;0.64%;-1.86%;0.34%;0.30%;0.41%;0.00%;0.39%;-0.05%
04-02-26;-1.50%;-0.03%;0.00%;-1.38%;1.74%;-1.07%;-0.99%;-1.01%;0.00%;-1.04%;0.03%
05-02-26;-1.50%;0.05%;0.09%;-0.62%;-0.44%;-0.22%;-0.26%;-0.21%;0.00%;-0.23%;-0.60%
06-02-26;-0.30%;0.07%;-0.01%;-0.25%;-0.71%;1.17%;0.87%;1.08%;0.00%;0.94%;0.04%
07-02-26;0.00%;0.00%;0.00%;1.71%;-0.07%;0.02%;0.15%;0.02%;0.00%;0.00%;0.00%
08-02-26;0.00%;0.00%;0.00%;0.00%;0.00%;0.00%;0.00%;0.00%;0.00%;0.00%;0.00%
09-02-26;0.33%;0.05%;0.01%;-0.70%;-0.70%;-0.70%;-0.70%;-0.70%;0.00%;-0.70%;0.34%
10-02-26;-1.99%;-0.01%;0.05%;0.29%;1.55%;-0.59%;-0.35%;-0.51%;0.00%;-0.63%;0.40%
11-02-26;1.70%;0.03%;0.07%;0.21%;0.87%;0.44%;0.32%;0.46%;0.00%;0.21%;0.06%
12-02-26;-2.08%;-0.01%;0.03%;0.00%;0.99%;-0.02%;-0.06%;-0.01%;0.00%;0.04%;0.33%
13-02-26;-0.70%;0.02%;-0.01%;-1.39%;0.15%;0.05%;-0.18%;-0.03%;0.00%;-0.23%;-0.41%
14-02-26;0.00%;0.00%;0.00%;-0.12%;-0.98%;0.18%;-0.06%;0.19%;0.00%;0.00%;0.00%
15-02-26;0.00%;0.00%;0.00%;0.00%;0.00%;0.00%;0.00%;0.00%;0.00%;0.00%;0.00%
16-02-26;0.08%;0.06%;0.02%;1.06%;1.06%;1.06%;1.06%;1.06%;0.00%;1.06%;0.50%
17-02-26;-0.20%;-0.01%;0.00%;-0.10%;0.11%;-0.06%;-0.05%;-0.07%;0.00%;-0.07%;-0.02%
18-02-26;-0.23%;0.04%;0.05%;0.62%;0.48%;0.71%;0.59%;0.79%;0.00%;0.62%;0.21%
19-02-26;-0.44%;-0.06%;0.02%;0.17%;-0.24%;-0.62%;-0.46%;-0.59%;0.00%;-0.57%;-0.05%
20-02-26;0.36%;-0.02%;-0.02%;0.13%;0.56%;0.41%;0.26%;0.34%;0.00%;0.40%;0.18%
21-02-26;0.00%;0.00%;0.00%;0.59%;0.25%;0.05%;0.08%;0.01%;0.00%;0.00%;0.00%
22-02-26;0.00%;0.00%;0.00%;0.00%;0.00%;0.00%;0.00%;0.00%;0.00%;0.00%;0.00%
23-02-26;0.57%;0.08%;0.08%;0.04%;0.04%;0.05%;0.04%;0.04%;0.00%;0.04%;0.54%
24-02-26;0.56%;0.03%;0.00%;-0.81%;1.00%;0.18%;0.03%;0.16%;0.00%;0.02%;-0.04%
25-02-26;1.25%;0.05%;0.02%;0.29%;0.34%;-0.21%;-0.31%;-0.24%;0.00%;-0.22%;0.46%
26-02-26;-0.71%;0.02%;0.04%;-0.07%;0.53%;-0.94%;-0.81%;-0.89%;0.00%;-0.90%;0.10%
27-02-26;-1.44%;0.04%;0.04%;0.16%;0.74%;0.52%;0.37%;0.42%;0.00%;0.42%;0.29%
28-02-26;0.00%;0.00%;0.00%;-0.19%;-0.52%;0.20%;-0.11%;0.03%;0.00%;0.00%;0.00%
01-03-26;0.00%;0.00%;0.00%;0.00%;0.00%;0.00%;0.00%;0.00%;0.00%;0.00%;0.00%
02-03-26;-2.85%;0.11%;0.20%;1.18%;1.18%;1.18%;1.18%;1.18%;0.00%;1.18%;0.48%
03-03-26;-2.83%;-0.08%;0.00%;0.93%;-0.10%;1.17%;1.04%;1.01%;0.00%;1.46%;-0.25%
04-03-26;2.21%;-0.01%;0.05%;0.79%;-1.26%;2.20%;1.99%;2.06%;0.00%;2.47%;-0.66%
05-03-26;-1.73%;0.09%;0.14%;-0.55%;-4.95%;-1.19%;-0.79%;-1.09%;0.00%;-1.24%;-0.50%
06-03-26;0.13%;0.03%;0.20%;0.75%;3.51%;1.10%;1.19%;1.33%;0.00%;1.39%;0.17%
07-03-26;0.00%;0.00%;0.00%;-1.15%;-0.25%;-0.18%;-0.40%;-0.33%;0.00%;0.00%;0.00%
08-03-26;0.00%;0.00%;0.00%;0.00%;0.00%;0.00%;0.00%;0.00%;0.00%;0.00%;0.00%
09-03-26;1.04%;0.11%;0.27%;1.54%;1.54%;1.54%;1.54%;1.54%;0.00%;1.54%;0.29%
10-03-26;1.60%;0.15%;0.10%;-0.34%;-3.64%;-0.53%;-0.79%;-0.82%;0.00%;-0.59%;-0.35%
11-03-26;-0.86%;0.00%;0.03%;-2.03%;0.86%;-2.48%;-2.01%;-2.16%;0.00%;-2.51%;-0.59%
12-03-26;-0.85%;-0.05%;-0.07%;-0.02%;1.07%;-0.16%;-0.06%;0.05%;0.00%;0.24%;-0.15%
13-03-26;0.60%;-0.06%;-0.02%;0.14%;-0.05%;1.30%;1.06%;1.17%;0.00%;1.56%;-0.58%
14-03-26;0.00%;0.00%;0.00%;-0.76%;-1.52%;-0.15%;-0.50%;-0.36%;0.00%;0.00%;0.00%
15-03-26;0.00%;0.00%;0.00%;0.00%;0.00%;0.00%;0.00%;0.00%;0.00%;0.00%;0.00%
16-03-26;1.06%;-0.10%;-0.07%;0.44%;0.44%;0.44%;0.44%;0.44%;0.00%;0.44%;0.00%
17-03-26;0.33%;0.01%;-0.05%;0.39%;0.14%;-0.31%;-0.38%;-0.48%;0.00%;-0.53%;0.56%
18-03-26;0.01%;-0.12%;-0.01%;0.08%;0.79%;-0.16%;-0.06%;-0.20%;0.00%;-0.33%;0.40%
19-03-26;-1.30%;-0.23%;-0.05%;-0.36%;2.17%;0.50%;0.52%;0.48%;0.00%;0.69%;-0.31%
20-03-26;-1.76%;-0.19%;-0.03%;0.10%;-1.87%;0.81%;0.57%;0.52%;0.00%;0.88%;-0.42%
21-03-26;0.00%;0.00%;0.00%;-1.47%;-0.87%;-0.54%;-0.40%;-0.60%;0.00%;0.00%;0.00%
22-03-26;0.00%;0.00%;0.00%;0.00%;0.00%;0.00%;0.00%;0.00%;0.00%;0.00%;0.00%
23-03-26;-0.49%;-0.09%;0.04%;0.34%;0.34%;0.34%;0.34%;0.34%;0.00%;0.34%;-1.14%
24-03-26;-0.24%;0.08%;0.22%;-0.11%;-3.93%;-0.75%;-0.63%;-0.89%;0.00%;-0.93%;-0.09%
25-03-26;1.78%;0.19%;0.21%;-0.05%;1.75%;-0.07%;-0.06%;-0.05%;0.00%;0.07%;-0.13%
26-03-26;-0.13%;0.15%;0.11%;0.64%;1.77%;0.15%;0.15%;0.33%;0.00%;-0.21%;0.73%
27-03-26;0.18%;0.08%;0.09%;-0.57%;-0.62%;0.56%;0.58%;0.66%;0.00%;1.03%;-0.58%
28-03-26;0.00%;0.00%;0.00%;-1.43%;-0.77%;-0.18%;-0.54%;-0.41%;0.00%;0.00%;0.00%
29-03-26;0.00%;0.00%;0.00%;0.00%;0.00%;0.00%;0.00%;0.00%;0.00%;0.00%;0.00%
30-03-26;0.00%;0.16%;0.15%;0.72%;0.72%;0.71%;0.72%;0.72%;0.00%;0.72%;0.06%
31-03-26;1.96%;0.11%;0.13%;-0.18%;-1.55%;0.55%;0.12%;0.25%;0.78%;0.18%;0.19%
01-04-26;1.84%;0.15%;0.09%;1.81%;-1.50%;-0.27%;0.08%;-0.20%;0.00%;-0.44%;0.94%
02-04-26;-0.97%;0.08%;0.01%;0.24%;2.99%;-1.08%;-0.59%;-0.79%;0.00%;-1.25%;0.35%
03-04-26;0.00%;0.00%;0.00%;-0.18%;-1.58%;0.04%;-0.14%;-0.02%;0.00%;0.00%;0.00%
04-04-26;0.00%;0.00%;0.00%;0.06%;0.47%;-0.07%;-0.02%;-0.11%;0.00%;0.00%;0.00%
05-04-26;0.00%;0.00%;0.00%;0.00%;0.00%;0.00%;0.00%;0.00%;0.00%;0.00%;0.00%
06-04-26;-0.37%;0.03%;0.12%;0.68%;0.68%;0.68%;0.68%;0.68%;0.00%;0.68%;0.03%
07-04-26;-1.56%;0.01%;0.14%;-0.52%;-0.21%;-0.79%;-0.69%;-0.74%;0.00%;-0.84%;-0.40%
08-04-26;2.98%;0.11%;0.10%;0.85%;1.55%;0.76%;0.96%;0.93%;0.00%;0.88%;1.09%
09-04-26;0.80%;0.18%;0.08%;-0.03%;2.36%;-2.44%;-1.88%;-2.07%;0.00%;-3.00%;0.53%
10-04-26;1.04%;0.12%;-0.11%;0.16%;-0.84%;-0.29%;0.00%;0.01%;0.00%;-0.12%;0.13%
11-04-26;0.00%;0.00%;0.00%;0.09%;1.24%;-0.09%;0.08%;0.11%;0.00%;0.00%;0.00%
12-04-26;0.00%;0.00%;0.00%;0.00%;0.00%;0.00%;0.00%;0.00%;0.00%;0.00%;0.00%
13-04-26;0.52%;0.13%;0.16%;-0.43%;-0.43%;-0.43%;-0.43%;-0.43%;0.00%;-0.43%;0.15%
14-04-26;1.70%;0.06%;0.03%;1.68%;0.27%;1.01%;1.09%;1.19%;0.00%;1.01%;1.14%
15-04-26;-0.12%;0.10%;0.08%;-0.07%;0.48%;-1.09%;-0.80%;-0.88%;0.00%;-1.39%;0.27%
16-04-26;1.37%;-0.06%;-0.03%;0.43%;1.07%;-0.15%;-0.11%;-0.09%;0.00%;-0.10%;0.20%
17-04-26;-0.39%;-0.16%;-0.10%;0.20%;1.28%;-0.03%;-0.05%;-0.08%;0.00%;0.03%;0.58%
18-04-26;0.00%;0.00%;0.00%;1.19%;-0.38%;0.34%;0.40%;0.40%;0.00%;0.00%;0.00%
19-04-26;0.00%;0.00%;0.00%;0.00%;0.00%;0.00%;0.00%;0.00%;0.00%;0.00%;0.00%
20-04-26;-0.69%;0.01%;-0.01%;-1.13%;-1.13%;-1.13%;-1.13%;-1.13%;0.00%;-1.13%;-0.05%
21-04-26;-1.79%;-0.17%;-0.08%;0.25%;0.76%;0.51%;0.47%;0.57%;0.00%;0.56%;0.09%
22-04-26;-1.05%;-0.09%;-0.03%;0.04%;1.70%;0.58%;0.60%;0.61%;0.00%;0.74%;0.04%
23-04-26;-0.09%;-0.04%;0.04%;0.82%;-0.27%;0.27%;0.22%;0.28%;0.00%;0.23%;0.09%
24-04-26;1.51%;-0.09%;0.01%;-0.09%;-0.22%;0.14%;0.13%;0.11%;0.00%;0.26%;-0.30%
25-04-26;0.00%;0.00%;0.00%;0.44%;0.67%;0.06%;-0.02%;-0.04%;0.00%;0.00%;0.00%
26-04-26;0.00%;0.00%;0.00%;0.00%;0.00%;0.00%;0.00%;0.00%;0.00%;0.00%;0.00%
27-04-26;-0.37%;0.01%;-0.01%;0.32%;0.32%;0.32%;0.32%;0.32%;0.00%;0.32%;0.79%
28-04-26;-1.87%;-0.08%;0.03%;0.03%;1.13%;-0.22%;-0.04%;-0.17%;0.00%;-0.10%;-0.16%
29-04-26;-0.38%;-0.16%;0.05%;-0.32%;-0.60%;0.11%;0.00%;0.08%;0.00%;0.21%;-0.45%
30-04-26;0.45%;0.02%;0.06%;0.48%;0.73%;0.39%;0.51%;0.48%;0.00%;0.64%;0.17%
01-05-26;0.00%;0.00%;0.00%;1.17%;-1.13%;0.12%;0.16%;0.07%;0.00%;0.00%;0.00%
02-05-26;0.00%;0.00%;0.00%;0.29%;0.08%;0.09%;0.22%;0.17%;0.00%;0.00%;0.00%
03-05-26;0.00%;0.00%;0.00%;0.00%;0.00%;0.00%;0.00%;0.00%;0.00%;0.00%;0.00%
04-05-26;-1.61%;0.05%;0.15%;0.14%;0.14%;0.14%;0.14%;0.14%;0.00%;0.14%;0.82%
05-05-26;-0.23%;-0.12%;0.00%;0.19%;3.70%;0.57%;0.56%;0.60%;0.00%;0.77%;0.41%
06-05-26;2.10%;0.02%;-0.04%;0.13%;-0.52%;-0.45%;-0.46%;-0.46%;0.00%;-0.51%;0.59%
07-05-26;-0.59%;-0.01%;-0.18%;0.24%;1.66%;-1.01%;-0.92%;-0.87%;0.00%;-1.39%;0.64%
08-05-26;-0.95%;0.07%;0.07%;-0.84%;0.86%;-0.63%;-0.60%;-0.60%;0.00%;-0.58%;-0.74%
09-05-26;0.00%;0.00%;0.00%;0.36%;-0.73%;0.09%;0.02%;0.03%;0.00%;0.00%;0.00%
10-05-26;0.00%;0.00%;0.00%;0.00%;0.00%;0.00%;0.00%;0.00%;0.00%;0.00%;0.00%
11-05-26;-0.41%;0.18%;0.08%;0.36%;0.36%;0.36%;0.36%;0.36%;0.00%;0.36%;0.46%
12-05-26;-0.54%;0.05%;0.06%;0.56%;1.12%;0.17%;0.37%;0.29%;0.00%;0.38%;0.21%
13-05-26;-2.13%;0.04%;0.04%;0.33%;-0.82%;0.36%;0.33%;0.35%;0.00%;0.63%;-0.48%
14-05-26;0.73%;-0.04%;-0.02%;-0.63%;-0.82%;-1.19%;-1.24%;-1.27%;0.00%;-1.20%;-0.46%
15-05-26;-0.56%;-0.09%;-0.04%;0.81%;0.88%;0.27%;0.22%;0.21%;0.00%;0.20%;-0.29%
16-05-26;0.00%;0.00%;0.00%;-1.34%;-2.83%;-0.53%;-0.47%;-0.57%;0.00%;0.00%;0.00%
17-05-26;0.00%;0.00%;0.00%;0.00%;0.00%;0.00%;0.00%;0.00%;0.00%;0.00%;0.00%
18-05-26;0.63%;-0.04%;0.07%;1.74%;1.74%;1.74%;1.74%;1.74%;0.00%;1.74%;-0.44%
19-05-26;-1.06%;-0.17%;-0.08%;-0.58%;-0.86%;-0.59%;-0.62%;-0.72%;0.00%;-0.56%;-0.51%
20-05-26;2.18%;-0.05%;-0.10%;0.19%;-0.81%;0.46%;0.37%;0.35%;0.00%;0.65%;-0.39%
21-05-26;0.00%;0.00%;0.00%;1.03%;-0.08%;0.43%;0.33%;0.31%;0.00%;0.00%;0.00%
22-05-26;-0.34%;0.10%;0.01%;-0.63%;1.45%;-0.79%;-0.86%;-0.79%;0.00%;-0.87%;1.18%
23-05-26;0.00%;0.00%;0.00%;0.50%;0.64%;0.10%;0.12%;0.10%;0.00%;0.00%;0.00%
24-05-26;0.00%;0.00%;0.00%;0.00%;0.00%;0.00%;0.00%;0.00%;0.00%;0.00%;0.00%
25-05-26;2.23%;0.10%;0.10%;0.02%;0.02%;0.02%;0.02%;0.02%;0.00%;0.02%;0.40%
26-05-26;-0.74%;-0.06%;-0.04%;-0.37%;0.76%;-0.53%;-0.65%;-0.74%;0.00%;-0.74%;0.22%
27-05-26;0.83%;-0.11%;-0.10%;0.43%;0.69%;0.34%;0.42%;0.59%;0.00%;0.16%;0.97%
28-05-26;0.48%;-0.09%;-0.13%;-0.05%;1.10%;0.08%;0.15%;0.23%;0.00%;0.01%;0.02%
29-05-26;-0.83%;-0.03%;0.05%;0.16%;-1.03%;-0.07%;-0.07%;-0.03%;0.00%;-0.21%;0.20%
30-05-26;0.00%;0.00%;0.00%;0.39%;1.58%;0.16%;0.22%;0.26%;0.00%;0.00%;0.00%
31-05-26;0.00%;0.00%;0.00%;0.00%;0.00%;0.00%;0.00%;0.00%;0.00%;0.00%;0.00%
01-06-26;-1.37%;0.10%;0.12%;-0.25%;-0.25%;-0.25%;-0.25%;-0.25%;0.00%;-0.25%;-0.15%
02-06-26;-1.38%;-0.04%;0.00%;0.19%;1.45%;0.06%;0.17%;0.21%;0.00%;0.25%;0.29%
03-06-26;-0.94%;-0.07%;-0.05%;-0.14%;0.41%;-0.38%;-0.36%;-0.36%;0.00%;-0.51%;-0.37%
04-06-26;-0.51%;0.04%;-0.03%;0.02%;0.60%;0.45%;0.47%;0.51%;0.00%;0.67%;-0.03%
05-06-26;-0.28%;0.01%;-0.10%;0.46%;-1.54%;0.14%;0.18%;0.18%;0.00%;0.08%;-0.48%
06-06-26;0.00%;0.00%;0.00%;-2.27%;-2.39%;-0.23%;-0.36%;-0.31%;0.00%;0.00%;0.00%
07-06-26;0.00%;0.00%;0.00%;0.00%;0.00%;0.00%;0.00%;0.00%;0.00%;0.00%;0.00%
08-06-26;-1.02%;-0.02%;-0.01%;1.70%;1.70%;1.69%;1.70%;1.70%;0.00%;1.70%;-0.82%
09-06-26;2.95%;-0.02%;-0.10%;0.95%;-2.73%;0.82%;0.88%;0.78%;0.00%;0.94%;0.44%
10-06-26;-0.47%;0.01%;0.00%;-0.48%;3.09%;-0.12%;-0.15%;-0.13%;0.00%;-0.27%;0.45%
11-06-26;2.53%;-0.02%;-0.04%;-1.39%;-2.67%;-0.10%;-0.15%;-0.13%;0.00%;-0.05%;-1.00%
12-06-26;1.57%;0.05%;-0.06%;0.57%;-0.87%;-0.45%;-0.52%;-0.41%;0.00%;-0.76%;1.05%
13-06-26;0.00%;0.00%;0.00%;0.90%;3.07%;0.07%;0.30%;0.25%;0.00%;0.00%;0.00%
14-06-26;0.00%;0.00%;0.00%;0.00%;0.00%;0.00%;0.00%;0.00%;0.00%;0.00%;0.00%
15-06-26;-0.36%;0.24%;0.11%;-1.08%;-1.08%;-1.08%;-1.08%;-1.08%;0.00%;-1.08%;0.68%
16-06-26;0.17%;0.16%;0.07%;0.53%;1.74%;-0.83%;-0.65%;-0.68%;0.00%;-1.02%;0.77%
17-06-26;-0.80%;0.10%;0.02%;-0.79%;0.24%;-0.32%;-0.41%;-0.35%;0.00%;-0.41%;-0.62%
18-06-26;0.14%;-0.08%;-0.06%;-1.14%;0.09%;-0.45%;-0.53%;-0.53%;0.00%;-0.35%;-0.68%
19-06-26;0.38%;-0.09%;-0.01%;2.14%;1.97%;1.66%;1.41%;1.65%;0.00%;1.54%;1.43%
20-06-26;0.00%;0.00%;0.00%;-0.14%;-0.20%;-0.14%;-0.03%;0.00%;0.00%;0.00%;0.00%
21-06-26;0.00%;0.00%;0.00%;0.00%;0.00%;0.00%;0.00%;0.00%;0.00%;0.00%;0.00%
22-06-26;0.11%;0.03%;0.01%;0.38%;0.38%;0.38%;0.38%;0.38%;0.00%;0.38%;0.19%
23-06-26;-1.12%;-0.01%;-0.01%;0.46%;1.50%;0.53%;0.52%;0.42%;0.00%;0.57%;0.68%
24-06-26;-0.83%;0.10%;0.06%;-0.36%;-2.83%;1.19%;0.87%;0.98%;0.00%;1.08%;-0.53%
25-06-26;0.26%;0.13%;0.08%;0.45%;0.44%;0.94%;0.63%;0.84%;0.00%;0.64%;0.48%
26-06-26;0.46%;0.00%;0.06%;-0.27%;1.01%;-0.43%;-0.37%;-0.41%;0.00%;-0.48%;-0.14%
27-06-26;0.00%;0.00%;0.00%;-0.20%;-2.87%;0.06%;-0.01%;-0.01%;0.00%;0.00%;0.00%
28-06-26;0.00%;0.00%;0.00%;0.00%;0.00%;0.00%;0.00%;0.00%;0.00%;0.00%;0.00%
29-06-26;0.00%;0.00%;0.00%;0.00%;0.00%;0.00%;0.00%;0.00%;0.00%;0.00%;0.00%
30-06-26;0.70%;0.02%;0.04%;1.56%;0.63%;0.61%;0.74%;0.65%;0.00%;0.58%;0.48%
01-07-26;-0.22%;-0.09%;-0.08%;0.72%;0.94%;-0.24%;0.05%;-0.12%;0.00%;-0.01%;0.29%
02-07-26;-0.16%;0.04%;-0.03%;0.31%;0.52%;0.42%;0.46%;0.38%;0.00%;0.56%;0.09%
03-07-26;0.21%;0.01%;-0.01%;-0.22%;-2.77%;-0.64%;-0.46%;-0.59%;0.00%;-0.61%;-1.00%
04-07-26;0.00%;0.00%;0.00%;0.21%;2.20%;-0.04%;0.00%;0.00%;0.00%;0.00%;0.00%
05-07-26;0.00%;0.00%;0.00%;0.00%;0.00%;0.00%;0.00%;0.00%;0.00%;0.00%;0.00%
06-07-26;0.48%;0.07%;0.10%;0.00%;0.00%;0.00%;0.00%;0.00%;0.00%;0.00%;0.41%
07-07-26;1.21%;0.01%;-0.03%;0.96%;0.49%;0.55%;0.62%;0.64%;0.00%;0.49%;0.49%
08-07-26;-0.64%;-0.04%;0.15%;-0.33%;-1.87%;-0.17%;0.07%;-0.12%;0.00%;0.12%;-1.10%
09-07-26;0.62%;-0.03%;0.09%;0.24%;0.33%;0.60%;0.67%;0.63%;0.00%;0.90%;0.07%
10-07-26;0.25%;-0.02%;0.02%;0.11%;-0.82%;-0.59%;-0.59%;-0.60%;0.00%;-0.72%;0.71%
11-07-26;0.00%;0.00%;0.00%;0.34%;0.89%;0.04%;0.00%;0.04%;0.00%;0.00%;0.00%
12-07-26;0.00%;0.00%;0.00%;0.00%;0.00%;0.00%;0.00%;0.00%;0.00%;0.00%;0.00%
13-07-26;-1.07%;-0.11%;-0.01%;-0.44%;-0.44%;-0.44%;-0.44%;-0.44%;0.00%;-0.44%;-0.38%
14-07-26;0.79%;-0.17%;-0.06%;-0.23%;-2.04%;0.21%;0.28%;0.24%;0.00%;0.42%;-0.75%
15-07-26;-0.66%;-0.04%;-0.02%;0.01%;-0.22%;-0.30%;-0.34%;-0.41%;0.00%;-0.44%;0.27%
16-07-26;0.00%;0.00%;0.00%;0.38%;2.11%;0.08%;0.11%;0.06%;0.00%;0.00%;0.00%
17-07-26;-0.54%;0.02%;0.07%;-0.49%;-1.46%;-0.10%;-0.05%;-0.09%;0.00%;-0.03%;-0.76%
18-07-26;0.00%;0.00%;0.00%;-0.97%;-2.63%;0.04%;-0.08%;-0.02%;0.00%;0.00%;0.00%
19-07-26;0.00%;0.00%;0.00%;0.00%;0.00%;0.00%;0.00%;0.00%;0.00%;0.00%;0.00%
20-07-26;0.07%;0.04%;0.01%;1.01%;1.01%;1.01%;1.01%;1.01%;0.00%;1.01%;-0.36%
21-07-26;0.45%;-0.22%;-0.02%;-0.39%;-0.33%;-0.25%;-0.15%;-0.18%;0.00%;-0.10%;-0.12%
22-07-26;0.53%;-0.22%;-0.05%;0.87%;2.22%;-0.13%;-0.10%;-0.12%;0.00%;-0.02%;0.70%
23-07-26;-0.81%;-0.02%;-0.07%;0.40%;0.45%;0.27%;0.30%;0.22%;0.00%;0.38%;0.12%
24-07-26;0.31%;-0.01%;-0.05%;-0.08%;2.10%;0.84%;0.63%;0.65%;0.00%;1.05%;0.40%
25-07-26;0.00%;0.00%;0.00%;0.14%;-2.65%;0.10%;-0.01%;0.00%;0.00%;0.00%;0.00%
26-07-26;0.00%;0.00%;0.00%;0.00%;0.00%;0.00%;0.00%;0.00%;0.00%;0.00%;0.00%
27-07-26;0.02%;0.07%;0.06%;-0.01%;-0.01%;-0.01%;-0.01%;-0.01%;0.00%;-0.01%;-0.25%
28-07-26;-0.72%;0.11%;0.03%;-0.30%;0.49%;-0.20%;-0.34%;-0.20%;0.00%;-0.45%;-0.33%
29-07-26;0.49%;-0.01%;0.02%;-0.53%;-4.38%;-0.45%;-0.54%;-0.50%;0.00%;-0.61%;-1.27%
30-07-26;0.78%;-0.06%;-0.04%;-1.23%;-1.51%;-0.29%;-0.22%;-0.28%;0.00%;-0.06%;-0.74%
31-07-26;-0.13%;-0.01%;0.01%;0.46%;-0.93%;-1.18%;-0.89%;-1.34%;0.00%;-1.16%;0.35%
01-08-26;0.00%;-0.07%;-0.04%;0.00%;0.00%;0.00%;0.00%;0.00%;0.00%;0.00%;0.00%
02-08-26;0.00%;0.00%;0.00%;0.54%;6.38%;-0.15%;0.06%;0.00%;0.00%;-0.41%;0.00%
03-08-26;0.24%;-0.06%;-0.09%;0.39%;0.39%;0.39%;0.39%;0.39%;0.00%;0.39%;0.87%
04-08-26;-0.41%;0.07%;0.05%;0.79%;-1.24%;-0.18%;-0.08%;-0.09%;0.00%;-0.38%;0.29%
05-08-26;1.38%;0.10%;0.02%;0.32%;-1.13%;-0.87%;-0.83%;-0.80%;0.00%;-1.13%;0.57%
06-08-26;1.04%;0.07%;0.04%;-0.21%;1.84%;-0.22%;-0.20%;-0.16%;0.00%;-0.32%;0.07%
07-08-26;-0.12%;0.15%;0.07%;0.11%;-1.45%;0.09%;0.16%;0.13%;0.00%;0.25%;0.11%
08-08-26;0.00%;0.00%;0.00%;0.67%;-0.03%;0.06%;0.16%;0.13%;0.00%;0.00%;0.00%
09-08-26;0.00%;0.00%;0.00%;0.00%;0.00%;0.00%;0.00%;0.00%;0.00%;0.00%;0.00%
10-08-26;0.14%;0.12%;0.07%;-0.23%;-0.23%;-0.23%;-0.23%;-0.23%;0.00%;-0.23%;0.05%
11-08-26;-1.14%;-0.09%;-0.01%;0.49%;1.23%;0.26%;0.43%;0.38%;0.00%;0.50%;0.18%
;;;;;;;;;;;
;;;;;;;;;;;
;;;;;;;;;;;
;;;;;;;;;;;
;;;;;;;;;;;
;;;;;;;;;;;
;;;;;;;;;;;
;;;;;;;;;;;
;;;;;;;;;;;
;;;;;;;;;;;
;;;;;;;;;;;
;;;;;;;;;;;
;;;;;;;;;;;
;;;;;;;;;;;
;;;;;;;;;;;
;;;;;;;;;;;
;;;;;;;;;;;
;;;;;;;;;;;
;;;;;;;;;;;
;;;;;;;;;;;
;;;;;;;;;;;
;;;;;;;;;;;
;;;;;;;;;;;
;;;;;;;;;;;
;;;;;;;;;;;
;;;;;;;;;;;
;;;;;;;;;;;
;;;;;;;;;;;
;;;;;;;;;;;
;;;;;;;;;;;
;;;;;;;;;;;
;;;;;;;;;;;
;;;;;;;;;;;
;;;;;;;;;;;
;;;;;;;;;;;
;;;;;;;;;;;
;;;;;;;;;;;
;;;;;;;;;;;
;;;;;;;;;;;
;;;;;;;;;;;
;;;;;;;;;;;
;;;;;;;;;;;
;;;;;;;;;;;
;;;;;;;;;;;
;;;;;;;;;;;
;;;;;;;;;;;
;;;;;;;;;;;
;;;;;;;;;;;
;;;;;;;;;;;
;;;;;;;;;;;
;;;;;;;;;;;
;;;;;;;;;;;
;;;;;;;;;;;
;;;;;;;;;;;
;;;;;;;;;;;
;;;;;;;;;;;
;;;;;;;;;;;
;;;;;;;;;;;
;;;;;;;;;;;
;;;;;;;;;;;
;;;;;;;;;;;
;;;;;;;;;;;
;;;;;;;;;;;
;;;;;;;;;;;
;;;;;;;;;;;
;;;;;;;;;;;
;;;;;;;;;;;
;;;;;;;;;;;
;;;;;;;;;;;
;;;;;;;;;;;
;;;;;;;;;;;
;;;;;;;;;;;
;;;;;;;;;;;
;;;;;;;;;;;
;;;;;;;;;;;
;;;;;;;;;;;
;;;;;;;;;;;
;;;;;;;;;;;
;;;;;;;;;;;
;;;;;;;;;;;
;;;;;;;;;;;
;;;;;;;;;;;
;;;;;;;;;;;
;;;;;;;;;;;
;;;;;;;;;;;
;;;;;;;;;;;
;;;;;;;;;;;
;;;;;;;;;;;
;;;;;;;;;;;
;;;;;;;;;;;
;;;;;;;;;;;
;;;;;;;;;;;
;;;;;;;;;;;
;;;;;;;;;;;
;;;;;;;;;;;
;;;;;;;;;;;
;;;;;;;;;;;
;;;;;;;;;;;
;;;;;;;;;;;
;;;;;;;;;;;
;;;;;;;;;;;
;;;;;;;;;;;
;;;;;;;;;;;
;;;;;;;;;;;
;;;;;;;;;;;
;;;;;;;;;;;
;;;;;;;;;;;
;;;;;;;;;;;
;;;;;;;;;;;
;;;;;;;;;;;
;;;;;;;;;;;
;;;;;;;;;;;
;;;;;;;;;;;
;;;;;;;;;;;
;;;;;;;;;;;
;;;;;;;;;;;
;;;;;;;;;;;
;;;;;;;;;;;
;;;;;;;;;;;
;;;;;;;;;;;
;;;;;;;;;;;
;;;;;;;;;;;
;;;;;;;;;;;
;;;;;;;;;;;
;;;;;;;;;;;
;;;;;;;;;;;
;;;;;;;;;;;
;;;;;;;;;;;
;;;;;;;;;;;
;;;;;;;;;;;
;;;;;;;;;;;
;;;;;;;;;;;
;;;;;;;;;;;
;;;;;;;;;;;
;;;;;;;;;;;
;;;;;;;;;;;
;;;;;;;;;;;
;;;;;;;;;;;
;;;;;;;;;;;
;;;;;;;;;;;
;;;;;;;;;;;
;;;;;;;;;;;
;;;;;;;;;;;
;;;;;;;;;;;
;;;;;;;;;;;
;;;;;;;;;;;
;;;;;;;;;;;
;;;;;;;;;;;
;;;;;;;;;;;
;;;;;;;;;;;
;;;;;;;;;;;
;;;;;;;;;;;
;;;;;;;;;;;
;;;;;;;;;;;
;;;;;;;;;;;
;;;;;;;;;;;
;;;;;;;;;;;
;;;;;;;;;;;
;;;;;;;;;;;
;;;;;;;;;;;
;;;;;;;;;;;
;;;;;;;;;;;
;;;;;;;;;;;
;;;;;;;;;;;
;;;;;;;;;;;
;;;;;;;;;;;
;;;;;;;;;;;
;;;;;;;;;;;
;;;;;;;;;;;
;;;;;;;;;;;
;;;;;;;;;;;
;;;;;;;;;;;
;;;;;;;;;;;
;;;;;;;;;;;
;;;;;;;;;;;
;;;;;;;;;;;
;;;;;;;;;;;
;;;;;;;;;;;
;;;;;;;;;;;
;;;;;;;;;;;
;;;;;;;;;;;
;;;;;;;;;;;
;;;;;;;;;;;
;;;;;;;;;;;
;;;;;;;;;;;
;;;;;;;;;;;
;;;;;;;;;;;
;;;;;;;;;;;
;;;;;;;;;;;
;;;;;;;;;;;
;;;;;;;;;;;
;;;;;;;;;;;
;;;;;;;;;;;
;;;;;;;;;;;
;;;;;;;;;;;
;;;;;;;;;;;
;;;;;;;;;;;
;;;;;;;;;;;
;;;;;;;;;;;
;;;;;;;;;;;
;;;;;;;;;;;
;;;;;;;;;;;
;;;;;;;;;;;
;;;;;;;;;;;
;;;;;;;;;;;
;;;;;;;;;;;
;;;;;;;;;;;
;;;;;;;;;;;
;;;;;;;;;;;
;;;;;;;;;;;
;;;;;;;;;;;
;;;;;;;;;;;
;;;;;;;;;;;
;;;;;;;;;;;
;;;;;;;;;;;
;;;;;;;;;;;
;;;;;;;;;;;
;;;;;;;;;;;
;;;;;;;;;;;
;;;;;;;;;;;
;;;;;;;;;;;
;;;;;;;;;;;
;;;;;;;;;;;
;;;;;;;;;;;
;;;;;;;;;;;
;;;;;;;;;;;
;;;;;;;;;;;
;;;;;;;;;;;
;;;;;;;;;;;
;;;;;;;;;;;
;;;;;;;;;;;
;;;;;;;;;;;
;;;;;;;;;;;
;;;;;;;;;;;
;;;;;;;;;;;
;;;;;;;;;;;
;;;;;;;;;;;
;;;;;;;;;;;
;;;;;;;;;;;
;;;;;;;;;;;
;;;;;;;;;;;
;;;;;;;;;;;
;;;;;;;;;;;
;;;;;;;;;;;
;;;;;;;;;;;
;;;;;;;;;;;
;;;;;;;;;;;
;;;;;;;;;;;
;;;;;;;;;;;
;;;;;;;;;;;
;;;;;;;;;;;
;;;;;;;;;;;
;;;;;;;;;;;
;;;;;;;;;;;
;;;;;;;;;;;
;;;;;;;;;;;
;;;;;;;;;;;
;;;;;;;;;;;
;;;;;;;;;;;
;;;;;;;;;;;
;;;;;;;;;;;
;;;;;;;;;;;
;;;;;;;;;;;
;;;;;;;;;;;
;;;;;;;;;;;
;;;;;;;;;;;
;;;;;;;;;;;
;;;;;;;;;;;
;;;;;;;;;;;
;;;;;;;;;;;
;;;;;;;;;;;
;;;;;;;;;;;
;;;;;;;;;;;
;;;;;;;;;;;
;;;;;;;;;;;
;;;;;;;;;;;
;;;;;;;;;;;
;;;;;;;;;;;
;;;;;;;;;;;
;;;;;;;;;;;
;;;;;;;;;;;
;;;;;;;;;;;
;;;;;;;;;;;
;;;;;;;;;;;
;;;;;;;;;;;
;;;;;;;;;;;
;;;;;;;;;;;
;;;;;;;;;;;
;;;;;;;;;;;
;;;;;;;;;;;
;;;;;;;;;;;
;;;;;;;;;;;
;;;;;;;;;;;
;;;;;;;;;;;
;;;;;;;;;;;
;;;;;;;;;;;
;;;;;;;;;;;
;;;;;;;;;;;
;;;;;;;;;;;
;;;;;;;;;;;
;;;;;;;;;;;
;;;;;;;;;;;
;;;;;;;;;;;
;;;;;;;;;;;
;;;;;;;;;;;
;;;;;;;;;;;
;;;;;;;;;;;
;;;;;;;;;;;
;;;;;;;;;;;
;;;;;;;;;;;
;;;;;;;;;;;
;;;;;;;;;;;
;;;;;;;;;;;
;;;;;;;;;;;
;;;;;;;;;;;
;;;;;;;;;;;
;;;;;;;;;;;
;;;;;;;;;;;
;;;;;;;;;;;
;;;;;;;;;;;
;;;;;;;;;;;
;;;;;;;;;;;
;;;;;;;;;;;
;;;;;;;;;;;
;;;;;;;;;;;
;;;;;;;;;;;
;;;;;;;;;;;
;;;;;;;;;;;
;;;;;;;;;;;
;;;;;;;;;;;
;;;;;;;;;;;
;;;;;;;;;;;
;;;;;;;;;;;
;;;;;;;;;;;
;;;;;;;;;;;
;;;;;;;;;;;
;;;;;;;;;;;
;;;;;;;;;;;
;;;;;;;;;;;
;;;;;;;;;;;
;;;;;;;;;;;
;;;;;;;;;;;
;;;;;;;;;;;
;;;;;;;;;;;
;;;;;;;;;;;
;;;;;;;;;;;
;;;;;;;;;;;
;;;;;;;;;;;
;;;;;;;;;;;
;;;;;;;;;;;
;;;;;;;;;;;
;;;;;;;;;;;
;;;;;;;;;;;
;;;;;;;;;;;
;;;;;;;;;;;
;;;;;;;;;;;
;;;;;;;;;;;
;;;;;;;;;;;
;;;;;;;;;;;
;;;;;;;;;;;
;;;;;;;;;;;
;;;;;;;;;;;
;;;;;;;;;;;
;;;;;;;;;;;
;;;;;;;;;;;
;;;;;;;;;;;
;;;;;;;;;;;
;;;;;;;;;;;
;;;;;;;;;;;
;;;;;;;;;;;
;;;;;;;;;;;
;;;;;;;;;;;
;;;;;;;;;;;
;;;;;;;;;;;
;;;;;;;;;;;
;;;;;;;;;;;
;;;;;;;;;;;
;;;;;;;;;;;
;;;;;;;;;;;
;;;;;;;;;;;
;;;;;;;;;;;
;;;;;;;;;;;
;;;;;;;;;;;
;;;;;;;;;;;
;;;;;;;;;;;
;;;;;;;;;;;
;;;;;;;;;;;
;;;;;;;;;;;
;;;;;;;;;;;
;;;;;;;;;;;
;;;;;;;;;;;
;;;;;;;;;;;
;;;;;;;;;;;
;;;;;;;;;;;
;;;;;;;;;;;
;;;;;;;;;;;
;;;;;;;;;;;
;;;;;;;;;;;
;;;;;;;;;;;
;;;;;;;;;;;
;;;;;;;;;;;
;;;;;;;;;;;
;;;;;;;;;;;
;;;;;;;;;;;
;;;;;;;;;;;
;;;;;;;;;;;
;;;;;;;;;;;
;;;;;;;;;;;
;;;;;;;;;;;
;;;;;;;;;;;
;;;;;;;;;;;
;;;;;;;;;;;
;;;;;;;;;;;
;;;;;;;;;;;
;;;;;;;;;;;
;;;;;;;;;;;
;;;;;;;;;;;
;;;;;;;;;;;
;;;;;;;;;;;
;;;;;;;;;;;
;;;;;;;;;;;
;;;;;;;;;;;
;;;;;;;;;;;
;;;;;;;;;;;
;;;;;;;;;;;
;;;;;;;;;;;
;;;;;;;;;;;
;;;;;;;;;;;
;;;;;;;;;;;
;;;;;;;;;;;
;;;;;;;;;;;
;;;;;;;;;;;
;;;;;;;;;;;
;;;;;;;;;;;
;;;;;;;;;;;
;;;;;;;;;;;
;;;;;;;;;;;
;;;;;;;;;;;
;;;;;;;;;;;
;;;;;;;;;;;
;;;;;;;;;;;
;;;;;;;;;;;
;;;;;;;;;;;
;;;;;;;;;;;
;;;;;;;;;;;
;;;;;;;;;;;
;;;;;;;;;;;
;;;;;;;;;;;
;;;;;;;;;;;
;;;;;;;;;;;
;;;;;;;;;;;
;;;;;;;;;;;
;;;;;;;;;;;
;;;;;;;;;;;
;;;;;;;;;;;
;;;;;;;;;;;
;;;;;;;;;;;
;;;;;;;;;;;
;;;;;;;;;;;
;;;;;;;;;;;
;;;;;;;;;;;
;;;;;;;;;;;
;;;;;;;;;;;
;;;;;;;;;;;
;;;;;;;;;;;
;;;;;;;;;;;
;;;;;;;;;;;
;;;;;;;;;;;
;;;;;;;;;;;
;;;;;;;;;;;
;;;;;;;;;;;
;;;;;;;;;;;
;;;;;;;;;;;
;;;;;;;;;;;
;;;;;;;;;;;
;;;;;;;;;;;
;;;;;;;;;;;
;;;;;;;;;;;
;;;;;;;;;;;
;;;;;;;;;;;
;;;;;;;;;;;
;;;;;;;;;;;
;;;;;;;;;;;
;;;;;;;;;;;
;;;;;;;;;;;
;;;;;;;;;;;
;;;;;;;;;;;
;;;;;;;;;;;
;;;;;;;;;;;
;;;;;;;;;;;
;;;;;;;;;;;
;;;;;;;;;;;
;;;;;;;;;;;
;;;;;;;;;;;
;;;;;;;;;;;
;;;;;;;;;;;
;;;;;;;;;;;
;;;;;;;;;;;
;;;;;;;;;;;
;;;;;;;;;;;
;;;;;;;;;;;
;;;;;;;;;;;
;;;;;;;;;;;
;;;;;;;;;;;
;;;;;;;;;;;
;;;;;;;;;;;
;;;;;;;;;;;
;;;;;;;;;;;
;;;;;;;;;;;
;;;;;;;;;;;
;;;;;;;;;;;
;;;;;;;;;;;
;;;;;;;;;;;
;;;;;;;;;;;
;;;;;;;;;;;
;;;;;;;;;;;
;;;;;;;;;;;
;;;;;;;;;;;
;;;;;;;;;;;
;;;;;;;;;;;
;;;;;;;;;;;
;;;;;;;;;;;
;;;;;;;;;;;
;;;;;;;;;;;
;;;;;;;;;;;
;;;;;;;;;;;
;;;;;;;;;;;
;;;;;;;;;;;
;;;;;;;;;;;
;;;;;;;;;;;
;;;;;;;;;;;
;;;;;;;;;;;
;;;;;;;;;;;
;;;;;;;;;;;
;;;;;;;;;;;
;;;;;;;;;;;
;;;;;;;;;;;
;;;;;;;;;;;
;;;;;;;;;;;
;;;;;;;;;;;
;;;;;;;;;;;
;;;;;;;;;;;
;;;;;;;;;;;
;;;;;;;;;;;
;;;;;;;;;;;
;;;;;;;;;;;
;;;;;;;;;;;
;;;;;;;;;;;
;;;;;;;;;;;
;;;;;;;;;;;
;;;;;;;;;;;
;;;;;;;;;;;
;;;;;;;;;;;
;;;;;;;;;;;
;;;;;;;;;;;
;;;;;;;;;;;
;;;;;;;;;;;
;;;;;;;;;;;
;;;;;;;;;;;
;;;;;;;;;;;
;;;;;;;;;;;
;;;;;;;;;;;
;;;;;;;;;;;
;;;;;;;;;;;
;;;;;;;;;;;
;;;;;;;;;;;
;;;;;;;;;;;
;;;;;;;;;;;
;;;;;;;;;;;
;;;;;;;;;;;
;;;;;;;;;;;
;;;;;;;;;;;
;;;;;;;;;;;
;;;;;;;;;;;
;;;;;;;;;;;
;;;;;;;;;;;
;;;;;;;;;;;
;;;;;;;;;;;
;;;;;;;;;;;
;;;;;;;;;;;
;;;;;;;;;;;
;;;;;;;;;;;
;;;;;;;;;;;
;;;;;;;;;;;
;;;;;;;;;;;
;;;;;;;;;;;
;;;;;;;;;;;
;;;;;;;;;;;
;;;;;;;;;;;
;;;;;;;;;;;
;;;;;;;;;;;
;;;;;;;;;;;
;;;;;;;;;;;
;;;;;;;;;;;
;;;;;;;;;;;
;;;;;;;;;;;
;;;;;;;;;;;
;;;;;;;;;;;
;;;;;;;;;;;
;;;;;;;;;;;
;;;;;;;;;;;
;;;;;;;;;;;
;;;;;;;;;;;
;;;;;;;;;;;
;;;;;;;;;;;
;;;;;;;;;;;
;;;;;;;;;;;
;;;;;;;;;;;
;;;;;;;;;;;
;;;;;;;;;;;
;;;;;;;;;;;
;;;;;;;;;;;
;;;;;;;;;;;
;;;;;;;;;;;
;;;;;;;;;;;
;;;;;;;;;;;
;;;;;;;;;;;
;;;;;;;;;;;
;;;;;;;;;;;
;;;;;;;;;;;
;;;;;;;;;;;
;;;;;;;;;;;
;;;;;;;;;;;
;;;;;;;;;;;
;;;;;;;;;;;
;;;;;;;;;;;
;;;;;;;;;;;
;;;;;;;;;;;
;;;;;;;;;;;
;;;;;;;;;;;
;;;;;;;;;;;
;;;;;;;;;;;
;;;;;;;;;;;
;;;;;;;;;;;
;;;;;;;;;;;
;;;;;;;;;;;
;;;;;;;;;;;
;;;;;;;;;;;
;;;;;;;;;;;
;;;;;;;;;;;
;;;;;;;;;;;
;;;;;;;;;;;
;;;;;;;;;;;
;;;;;;;;;;;
;;;;;;;;;;;
;;;;;;;;;;;
;;;;;;;;;;;
;;;;;;;;;;;
;;;;;;;;;;;
;;;;;;;;;;;
;;;;;;;;;;;
;;;;;;;;;;;
;;;;;;;;;;;
